"ID","DATA_PUBLICACAO","ANO","TITULO","VEICULO","URL","TIPO_DE_VEICULO","PAUTA_PRINCIPAL","SUBPAUTA","MUNICIPIO","REGIAO","RESUMO","ATUACAO_DE_PEPE_COLLACO","RELEVANCIA","PALAVRAS_CHAVE","PROJETO_OU_OBRA_RELACIONADA","VALOR_RECURSO","CITACAO_DE_PEPE","LINK_VALIDADO","OBSERVACOES"
"1","22/07/2022","2022","Duplicação da SC-370, entre Tubarão a Braço do Norte, volta a ser requerida","Notisul","https://www.notisul.com.br/duplicacao-da-sc-370-entre-tubarao-a-braco-do-norte-volta-a-ser-requerida/","Jornal regional (portal)","INFRAESTRUTURA","SC-370; duplicação; rodovias","Tubarão; Braço do Norte; São Ludgero; Gravatal; Grão-Pará; Rio Fortuna","Sul de SC / AMUREL","Em plenário da Assembleia Legislativa, o parlamentar reforça o pedido de duplicação da SC-370 entre Tubarão e Braço do Norte, apontando a rodovia como eixo essencial de ligação entre litoral, Vale e Planalto Sul.","Autor do requerimento e da manifestação em plenário pela duplicação da SC-370.","ALTA","SC-370; duplicação; rodovia; Amurel","Duplicação da SC-370 (Tubarão a Braço do Norte)","","SIM","SIM","Publicada em julho/2022, durante período em que exercia o mandato como suplente; anterior ao início da legislatura 2023-2026."
"2","22/07/2022","2022","Nova emergência do HNSC é tema de reunião com deputado","Notisul","https://www.notisul.com.br/nova-emergencia-do-hnsc-e-tema-de-reuniao-com-deputado/","Jornal regional (portal)","SAÚDE","Hospital Nossa Senhora da Conceição; emergência","Tubarão","Sul de SC / AMUREL","Reunião entre a direção do Hospital Nossa Senhora da Conceição e o deputado para discutir a viabilização da nova emergência, estimada em R$ 15 milhões, e a situação física e financeira da instituição.","Participou da reunião e assumiu o compromisso de buscar meios de viabilizar a nova emergência do HNSC.","ALTA","HNSC; hospital; emergência; Tubarão","Nova emergência do Hospital Nossa Senhora da Conceição","R$ 15 milhões","SIM","SIM","Publicada em julho/2022, durante período de suplência; anterior ao início da legislatura 2023-2026."
"3","13/09/2022","2022","Confira a entrevista com o candidato a deputado estadual Pepê Collaço (PP)","UNITV","https://unitv.com.br/1/confira-a-entrevista-com-o-candidato-a-deputado-estadual-pepe-collaco-pp/","Emissora de TV regional","PERFIL E ENTREVISTA","Entrevista; perfil; trajetória","Tubarão; Braço do Norte","Sul de SC / AMUREL","Entrevista com o então candidato, que apresenta sua trajetória de vereador, vice-prefeito e prefeito de Tubarão, a passagem pela AGR e a experiência de 30 dias como suplente na Alesc em 2018.","Entrevistado; a matéria é a principal fonte jornalística sobre sua trajetória política anterior ao mandato.","ALTA","entrevista; trajetória; Tubarão; AGR; suplência","","","SIM","SIM","Entrevista eleitoral de 2022, anterior ao mandato; útil como referência biográfica."
"4","15/02/2023","2023","Pepê Collaço apresenta indicação para ensino gratuito acessível também para universidades particulares","Hora Hiper","https://horahiper.com.br/geral/pepe-collaco-apresenta-indicacao-para-ensino-gratuito-acessivel-tambem-para-universidades-particulares-13692","Portal de notícias regional","EDUCAÇÃO","Universidade Gratuita; bolsas; indicação","Tubarão; Capivari de Baixo","Sul de SC / AMUREL","Na tribuna da Alesc, o deputado apresenta indicação para que o programa de ensino gratuito alcance também instituições particulares de ensino superior, encaminhando o pedido ao governador e ao secretário de Educação.","Autor da indicação, que é o assunto central da matéria.","ALTA","Universidade Gratuita; bolsas; ensino superior; indicação","Indicação para ampliar o ensino gratuito a universidades particulares","","SIM","SIM","Primeira manifestação registrada na pauta de educação superior, ainda em 2023."
"5","05/04/2023","2023","Vereadores e representantes da AMA participam do lançamento da Frente Parlamentar em Defesa das Pessoas com Espectro Autista","Rádio Capinzal","https://capinzalfm.com.br/noticia/frente-parlamentar-em-defesa-das-pessoas-com-espectro-autista-e-lancada-na-alesc","Site de rádio","AUTISMO E INCLUSÃO","Frente Parlamentar; lançamento; AMA","Capinzal; Fraiburgo; Anita Garibaldi; Treze Tílias","Meio-Oeste / Estadual","Cobertura do lançamento da Frente Parlamentar em Defesa das Pessoas com Espectro Autista na Alesc, em 4 de abril de 2023, com participação de vereadores e representantes das AMAs do Meio-Oeste.","Autor e coordenador da Frente Parlamentar em Defesa das Pessoas com Espectro Autista, lançada na Alesc.","ALTA","Frente Parlamentar; autismo; TEA; AMA; Alesc","Frente Parlamentar em Defesa das Pessoas com Espectro Autista","","SIM","SIM","Registro externo do marco inicial da bandeira do autismo, em abril de 2023."
"6","01/05/2023","2023","Terminal de cargas é alternativa de desenvolvimento para o Aeroporto de Jaguaruna","Sul Agora","https://sulagora.com.br/geral/terminal-de-cargas-e-alternativa-de-desenvolvimento-para-o-aeroporto-de-jaguaruna-13801","Portal de notícias regional","DESENVOLVIMENTO REGIONAL","Aeroporto Sul; concessão; terminal de cargas","Jaguaruna","Sul de SC / AMUREL","Reportagem defende a inclusão de um terminal de cargas no contrato de concessão do Aeroporto Regional Sul, em Jaguaruna, como alternativa de desenvolvimento para o equipamento.","Defendeu publicamente a inclusão do terminal de cargas na concessão à iniciativa privada e realizou visita técnica ao aeroporto.","ALTA","Aeroporto de Jaguaruna; terminal de cargas; concessão","Concessão do Aeroporto Regional Sul (Jaguaruna)","","NÃO","SIM",""
"7","07/07/2023","2023","Pedras Grandes é incluída na Rota Turística das Águas Termais de SC","Sulinfoco","https://www.sulinfoco.com.br/pedras-grandes-e-incluida-na-rota-turistica-das-aguas-termais-de-sc/","Portal de notícias regional","TURISMO","Rota turística; águas termais; projeto de lei","Pedras Grandes; Gravatal; Santa Rosa de Lima; Tubarão; Santo Amaro da Imperatriz; Águas Mornas; São Bonifácio","Sul de SC / AMUREL e Grande Florianópolis","A aprovação na Assembleia Legislativa do projeto que institui a Rota Turística das Águas Termais abre novo caminho de desenvolvimento para Pedras Grandes. A rota abrange sete municípios, quatro deles na Amurel.","Autor do projeto de lei aprovado na Alesc que institui a Rota Turística das Águas Termais.","ALTA","Rota das Águas Termais; turismo; Pedras Grandes; projeto de lei","Rota Turística das Águas Termais","","NÃO","SIM","Marco inicial da pauta de turismo termal, ainda em 2023."
"8","23/08/2023","2023","Alesc aprova projeto de alteração de limites territoriais entre Imbituba, Laguna e Garopaba","UNITV","https://unitv.com.br/geral/alesc-aprova-projeto-de-alteracao-de-limites-territoriais-entre-imbituba-laguna-e-garopaba/","Emissora de TV regional","PROJETOS DE LEI","Limites municipais; litoral sul","Imbituba; Laguna; Garopaba","Sul de SC / AMUREL e Grande Florianópolis","A Assembleia aprova projeto que altera limites territoriais entre Imbituba e Laguna, ampliado por emenda para incluir também Garopaba.","Relator do projeto; apresentou a emenda que ampliou a proposta para abranger os limites de Garopaba, com base em informação técnica da prefeitura local.","ALTA","limites municipais; Imbituba; Laguna; Garopaba; relatoria","Projeto de alteração de limites territoriais (PL 26/2023)","","NÃO","SIM",""
"9","23/08/2023","2023","Comissão da ALESC acata novos limites entre Imbituba, Laguna e Garopaba; mudanças afetariam Ponta Rasa, Boa Vista, Itapirubá, Rosa e Ouvidor","Portal AHora","https://portalahora.com.br/noticias/comissao-da-alesc-acata-novos-limites-entre-imbituba-laguna-e-garopaba-mudancas-afetariam-ponta-rasa-boa-vista-itapiruba-rosa-e-ouvidor/","Portal de notícias regional","PROJETOS DE LEI","Limites municipais; litoral sul","Imbituba; Laguna; Garopaba","Sul de SC / AMUREL e Grande Florianópolis","A CCJ acata o projeto que redefine os limites entre Imbituba, Laguna e Garopaba, com detalhamento das localidades afetadas: Ponta Rasa, Boa Vista, Itapirubá, Rosa e Ouvidor.","Relator do projeto na CCJ; apresentou a emenda que incluiu as alterações no limite de Garopaba com base em informação técnica da prefeitura.","ALTA","limites municipais; Imbituba; Laguna; Garopaba; CCJ; relatoria","Projeto de alteração de limites territoriais (PL 26/2023)","","SIM","SIM",""
"10","29/08/2023","2023","Projeto que garante escolha dos pais sobre atividades de gênero na escola avança em SC","ACI Digital","https://www.acidigital.com/noticia/56025/projeto-que-garante-escolha-dos-pais-sobre-atividades-de-genero-na-escola-avanca-em-sc","Portal nacional","PROJETOS DE LEI","Educação; relatoria na CCJ","Santa Catarina","Santa Catarina / Estadual","Projeto que garante aos pais a escolha sobre a participação dos filhos em atividades escolares relacionadas a gênero avança na Alesc, com parecer do relator sustentando a convencionalidade da proposta.","Relator do projeto de lei na Assembleia Legislativa; fundamentou o parecer na Convenção Interamericana de Direitos Humanos.","ALTA","relatoria; educação; CCJ; projeto de lei","Projeto de lei sobre atividades escolares e gênero","Multas de R$ 1.000 a R$ 10.000 previstas no projeto","SIM","SIM","Repercussão nacional de uma relatoria de 2023; pauta sensível."
"11","06/10/2023","2023","Deputado Pepê Collaço inicia diálogo com empresários de Tubarão e região","RCN Online","https://www.rcnonline.com.br/parlamento/deputado_pepe_collaco_inicia_dialogo_com_empresarios_de_tubarao_e_regiao.548650","Portal de notícias estadual","DESENVOLVIMENTO REGIONAL","Empresariado; demandas regionais","Tubarão; Jaguaruna; Imbituba","Sul de SC / AMUREL","Visita à Associação Empresarial de Tubarão abre uma série de diálogos com associações empresariais da região. Na pauta: fortalecimento do Aeroporto de Jaguaruna, investimentos no Porto de Imbituba, o Hospital Nossa Senhora da Conceição e melhorias na SC-370.","Coordenador da Bancada do Sul; conduz a série de diálogos com o empresariado e define as prioridades regionais discutidas.","ALTA","empresariado; Acit; Aeroporto de Jaguaruna; Porto de Imbituba; SC-370; HNSC","","","NÃO","SIM","Boa referência de 2023 para a articulação econômica regional."
"12","25/01/2024","2024","Pepê Collaço e Zé Milton Scheffer definem as prioridades para 2024","4oito","https://www.4oito.com.br/noticia/pepe-collaco-e-ze-milton-scheffer-definem-as-prioridades-para-2024-73173","Portal de notícias regional","INFRAESTRUTURA","Prioridades regionais; hospitais; rodovias","Içara; Braço do Norte; Laguna; Criciúma; Cocal do Sul; Turvo; Tubarão; Jaguaruna; Imbituba; Urussanga","Sul de SC / AMUREL, AMREC e AMESC","Reportagem sobre as prioridades de infraestrutura e saúde definidas para 2024 pelos deputados da região, com recursos para hospitais, rodovias estaduais (SC-445, SC-370, SC-108), viaturas e quartel de bombeiros.","Coordenador da Bancada do Sul; é um dos dois protagonistas da reportagem e define as prioridades regionais do ano.","ALTA","prioridades 2024; hospitais; SC-370; SC-445; SC-108; Bancada do Sul","Hospital São Donato; Hospital de Braço do Norte; rodovias SC-370, SC-445 e SC-108","R$ 3 milhões (Hospital São Donato); R$ 2 milhões (Hospital de Braço do Norte); R$ 2 milhões (carros elétricos Criciúma); R$ 2 milhões (quartel de bombeiros Cocal do Sul); R$ 200 milhões (SC-108)","SIM","SIM","Excelente fonte para a pauta de saúde e infraestrutura de 2024."
"13","14/03/2024","2024","Pescaria Brava poderá ter linha de ônibus com Tarifa Zero","Sul Agora","https://sulagora.com.br/geral/pescaria-brava-podera-ter-linha-de-onibus-com-tarifa-zero-16845","Portal de notícias regional","DESENVOLVIMENTO REGIONAL","Mobilidade; transporte público; Tarifa Zero","Pescaria Brava","Sul de SC / AMUREL","Pescaria Brava é apresentada ao Ministério das Cidades, em Brasília, para aderir ao programa Tarifa Zero de transporte coletivo.","O gabinete do deputado, por meio de seu chefe de gabinete, conduziu a articulação em Brasília ao lado do prefeito de Pescaria Brava.","MÉDIA","Tarifa Zero; mobilidade; Pescaria Brava; Ministério das Cidades","Programa Tarifa Zero em Pescaria Brava","","NÃO","SIM","A articulação foi conduzida pelo chefe de gabinete, não pelo deputado pessoalmente."
"14","23/04/2024","2024","Rede Feminina de Tubarão recebe R$ 100 mil via emenda parlamentar","Hora Certa Notícias","https://www.hcnoticias.com.br/geral/68157/rede-feminina-de-tubarao-recebe-r-100-mil-via-emenda-parlamentar","Portal de notícias regional","SAÚDE","Entidades sociais; combate ao câncer; emenda","Tubarão","Sul de SC / AMUREL","A Rede Feminina de Combate ao Câncer de Tubarão é contemplada com emenda parlamentar de R$ 100 mil destinada a suprir necessidades de manutenção da instituição.","Autor da emenda parlamentar de R$ 100 mil destinada à entidade.","ALTA","Rede Feminina; câncer; Tubarão; emenda","Emenda para a Rede Feminina de Combate ao Câncer de Tubarão","R$ 100 mil","NÃO","SIM",""
"15","13/06/2024","2024","Ótima notícia: projeto de redragagem do Rio Tubarão será atualizado pela UFSC","Hora Hiper","https://horahiper.com.br/geral/otima-noticia-projeto-de-redragagem-do-rio-tubarao-sera-atualizado-pela-ufsc-20861","Portal de notícias regional","INFRAESTRUTURA","Redragagem do Rio Tubarão; UFSC","Tubarão; Laguna; Capivari de Baixo","Sul de SC / AMUREL","O projeto de redragagem do Rio Tubarão, estimado em R$ 586 milhões, será atualizado pelo Ceped da UFSC.","Criador da Frente Parlamentar das Dragagens dos Rios Catarinenses e articulador da atualização do projeto.","ALTA","redragagem; Rio Tubarão; UFSC; Frente Parlamentar das Dragagens","Redragagem do Rio Tubarão","R$ 586 milhões","SIM","SIM",""
"16","19/11/2024","2024","Empresário Eraldo Tadeu da Rosa recebe Comenda do Legislativo Catarinense","Notisul","https://www.notisul.com.br/empresario-eraldo-tadeu-da-rosa-recebe-comenda-do-legislativo-catarinense/","Jornal regional (portal)","HOMENAGENS","Homenagem; Comenda do Legislativo","Tubarão","Sul de SC / AMUREL","O empresário Eraldo Tadeu da Rosa recebe a Comenda do Legislativo Catarinense, maior honraria da Assembleia, por sua contribuição ao desenvolvimento regional.","Autor da indicação que concedeu a honraria; participou da homenagem e falou sobre o homenageado.","ALTA","Comenda do Legislativo; homenagem; Tubarão","Comenda do Legislativo Catarinense","","SIM","SIM",""
"17","04/12/2024","2024","Assembleia Legislativa aprova mudanças nos limites entre municípios do Litoral Sul","UNITV","https://unitv.com.br/geral/assembleia-legislativa-aprova-mudancas-nos-limites-entre-municipios-do-litoral-sul/","Emissora de TV regional","PROJETOS DE LEI","Limites municipais; litoral sul","Imbituba; Laguna; Garopaba","Sul de SC / AMUREL e Grande Florianópolis","A Assembleia aprova as mudanças nos limites entre municípios do Litoral Sul, incluindo alterações entre Imbituba e Garopaba sugeridas por emenda parlamentar.","Sugeriu as emendas que ampliaram o projeto para abranger alterações nos limites entre Imbituba e Garopaba.","MÉDIA","limites municipais; Imbituba; Garopaba; Laguna","Projeto de alteração de limites territoriais","","NÃO","SIM",""
"18","07/01/2025","2025","Santa Catarina será o primeiro estado a ter Censo de Transtorno do Espectro Autista","NSC Total (coluna Dagmara Spautz)","https://www.nsctotal.com.br/colunista/dagmara-spautz/santa-catarina-sera-o-primeiro-estado-a-ter-censo-de-transtorno-do-espectro-autista","Portal de notícias estadual (coluna)","AUTISMO E INCLUSÃO","Censo TEA; Acafe; políticas públicas","Santa Catarina","Santa Catarina / Estadual","Coluna estadual anuncia que Santa Catarina será o primeiro estado do país a realizar um Censo do Transtorno do Espectro Autista, aplicado em plataforma virtual pelas universidades do sistema Acafe nos 295 municípios.","O censo é resultado do trabalho da Frente Parlamentar em Defesa das Pessoas com TEA na Alesc, presidida por ele.","ALTA","censo TEA; autismo; Acafe; Alesc; políticas públicas","Censo Estadual do Transtorno do Espectro Autista","","NÃO","SIM","Principal repercussão estadual do censo TEA."
"19","13/01/2025","2025","Pioneiro no Brasil, Censo Estadual de Santa Catarina vai mapear pessoas com autismo e garantir mais inclusão","Ligado no Sul","https://www.ligadonosul.com.br/geral/pioneiro-no-brasil-censo-estadual-de-santa-catarina-vai-mapear-pessoas-com-autismo-e-garantir-mais-inclusao/","Portal de notícias regional","AUTISMO E INCLUSÃO","Censo TEA; Frente Parlamentar; inclusão","Santa Catarina","Santa Catarina / Estadual","Reportagem sobre o Censo Estadual do Transtorno do Espectro Autista, primeiro do país, conduzido pela Alesc por meio da Frente Parlamentar em Defesa da Pessoa com Autismo e executado pela Acafe.","Autor do projeto do censo e da Frente Parlamentar em Defesa da Pessoa com Autismo, origem institucional da iniciativa.","ALTA","censo TEA; autismo; Acafe; Frente Parlamentar; inclusão","Censo Estadual do Transtorno do Espectro Autista","","NÃO","SIM",""
"20","21/01/2025","2025","Hospital Santa Otília recebe gerador adquirido com emenda do deputado Pepê Collaço","Ligado no Sul","https://www.ligadonosul.com.br/saude/hospital-santa-otilia-recebe-gerador-adquirido-com-emenda-do-deputado-pepe-collaco/","Portal de notícias regional","SAÚDE","Hospital filantrópico; equipamento; emenda","Orleans","Sul de SC / AMREC","Visita a Orleans marca a entrega do gerador instalado no Hospital Santa Otília, adquirido com emenda parlamentar do deputado, equipamento que dá mais segurança ao atendimento em emergências e quedas de energia.","Autor da emenda parlamentar que financiou a compra e instalação do gerador.","ALTA","Hospital Santa Otília; Orleans; gerador; emenda; saúde","Gerador do Hospital Santa Otília","","NÃO","SIM","A mesma matéria foi reproduzida pelo Imprensa News Sul; mantida apenas a versão original do Ligado no Sul."
"21","24/01/2025","2025","Alesc observa situação da APA da Baleia Franca em Jaguaruna","SCTodoDia","https://sctd.com.br/meio-ambiente/alesc-observa-situacao-da-apa-da-baleia-franca-em-jaguaruna/","Portal de notícias regional","DESENVOLVIMENTO REGIONAL","APA da Baleia Franca; meio ambiente; licenciamento","Jaguaruna","Sul de SC / AMUREL","A Alesc acompanha os efeitos das restrições da APA da Baleia Franca sobre o desenvolvimento de Jaguaruna. O deputado critica o entrave ao desenvolvimento regional e compara a situação com a de outros balneários catarinenses.","Principal voz da reportagem: cobra revisão da legislação da APA para conciliar preservação e desenvolvimento no litoral sul.","ALTA","APA Baleia Franca; Jaguaruna; meio ambiente; desenvolvimento regional","","","SIM","SIM",""
"22","29/01/2025","2025","Projetos para redragagem no Porto de Laguna ainda não foram licitados","Sul Agora","https://sulagora.com.br/geral/projetos-para-redragagem-no-porto-de-laguna-ainda-nao-foram-licitados-20107","Portal de notícias regional","INFRAESTRUTURA","Redragagem; Porto de Laguna; licitação","Laguna; Tubarão","Sul de SC / AMUREL","Reportagem cobra o atraso na licitação dos projetos de redragagem do Porto de Laguna, com R$ 5 milhões já assegurados. O deputado critica publicamente a morosidade do governo do Estado.","Coordenador da Bancada do Sul e principal voz de cobrança pública pela abertura da licitação dos projetos.","ALTA","redragagem; Porto de Laguna; licitação; Bancada do Sul","Projetos básico e executivo de redragagem do Porto de Laguna","R$ 5 milhões","SIM","SIM",""
"23","03/02/2025","2025","EXCLUSIVA: Pepê Collaço sobre Júlio Garcia na ALESC","SCTodoDia","https://sctd.com.br/politica/exclusiva-pepe-collaco-sobre-julio-garcia-na-alesc/","Portal de notícias regional","POLÍTICA E ARTICULAÇÃO","Entrevista; Alesc; representatividade do Sul","Tubarão; Criciúma","Sul de SC / AMUREL","Entrevista exclusiva concedida à Rádio Cidade de Tubarão em que o deputado comenta a eleição de Júlio Garcia para a presidência da Alesc e o ganho de espaço político do Sul catarinense.","Entrevistado exclusivo; a matéria registra seus cargos: presidente da CCJ, coordenador da Bancada do Sul e criador da Frente Parlamentar em Defesa do Autismo.","MÉDIA","Alesc; Júlio Garcia; CCJ; Bancada do Sul; autismo","","","SIM","SIM",""
"24","04/02/2025","2025","Redragagem do Porto de Laguna e Rio Tubarão são temas de reunião na Acit","TubaNews","https://tubanews.com.br/geral/redragagem-do-porto-de-laguna-e-rio-tubarao-sao-temas-de-reuniao-na-acit-63638","Portal de notícias local","INFRAESTRUTURA","Redragagem; Acit; empresariado","Tubarão; Laguna","Sul de SC / AMUREL","Reunião na Associação Empresarial de Tubarão discute a redragagem do Porto de Laguna e do Rio Tubarão. O deputado confirma que a Bancada do Sul destinou R$ 5 milhões sete meses antes, mas a licitação ainda não havia sido lançada.","Convidado principal do encontro; expõe a articulação da Bancada do Sul e cobra celeridade do governo do Estado.","ALTA","redragagem; Acit; Porto de Laguna; Rio Tubarão; Bancada do Sul","Projetos de redragagem do Porto de Laguna e Rio Tubarão","R$ 5 milhões","SIM","SIM",""
"25","04/02/2025","2025","Licitação para projeto pode sair em 60 dias, indica secretaria, após cobrança de deputado","Agora Laguna","https://agoralaguna.com.br/2025/02/licitacao-para-projeto-pode-sair-em-60-dias-indica-secretaria-apos-cobranca-de-deputado/","Portal de notícias regional","INFRAESTRUTURA","Redragagem; Porto de Laguna; licitação","Laguna; Tubarão","Sul de SC / AMUREL","Após cobrança pública do deputado, a Secretaria de Portos, Aeroportos e Ferrovias informa que a licitação dos projetos de redragagem da área do Porto de Laguna deve sair em cerca de 60 dias.","Coordenador da Bancada do Sul; sua cobrança pública é o fato gerador da resposta oficial do governo do Estado.","ALTA","redragagem; Porto de Laguna; licitação; SPAF; Acit","Projetos básico e executivo de redragagem do Porto de Laguna","","SIM","SIM","Demonstra efeito prático da cobrança parlamentar."
"26","06/02/2025","2025","Pepê Collaço presidirá a CCJ da Assembleia Legislativa em 2025","Hora Hiper","https://horahiper.com.br/geral/pepe-collaco-presidira-a-ccj-da-assembleia-legislativa-em-2025-24162","Portal de notícias regional","ATUAÇÃO LEGISLATIVA","CCJ; Alesc; atuação legislativa","Tubarão; Braço do Norte","Sul de SC / AMUREL","O deputado é escolhido presidente da Comissão de Constituição e Justiça da Alesc, tornando-se o primeiro parlamentar da região da Amurel a ocupar o cargo, com mandato até o fim de 2026.","É o protagonista da matéria: eleito presidente da CCJ, uma das comissões mais estratégicas do Legislativo catarinense.","ALTA","CCJ; Alesc; Amurel; presidência de comissão","Presidência da CCJ (biênio 2025-2026)","","SIM","SIM","Marco institucional do mandato."
"27","10/02/2025","2025","""Não quero pensar agora"", diz Pepê sobre eleição","SCTodoDia","https://sctd.com.br/politica/nao-quero-pensar-nisso-agora-diz-pepe-sobre-eleicao","Portal de notícias regional","ATUAÇÃO LEGISLATIVA","Perfil; CCJ; autismo; Bancada do Sul","Tubarão; Criciúma","Sul de SC / AMUREL","Perfil e entrevista após ele se tornar o primeiro deputado da região da Amurel a presidir a CCJ da Alesc. Aborda a Frente Parlamentar em Defesa da Pessoa com Autismo, a autoria do censo TEA, a presidência da Comissão da Criança e do Adolescente e a saída da coordenação da Bancada do Sul.","Entrevistado e assunto central; a matéria consolida seus principais cargos e bandeiras no mandato.","ALTA","CCJ; Amurel; autismo; censo TEA; Bancada do Sul","Censo Estadual do TEA","","SIM","SIM","Boa fonte biográfica do mandato."
"28","20/02/2025","2025","Presidente do Legislativo pleiteia recursos para Içara","TN Sul","https://tnsul.com/2025/02/20/presidente-do-legislativo-pleiteia-recursos-para-icara/","Portal de notícias regional","DESENVOLVIMENTO REGIONAL","Emendas; ação social; bem-estar animal","Içara","Sul de SC / AMREC","O presidente da Câmara de Içara visita o gabinete do deputado em Florianópolis e apresenta demandas do município nas áreas de ação social e bem-estar animal.","Recebeu as demandas do município e assumiu o compromisso de viabilizar recursos por emenda parlamentar.","MÉDIA","Içara; emenda; ação social; bem-estar animal","","","NÃO","SIM",""
"29","17/03/2025","2025","Comitiva catarinense visita a sede da multinacional Eikto, na China","TubaNews","https://tubanews.com.br/geral/comitiva-catarinense-visita-a-sede-da-multinacional-eikto-na-china-64011","Portal de notícias local","ECONOMIA","Missão internacional; Eikto; investimento","Laguna; Tubarão","Sul de SC / AMUREL","Comitiva catarinense visita na China a sede da Eikto, fabricante de baterias de lítio que projeta investimento em Santa Catarina.","Integrou a comitiva como membro da Comissão de Comércio Exterior da Alesc e comentou o porte do investimento.","MÉDIA","Eikto; China; baterias de lítio; comércio exterior; investimento","Investimento da Eikto em Laguna","","SIM","SIM",""
"30","26/03/2025","2025","Projeto de Lei que reajusta salário mínimo regional de SC é aprovado pela CCJ","Ligado no Sul","https://www.ligadonosul.com.br/economia/projeto-de-lei-que-reajusta-salario-minimo-regional-de-sc-e-aprovado-pela-ccj/","Portal de notícias regional","ECONOMIA","Salário mínimo regional; CCJ; relatoria","Santa Catarina","Santa Catarina / Estadual","A CCJ aprova parecer favorável ao PLC 5/2025, que reajusta em 7,2% o salário mínimo regional catarinense, retroativo a 1º de janeiro, com novos valores em quatro faixas salariais.","Presidente da CCJ e relator da matéria; defendeu o acordo entre trabalhadores e setor produtivo como base do reajuste.","ALTA","salário mínimo regional; CCJ; relatoria; PLC 5/2025","PLC 5/2025 (salário mínimo regional)","Faixas de R$ 1.730,00 a R$ 1.978,00","SIM","SIM",""
"31","01/04/2025","2025","Deputado Tiago Zilli assume a coordenação da Bancada do Sul","ND Mais","https://ndmais.com.br/politica/deputado-tiago-zilli-assume-a-coordenacao-da-bancada-do-sul/","Portal de notícias estadual","POLÍTICA E ARTICULAÇÃO","Bancada do Sul; Alesc","Santa Catarina","Sul de SC","Tiago Zilli assume a coordenação da Bancada do Sul, colegiado que até então era comandado por Pepê Collaço. A matéria lista os integrantes do grupo.","Coordenador anterior da Bancada do Sul, que passa o comando do colegiado após um ano de gestão.","MÉDIA","Bancada do Sul; Alesc; Tiago Zilli","","","NÃO","SIM",""
"32","02/04/2025","2025","Deputado Pepê Collaço passa coordenação da Bancada do Sul para o deputado Tiago Zilli","Ligado no Sul","https://www.ligadonosul.com.br/politica/deputado-pepe-collaco-passa-coordenacao-da-bancada-do-sul-para-o-deputado-tiago-zilli/","Portal de notícias regional","POLÍTICA E ARTICULAÇÃO","Bancada do Sul; Alesc","Orleans; Laguna; Içara; Criciúma","Sul de SC","O deputado passa oficialmente a coordenação da Bancada do Sul a Tiago Zilli, após um ano à frente do colegiado.","Protagonista da matéria: encerra sua gestão como coordenador da Bancada do Sul e faz o balanço do período.","ALTA","Bancada do Sul; Alesc; Tiago Zilli; coordenação","Coordenação da Bancada do Sul (2024-2025)","","SIM","SIM",""
"33","08/04/2025","2025","Morro dos Cavalos é pauta de audiência em Brasília","SCTodoDia","https://sctd.com.br/politica/morro-dos-cavalos-e-pauta-de-audiencia-em-brasilia","Portal de notícias regional","INFRAESTRUTURA","BR-101; túnel do Morro dos Cavalos; Bancada do Sul","Palhoça","Grande Florianópolis / Impacto no Sul de SC","A Bancada do Sul da Alesc pede audiência em Brasília para cobrar a retomada das obras do túnel do Morro dos Cavalos na BR-101, orçado em cerca de R$ 1 bilhão.","Integra e articula a Bancada do Sul na cobrança federal pela obra; é a fonte que lamenta a paralisação.","MÉDIA","Morro dos Cavalos; BR-101; túnel; Bancada do Sul","Túnel do Morro dos Cavalos (BR-101)","R$ 1 bilhão","SIM","SIM",""
"34","08/04/2025","2025","Bancada do Sul cobra túnel urgente no Morro dos Cavalos após novo acidente","Notisul","https://notisul.com.br/bancada-do-sul-cobra-tunel-urgente-no-morro-dos-cavalos-apos-novo-acidente/","Jornal regional (portal)","INFRAESTRUTURA","BR-101; túnel; Bancada do Sul","Palhoça; Capivari de Baixo","Grande Florianópolis / Sul de SC","Após novo acidente na BR-101, a Bancada do Sul apresenta moção e pede audiência com o presidente da República e o ministro dos Transportes para destravar o túnel do Morro dos Cavalos, obra de cerca de R$ 1 bilhão.","Lidera a cobrança pública pela obra e classifica a situação como tragédia anunciada; é a principal voz da reportagem.","ALTA","Morro dos Cavalos; BR-101; túnel; Bancada do Sul","Túnel do Morro dos Cavalos (BR-101)","R$ 1 bilhão","SIM","SIM",""
"35","09/04/2025","2025","Projeto de redragagem do Rio Tubarão deve estar atualizado até o fim de 2025","TubaNews","https://tubanews.com.br/geral/projeto-de-redragagem-do-rio-tubarao-deve-estar-atualizado-ate-o-fim-de-2025-64249","Portal de notícias local","INFRAESTRUTURA","Redragagem do Rio Tubarão; UFSC; Defesa Civil","Tubarão; Laguna","Sul de SC / AMUREL","Reunião na Secretaria de Proteção e Defesa Civil aponta que o projeto atualizado de redragagem do Rio Tubarão deve ficar pronto até o fim de 2025.","Coordenador da Frente Parlamentar das Dragagens dos Rios Catarinenses; participou da reunião e avaliou os avanços apresentados.","ALTA","redragagem; Rio Tubarão; UFSC; Frente Parlamentar das Dragagens","Redragagem do Rio Tubarão","","SIM","SIM",""
"36","17/04/2025","2025","Estudantes da Unisul vão até Alesc pedir apoio contra o corte de bolsas","UNITV","https://unitv.com.br/educacao/estudantes-da-unisul-vao-ate-alesc-pedir-apoio-para-manter-bolsas/","Emissora de TV regional","EDUCAÇÃO","Universidade Gratuita; bolsas; Unisul","Tubarão","Sul de SC / AMUREL","Comitiva de estudantes da Unisul vai à Alesc pedir apoio contra o corte de bolsas do Universidade Gratuita. O deputado recebe o grupo e afirma que busca solução junto ao governo estadual.","Recebeu a comitiva e assumiu publicamente o compromisso de buscar solução legislativa que amplie o número de bolsas em universidades particulares.","ALTA","Universidade Gratuita; Unisul; bolsas; Alesc","Programa Universidade Gratuita","","SIM","SIM",""
"37","07/05/2025","2025","Redragagem do rio Tubarão pode não ser incluída no Orçamento da forma como foi anunciada","Agora Laguna","https://agoralaguna.com.br/2025/05/redragagem-do-rio-tubarao-pode-nao-ser-incluida-no-orcamento-da-forma-como-foi-anunciada/","Portal de notícias regional","INFRAESTRUTURA","Redragagem; orçamento estadual; BIRD","Tubarão; Laguna; Armazém","Sul de SC / AMUREL","Reportagem confronta o anúncio da inclusão da redragagem do Rio Tubarão no Orçamento estadual com declaração do governador. O deputado esclarece a diferença entre o financiamento do BIRD e a emenda de R$ 80 milhões que a Bancada do Sul tentou incluir na Assembleia.","Fonte central da matéria: responde à repercussão e explica a tramitação da emenda de R$ 80 milhões e do financiamento do BIRD.","ALTA","redragagem; Rio Tubarão; orçamento; BIRD; Bancada do Sul","Redragagem do Rio Tubarão","R$ 80 milhões (emenda tentada pela Bancada do Sul)","SIM","SIM","Matéria de checagem; registra também o contraponto do governo do Estado."
"38","01/06/2025","2025","Cocal do Sul busca apoio do Estado para transformar 24h em UPA","TN Sul","https://tnsul.com/2025/06/01/cocal-do-sul-busca-apoio-do-estado-para-transformar-24h-em-upa/","Portal de notícias regional","SAÚDE","Exames de imagem; UPA; fila do SUS","Cocal do Sul; Urussanga; Morro da Fumaça","Sul de SC / AMREC","Cocal do Sul busca apoio do Estado para transformar o pronto atendimento 24h em UPA. O município já tem garantidos R$ 600 mil de emenda do deputado para a compra de equipamentos de raio-x e ultrassom.","Autor da emenda de R$ 600 mil destinada à aquisição de equipamentos de raio-x e ultrassom para o município.","MÉDIA","Cocal do Sul; UPA; raio-x; ultrassom; emenda","Equipamentos de raio-x e ultrassom para Cocal do Sul","R$ 600 mil","NÃO","SIM",""
"39","04/06/2025","2025","SC tem mais de 91 mil pessoas com diagnóstico de autismo","SCTodoDia","https://sctd.com.br/regioes/santa-catarina/sc-tem-mais-de-91-mil-pessoas-com-diagnostico-de-autismo","Portal de notícias regional","AUTISMO E INCLUSÃO","Censo TEA; dados; políticas públicas","Santa Catarina; Tubarão; Criciúma; Laguna; Imbituba; Itajaí; Florianópolis; Blumenau","Santa Catarina / Estadual","Divulgação dos dados que apontam mais de 91 mil pessoas com diagnóstico de autismo em Santa Catarina. A reportagem destaca que a falta de dados detalhados dificultava a implementação de políticas públicas.","Coordenador da Frente Parlamentar em Defesa dos Direitos das Pessoas com TEA, é a fonte central que interpreta os dados e defende seu uso para políticas públicas.","ALTA","autismo; TEA; censo; dados; Frente Parlamentar","Censo Estadual do Transtorno do Espectro Autista","","SIM","SIM",""
"40","10/06/2025","2025","Volta da disciplina Educação Moral e Cívica é aprovada na CCJ da Assembleia Legislativa","UNITV","https://unitv.com.br/destaque/volta-da-disciplina-educacao-moral-e-civica-e-aprovada-na-ccj-da-assembleia-legislativa/","Emissora de TV regional","PROJETOS DE LEI","Educação; currículo escolar","Santa Catarina","Santa Catarina / Estadual","A CCJ aprova projeto que propõe o retorno da disciplina Educação Moral e Cívica ao currículo das escolas públicas e privadas de Santa Catarina.","Autor do projeto de lei que é o assunto central da reportagem.","ALTA","Educação Moral e Cívica; currículo; CCJ; projeto de lei","Projeto de lei de retorno da Educação Moral e Cívica","","SIM","SIM",""
"41","24/06/2025","2025","Com presença de alunos da Unisul, CCJ aprova projetos que alteram o Universidade Gratuita e Fumdesc em SC","Hora Certa Notícias","https://hcnoticias.com.br/geral/75944/com-presenca-de-alunos-da-unisul-ccj-aprova-projetos-que-alteram-o-universidade-gratuita-e-fumdesc-em-sc","Portal de notícias regional","EDUCAÇÃO","Universidade Gratuita; Fumdesc; relatoria","Tubarão","Sul de SC / AMUREL","A CCJ aprova, por unanimidade, os projetos que alteram o Universidade Gratuita e o Fumdesc, com presença de alunos da Unisul. O programa envolve cerca de R$ 230 milhões anuais em bolsas.","Relator do PLC 9/2025 e da MP 265/2025; apresentou emenda substitutiva global para reforçar a obrigação do Estado quanto às dívidas dos estudantes.","ALTA","Universidade Gratuita; Fumdesc; Unisul; CCJ; relatoria","PLC 9/2025 e MP 265/2025 (Universidade Gratuita e Fumdesc)","R$ 230 milhões anuais","NÃO","SIM",""
"42","25/06/2025","2025","Mudanças no Universidade Gratuita são discutidas","Diário do Sul","https://diariodosul.com.br/geral/mudancas-no-universidade-gratuita-sao-discutidas-69452","Jornal regional","EDUCAÇÃO","Universidade Gratuita; Fumdesc; emenda","Tubarão; Gravatal","Sul de SC / AMUREL","Reportagem sobre as mudanças discutidas no programa Universidade Gratuita, com destaque para a Emenda Substitutiva Global que busca garantir a conclusão antecipada dos processos seletivos e incluir alunos do Fumdesc no programa.","Autor da Emenda Substitutiva Global ao projeto de lei complementar que altera as regras do Universidade Gratuita.","ALTA","Universidade Gratuita; Fumdesc; emenda substitutiva; bolsas","Emenda Substitutiva Global ao PLC do Universidade Gratuita","","NÃO","SIM",""
"43","10/07/2025","2025","Capivari de Baixo busca segunda vara judicial para acelerar processos","Portal Infosul","https://www.portalinfosul.com.br/capivari-de-baixo-busca-segunda-vara-judicial-para-acelerar-processos/","Portal de notícias regional","SEGURANÇA E JUSTIÇA","Justiça; comarca; Capivari de Baixo","Capivari de Baixo","Sul de SC / AMUREL","Representantes de Capivari de Baixo se reúnem na Alesc com os deputados Pepê Collaço e Júlio Garcia para tratar da criação da segunda vara judicial da comarca.","Recebeu a comitiva e assumiu publicamente o compromisso de apoiar a criação da segunda vara da comarca.","ALTA","comarca; vara judicial; Capivari de Baixo; Alesc","Criação da segunda vara da comarca de Capivari de Baixo","","SIM","SIM",""
"44","15/07/2025","2025","Bancada do Sul pede criação de nova vara na comarca de Capivari de Baixo","TN Sul","https://tnsul.com/2025/07/15/bancada-do-sul-pede-criacao-de-nova-vara-na-comarca-de-capivari-de-baixo/","Portal de notícias regional","SEGURANÇA E JUSTIÇA","Justiça; comarca; Capivari de Baixo","Capivari de Baixo; Braço do Norte; São Ludgero","Sul de SC / AMUREL","A Bancada do Sul leva ao Tribunal de Justiça de Santa Catarina o pedido de criação de uma segunda vara na comarca de Capivari de Baixo, que acumula mais de 12 mil processos.","Solicitante da reunião com o TJSC e principal voz na defesa da criação da nova vara judicial.","ALTA","comarca; vara judicial; Capivari de Baixo; TJSC","Criação da segunda vara da comarca de Capivari de Baixo","","SIM","SIM",""
"45","17/07/2025","2025","Universitários da Unisul voltam à Alesc para pedir mudanças no Universidade Gratuita","UNITV","https://unitv.com.br/destaque/universitarios-da-unisul-voltam-a-alesc-para-pedir-mudancas-no-universidade-gratuita/","Emissora de TV regional","EDUCAÇÃO","Universidade Gratuita; bolsas; Unisul","Tubarão","Sul de SC / AMUREL","Estudantes da Unisul retornam à Alesc para pedir mudanças no programa Universidade Gratuita. Foram recebidos pelo deputado, autor da emenda ao PLC 9/2025 que busca garantir a conclusão antecipada dos processos seletivos e ampliar o limite de bolsas.","Autor da emenda ao projeto de lei complementar e parlamentar que recebeu a comitiva de estudantes.","ALTA","Universidade Gratuita; Unisul; bolsas; Fumdesc","Emenda ao PLC 9/2025 (Universidade Gratuita)","","SIM","SIM",""
"46","10/08/2025","2025","Obra de redragagem do Rio Tubarão é incluída na LDO de 2026","Sul Agora","https://sulagora.com.br/geral/obra-de-redragagem-do-rio-tubarao-e-incluida-na-ldo-de-2026-21952","Portal de notícias regional","INFRAESTRUTURA","Redragagem do Rio Tubarão; LDO; orçamento","Tubarão; Laguna","Sul de SC / AMUREL","A obra de redragagem do Rio Tubarão é incluída como prioridade na Lei de Diretrizes Orçamentárias de 2026 do Estado, a partir de emenda apresentada pela Bancada do Sul.","Autor da emenda, apresentada por meio da Bancada do Sul, que incluiu a redragagem do Rio Tubarão na LDO de 2026.","ALTA","redragagem; Rio Tubarão; LDO; orçamento; Bancada do Sul","Redragagem do Rio Tubarão","R$ 5 milhões (projeto de redragagem no Porto de Laguna)","SIM","SIM",""
"47","18/08/2025","2025","A nova polêmica em programa que oferece universidade gratuita em SC","Portal Tri","https://www.portaltri.com.br/noticias/38205/a-nova-polemica-em-programa-que-oferece-universidade-gratuita-em-sc","Portal de notícias regional","EDUCAÇÃO","Fumdesc; limitador NTE; bolsas","Santa Catarina","Santa Catarina / Estadual","Reportagem sobre a disputa em torno do limitador por grupo educacional (mecanismo NTE) no Fumdesc, programa que deve aplicar cerca de R$ 230 milhões em bolsas. Um artigo que retira a regra do limitador foi incluído por emenda parlamentar.","Autor da emenda incluída na medida provisória do governo estadual que propõe a retirada do mecanismo limitador do Fumdesc.","MÉDIA","Fumdesc; Universidade Gratuita; limitador NTE; bolsas","Emenda que retira o limitador NTE do Fumdesc","R$ 230 milhões","NÃO","SIM","Reprodução de conteúdo publicado originalmente pelo NSC Total."
"48","24/09/2025","2025","Ordem de serviço para dragagem no Porto de Laguna é assinada","SCTodoDia","https://sctd.com.br/geral/ordem-de-servico-para-dragagem-no-porto-de-laguna-e-assinada/","Portal de notícias regional","INFRAESTRUTURA","Dragagem; Porto de Laguna; molhes","Laguna; Tubarão","Sul de SC / AMUREL","Assinatura da ordem de serviço para levantamentos hidrográficos e projetos básicos de dragagem, derrocagem e remodelagem dos molhes de acesso ao Porto de Laguna. O deputado, coordenador da Bancada do Sul quando a emenda foi destinada, cobra agilidade na execução.","Coordenava a Bancada do Sul quando a emenda que custeia os projetos foi destinada; comenta a importância estratégica da obra.","MÉDIA","dragagem; Porto de Laguna; molhes; Bancada do Sul","Projetos de dragagem e remodelagem dos molhes do Porto de Laguna","","SIM","SIM",""
"49","25/09/2025","2025","Governo de SC inicia projetos de dragagem e modernização no Porto de Laguna","Portal AHora","https://portalahora.com.br/noticias/governo-de-sc-inicia-projetos-de-dragagem-e-modernizacao-no-porto-de-laguna/","Portal de notícias regional","INFRAESTRUTURA","Dragagem; Porto de Laguna; molhes","Laguna","Sul de SC / AMUREL","O governo do Estado inicia os projetos de dragagem e modernização do Porto de Laguna. O deputado destaca a integração necessária entre a dragagem do Rio Tubarão e o canal da Barra de Laguna.","Integrante da Bancada do Sul que destinou a emenda; é a principal voz sobre a importância estratégica da obra.","MÉDIA","dragagem; Porto de Laguna; molhes; Rio Tubarão","Projetos de dragagem e remodelagem dos molhes do Porto de Laguna","","SIM","SIM",""
"50","13/10/2025","2025","Rodovia das Águas Termais promete transformar turismo e mobilidade em Pedras Grandes","SCTodoDia","https://sctd.com.br/geral/rodovia-das-aguas-termais-promete-transformar-turismo-e-mobilidade-em-pedras-grandes/","Portal de notícias regional","TURISMO","Rota turística; pavimentação; águas termais","Pedras Grandes; Urussanga; Cocal do Sul; Morro da Fumaça; Treze de Maio","Sul de SC / AMUREL e AMREC","Reportagem sobre a Rodovia das Águas Termais, que ligará Azambuja a Ribeirão d'Areia, com investimento previsto de R$ 35,5 milhões em pavimentação e ciclofaixa. O texto registra que Collaço apresentou na Alesc o projeto que oficializa a Rota Turística das Águas Termais.","Autor do projeto apresentado na Alesc que oficializa a Rota Turística das Águas Termais, base institucional da obra.","MÉDIA","águas termais; rota turística; Pedras Grandes; pavimentação","Rota Turística das Águas Termais; Rodovia das Águas Termais","R$ 35,5 milhões","NÃO","SIM",""
"51","14/10/2025","2025","Pequena cidade aposta em rota de quase R$ 36 milhões para virar novo 'paraíso termal' de SC","ND Mais","https://ndmais.com.br/infraestrutura/pequena-cidade-aposta-em-rota-de-quase-r-36-milhoes-para-virar-novo-paraiso-termal-de-sc/","Portal de notícias estadual","TURISMO","Rota das Águas Termais; investimento; Pedras Grandes","Pedras Grandes; Urussanga; Cocal do Sul; Morro da Fumaça; Treze de Maio","Sul de SC / AMUREL e AMREC","Reportagem estadual sobre o plano de R$ 35,6 milhões para transformar Pedras Grandes em polo termal, com pavimentação da Rodovia das Águas Termais e implantação de resort. O texto registra que o deputado apresentou na Alesc o projeto que cria a Rota Turística das Águas Termais.","Autor do projeto apresentado na Alesc que oficializa a Rota Turística das Águas Termais, incluindo Ribeirão d'Areia no circuito estadual de turismo.","MÉDIA","águas termais; turismo; Pedras Grandes; rota turística","Rota Turística das Águas Termais","R$ 35,6 milhões","NÃO","SIM","Repercussão estadual da pauta de turismo termal."
"52","15/10/2025","2025","Pepê Collaço destina R$ 200 mil em ações voltadas às mulheres no Outubro Rosa","SCTodoDia","https://sctd.com.br/politica/pepe-collaco-destina-r-200-mil-em-acoes-voltadas-as-mulheres-no-outubro-rosa/","Portal de notícias regional","SAÚDE","Saúde da mulher; entidades sociais; Outubro Rosa","Tubarão","Sul de SC / AMUREL","O deputado destinou R$ 200 mil em emendas parlamentares para instituições de apoio às mulheres, sendo R$ 100 mil para a Rede Feminina de Combate ao Câncer e R$ 100 mil para o Clube de Mães de Tubarão, no contexto do Outubro Rosa.","Autor das emendas parlamentares que financiam as duas entidades; é o protagonista da matéria.","ALTA","Outubro Rosa; Rede Feminina; Clube de Mães; saúde da mulher","Emendas para Rede Feminina de Combate ao Câncer e Clube de Mães","R$ 200 mil (R$ 100 mil + R$ 100 mil)","SIM","SIM",""
"53","18/11/2025","2025","Estado paga recursos de emendas para escolas em Barbacena e Barreiros","Agora Laguna","https://agoralaguna.com.br/2025/11/estado-paga-recursos-de-emendas-para-escola-em-barbacena-e-barreiros/","Portal de notícias regional","AUTISMO E INCLUSÃO","Equoterapia; TEA; emenda paga","Laguna; Pescaria Brava","Sul de SC / AMUREL","Portaria estadual autoriza repasses de emendas parlamentares para Laguna e Pescaria Brava. Entre eles, quase R$ 300 mil para custear o atendimento a pessoas com TEA por meio da equoterapia em Laguna, em emenda do deputado.","Autor da emenda de quase R$ 300 mil destinada ao atendimento de pessoas com TEA por equoterapia em Laguna.","MÉDIA","equoterapia; TEA; Laguna; emenda; portaria","Emenda para equoterapia e atendimento a pessoas com TEA em Laguna","Quase R$ 300 mil","NÃO","SIM","Comprova o pagamento efetivo da emenda, não apenas a destinação."
"54","26/11/2025","2025","Água a 34 graus reacende parque termal e muda o futuro de pequeno município do Sul catarinense","Sulinfoco","https://www.sulinfoco.com.br/agua-a-34-graus-reacende-parque-termal-e-muda-o-futuro-de-pequeno-municipio-do-sul-catarinense/","Portal de notícias regional","TURISMO","Águas termais; Rodovia das Águas Termais","Pedras Grandes","Sul de SC / AMUREL","Reportagem sobre a retomada do parque termal de Pedras Grandes e a nova rodovia de acesso, projeto que tem apoio parlamentar estadual e federal.","Formalizou na Alesc a criação da Rota Turística das Águas Termais, base institucional citada como apoio ao projeto.","MÉDIA","águas termais; Pedras Grandes; turismo; rodovia","Rota Turística das Águas Termais","","NÃO","SIM",""
"55","29/01/2026","2026","Investimento de mais de R$ 10 milhões em Laguna alavanca desenvolvimento regional","SCTodoDia","https://sctd.com.br/economia/investimento-de-mais-de-r-10-milhoes-em-laguna-alavanca-desenvolvimento-regional/","Portal de notícias regional","DESENVOLVIMENTO REGIONAL","Emendas; pavimentação; saúde; porto","Laguna","Sul de SC / AMUREL","Reportagem detalha mais de R$ 10 milhões viabilizados pelo deputado para Laguna em três anos, aplicados em pavimentação de ruas, saúde, veículos, entidades sociais e projetos portuários. Cita ainda os R$ 5 milhões para dragagem e remodelagem dos molhes e a instalação da fábrica de baterias de lítio da multinacional Eikto.","Articulou e destinou os recursos, sendo o elemento central da reportagem sobre o investimento em Laguna.","ALTA","Laguna; emendas; dragagem; molhes; Eikto; pavimentação","Dragagem do Porto de Laguna e remodelagem dos molhes; pavimentações","R$ 10 milhões (total Laguna); R$ 5 milhões (dragagem/molhes); R$ 200 milhões (investimento Eikto)","SIM","SIM",""
"56","05/02/2026","2026","Rodrigo Minotto assume coordenação da bancada do Sul na Alesc","SCTodoDia","https://sctd.com.br/politica/rodrigo-minotto-assume-coordenacao-da-bancada-do-sul-na-alesc/","Portal de notícias regional","POLÍTICA E ARTICULAÇÃO","Bancada do Sul; Alesc","Criciúma; Tubarão","Sul de SC","Rodrigo Minotto assume a coordenação da Bancada do Sul. A matéria lista a composição atual do colegiado, do qual Pepê Collaço faz parte.","Aparece como integrante da Bancada do Sul, sem detalhamento de atuação individual.","BAIXA","Bancada do Sul; Alesc; Minotto","","","NÃO","SIM","Valor documental: comprova a participação continuada na Bancada do Sul."
"57","12/02/2026","2026","PP intensifica articulação pela reeleição de Pepê Colaço e fortalece dobradinha no Sul de SC","Eximproviso News","https://eximproviso.net/pp-intensifica-articulacao-pela-reeleicao-de-pepe-colaco-e-fortalece-dobradinha-no-sul-de-sc/","Portal de notícias regional","POLÍTICA E ARTICULAÇÃO","Política partidária; eleições 2026","Tubarão","Sul de SC / AMUREL","Matéria sobre a articulação do Progressistas pela reeleição do deputado e sobre sua presença nos municípios da Amurel e do Sul do estado, com foco em desenvolvimento regional, infraestrutura, saúde e apoio aos municípios.","É o assunto central da matéria, que trata da consolidação de sua atuação parlamentar na região.","MÉDIA","Progressistas; reeleição; Amurel; Sul de SC","","","NÃO","SIM","Conteúdo político-eleitoral."
"58","28/02/2026","2026","Nova Veneza assina ordens de serviço para melhorias em complexo esportivo","TN Sul","https://tnsul.com/2026/02/28/nova-veneza-assina-ordens-de-servico-para-melhorias-em-complexo-esportivo/","Portal de notícias regional","ESPORTE","Esporte; obras; emendas","Nova Veneza","Sul de SC / AMREC","Nova Veneza assina ordens de serviço para melhorias em complexo esportivo, com dois dos três projetos financiados por emendas do deputado: R$ 270 mil para melhorias gerais e R$ 250 mil para revitalização do ginásio Alfredo Bortoluzzi.","Autor das emendas parlamentares que financiam duas das três obras do complexo esportivo.","MÉDIA","Nova Veneza; esporte; ginásio; emenda","Melhorias no complexo esportivo e revitalização do ginásio Alfredo Bortoluzzi","R$ 270 mil e R$ 250 mil","NÃO","SIM",""
"59","02/03/2026","2026","""Hospitais precisam de fôlego"": Pepê Collaço defende implementação de energia solar em hospitais","SCTodoDia","https://sctd.com.br/politica/hospitais-precisam-de-folego-pepe-collaco-defende-implementacao-de-energia-solar-em-hospitais/","Portal de notícias regional","SAÚDE","Hospitais filantrópicos; energia solar; autismo","Tubarão; Criciúma","Sul de SC / AMUREL","Reportagem apresenta as duas frentes estratégicas defendidas pelo deputado na Alesc: instalação de painéis fotovoltaicos em hospitais filantrópicos para reduzir o custo de energia e ampliação das políticas públicas para pessoas com TEA. O texto registra que hospitais gastam de R$ 2 a R$ 3 milhões por ano só com energia elétrica. Também trata da criação de uma plataforma digital com serviços para pessoas com TEA.","Pepê Collaço é o protagonista da reportagem: apresenta e defende o projeto de energia solar para hospitais filantrópicos e coordena a Frente Parlamentar em Defesa da Pessoa com Autismo.","ALTA","energia solar; hospitais filantrópicos; TEA; autismo; Alesc","Projeto de energia fotovoltaica para hospitais filantrópicos (PL 257/2025)","R$ 2 a R$ 3 milhões/ano (custo de energia dos hospitais)","SIM","SIM","Matéria central para a pauta de saúde e para a pauta TEA."
"60","02/03/2026","2026","Pepe Collaço destaca investimentos e defende mais representatividade para a Amurel","SCTodoDia","https://sctd.com.br/politica/pepe-collaco-destaca-investimentos-e-defende-mais-representatividade-para-a-amurel/","Portal de notícias regional","DESENVOLVIMENTO REGIONAL","Balanço de mandato; emendas; AMUREL","Tubarão; Laguna; Capivari de Baixo; Jaguaruna; Imbituba","Sul de SC / AMUREL","Balanço dos três primeiros anos de mandato. O deputado apresenta os valores destinados a Tubarão e aos municípios da Amurel e defende maior representatividade política da região. Cita a coordenação da Bancada do Sul como espaço de articulação de projetos estratégicos.","Balanço da própria atuação parlamentar: destinação de emendas, coordenação da Bancada do Sul e defesa da representatividade da Amurel.","ALTA","Amurel; emendas; balanço de mandato; Bancada do Sul","Emendas parlamentares do mandato","Mais de R$ 20 milhões (Tubarão); mais de R$ 60 milhões (Amurel)","SIM","SIM","Boa fonte para números agregados de emendas por região."
"61","16/03/2026","2026","Desassoreamento do Rio Urussanga: plano de trabalho para os próximos meses é apresentado em reunião promovida em Morro da Fumaça","Morro da Fumaça Notícias","https://www.morrodafumacanoticias.com.br/desassoreamento-rio-urussanga-plano-trabalho-para-proximos-meses-apresentado-reuniao-promovida-morro-fumaca","Portal de notícias municipal","INFRAESTRUTURA","Desassoreamento; Rio Urussanga","Morro da Fumaça; Urussanga; Cocal do Sul; Criciúma; Jaguaruna; Pedras Grandes; Sangão; Treze de Maio; Içara","Sul de SC / AMREC e AMUREL","Reunião em Morro da Fumaça apresenta o plano de trabalho para o desassoreamento do Rio Urussanga, com valores de curto e médio prazo e projeto executivo.","Participou da reunião como deputado estadual, ampliando a pauta de dragagens para além do Rio Tubarão.","BAIXA","desassoreamento; Rio Urussanga; dragagem; AMREC","Desassoreamento do Rio Urussanga","R$ 46 mil (curto prazo); R$ 1,1 milhão (médio prazo); R$ 89 mil (projeto executivo)","NÃO","SIM","Valor documental: mostra a atuação em dragagens fora da bacia do Rio Tubarão."
"62","18/03/2026","2026","Reajuste do mínimo e apoio a hospitais filantrópicos são aprovados em plenário na Alesc","SC Real TV","https://www.screal.tv.br/noticia/11614/noticias/reajuste-do-minimo-e-apoio-a-hospitais-filantropicos-sao-aprovados-em-plenario-na-alesc.html","Emissora / portal estadual","SAÚDE","Energia solar em hospitais; PL 257/2025","Santa Catarina","Santa Catarina / Estadual","O plenário da Alesc aprova por unanimidade o PL 257/2025, que autoriza o uso de até 1% da receita do Fundo Social para financiar sistemas de energia fotovoltaica em hospitais filantrópicos certificados como Cebas-Saúde. Na mesma sessão foi aprovado o reajuste do salário mínimo regional.","Autor do PL 257/2025, aprovado por unanimidade; explica que a medida gera economia relevante para os hospitais filantrópicos.","ALTA","energia solar; hospitais filantrópicos; Fundo Social; PL 257/2025","PL 257/2025 (energia fotovoltaica em hospitais filantrópicos)","Até 1% da receita anual do Fundo Social","SIM","SIM","Mesma matéria reproduzida por JMais e Sul em Destaque; mantida apenas uma versão."
"63","31/03/2026","2026","Cidade de SC celebra aniversário com pacote de investimentos de R$ 18,4 milhões","4oito","https://www.4oito.com.br/noticia/cidade-de-sc-celebra-aniversario-com-pacote-de-investimentos-de-r-18-4-milhoes-86146","Portal de notícias regional","DESENVOLVIMENTO REGIONAL","Pacote de obras; emendas parlamentares","Capivari de Baixo","Sul de SC / AMUREL","Capivari de Baixo anuncia pacote de R$ 18,4 milhões em investimentos no aniversário do município, com R$ 5,1 milhões oriundos de emendas parlamentares, incluindo centro poliesportivo, ginásio, saúde, habitação e parque sensorial.","Citado entre os deputados que destinaram emendas parlamentares ao município.","BAIXA","Capivari de Baixo; emendas; obras; parque sensorial","","R$ 18,4 milhões (total); R$ 5,1 milhões (emendas parlamentares)","NÃO","SIM","Valor documental: comprova a participação em pacote de obras de Capivari de Baixo, sem detalhamento individual."
"64","02/04/2026","2026","Atuação destacada (coluna Arilton Barreiros)","Hora Hiper","https://horahiper.com.br/colunistas/arilton-barreiros/atuacao-destacada-3966","Coluna política (portal regional)","AUTISMO E INCLUSÃO","Moção de cumprimentos; segundo professor; balanço","Tubarão; Braço do Norte; Capivari de Baixo; Sangão","Sul de SC / AMUREL","Coluna registra a Moção de Cumprimentos concedida pela Câmara de Vereadores de Tubarão ao deputado, motivada pelo projeto de lei que garante prioridade ao segundo professor para alunos com TEA, e comenta o balanço de R$ 23 milhões encaminhados a Tubarão.","Homenageado pela Câmara de Tubarão em razão do projeto de lei sobre o segundo professor para alunos com TEA.","MÉDIA","segundo professor; TEA; moção; Câmara de Tubarão","Projeto de lei do segundo professor para alunos com TEA","R$ 23 milhões (Tubarão)","NÃO","SIM","Conteúdo de coluna; principal registro externo do projeto do segundo professor."
"65","02/04/2026","2026","Abril Azul: projetos para autistas recebem mais de R$ 3,5 milhões em 2026","meutudo","https://meutudo.com.br/blog/noticias/2026/04/02/abril-azul-projetos-para-autistas-recebem-mais-de-r35-milhoes-em-2026","Portal de conteúdo","AUTISMO E INCLUSÃO","Abril Azul; emendas; equoterapia","Braço do Norte; Gravatal; Jacinto Machado; Laguna; Lauro Müller; Nova Veneza; Orleans; Pedras Grandes; São Ludgero","Sul de SC / AMUREL, AMREC e AMESC","Matéria de Abril Azul registra mais de R$ 3,5 milhões destinados em 2026 a projetos de atendimento a pessoas com TEA em Santa Catarina, com a lista dos municípios contemplados.","Autor das emendas parlamentares que viabilizaram os recursos para os projetos de TEA nos municípios listados.","MÉDIA","Abril Azul; TEA; autismo; emendas; equoterapia","Emendas para projetos de atendimento a pessoas com TEA","R$ 3,5 milhões","NÃO","SIM","Veículo de conteúdo, não jornalístico regional; útil pela lista de municípios contemplados."
"66","06/04/2026","2026","Pepê Collaço descarta saída do Progressistas e projeta reeleição","SCTodoDia","https://sctd.com.br/politica/pepe-collaco-descarta-saida-do-progressistas-e-projeta-reeleicao/","Portal de notícias regional","POLÍTICA E ARTICULAÇÃO","Política partidária; eleições 2026","Tubarão","Sul de SC / AMUREL","Em entrevista à Rádio Cidade de Tubarão, o deputado afirma que permanecerá no Progressistas para as eleições e nega ter cogitado troca de partido.","É o entrevistado e assunto central da matéria, tratando do próprio futuro político e partidário.","MÉDIA","Progressistas; PP; eleições 2026; reeleição","","","SIM","SIM","Conteúdo político-eleitoral; uso restrito para contexto biográfico."
"67","14/04/2026","2026","Equoterapia auxilia no desenvolvimento de pessoas com TEA no Sul de SC","Notisul","https://www.notisul.com.br/equoterapia-auxilia-no-desenvolvimento-de-pessoas-com-tea-no-sul-de-sc/","Jornal regional (portal)","AUTISMO E INCLUSÃO","Equoterapia; TEA; emendas","Tubarão; Laguna; Santa Rosa do Sul; Jacinto Machado; Pedras Grandes; Orleans; Lauro Müller","Sul de SC / AMUREL, AMREC e AMESC","Reportagem sobre os benefícios da equoterapia para pessoas com TEA no Sul catarinense, com registro de mais de R$ 3,5 milhões em emendas destinadas a projetos voltados ao autismo em diversos municípios.","Coordenador da Frente Parlamentar em Defesa dos Direitos das Pessoas com TEA e autor das emendas que custeiam os programas de equoterapia citados.","ALTA","equoterapia; TEA; autismo; emendas; inclusão","Programas municipais de equoterapia para pessoas com TEA","R$ 3,5 milhões","SIM","SIM",""
"68","14/04/2026","2026","Equoterapia ajuda no desenvolvimento emocional e social de pessoas com TEA na região","UNITV","https://unitv.com.br/geral/equoterapia-ajuda-no-desenvolvimento-emocional-e-social-de-pessoas-com-tea-na-regiao/","Emissora de TV regional","AUTISMO E INCLUSÃO","Equoterapia; TEA; emendas","Tubarão; Laguna; Santa Rosa do Sul; Jacinto Machado; Pedras Grandes; Orleans; Lauro Müller","Sul de SC / AMUREL, AMREC e AMESC","Reportagem televisiva sobre o uso da equoterapia no desenvolvimento emocional e social de pessoas com TEA na região sul, com o registro do valor exato destinado pelo deputado a projetos de autismo.","Coordenador da Frente Parlamentar em Defesa dos Direitos das Pessoas com TEA; autor das emendas de R$ 3.590.439,24 destinadas a ações voltadas ao TEA.","ALTA","equoterapia; TEA; autismo; emendas; inclusão","Emendas para equoterapia e ações de TEA","R$ 3.590.439,24","SIM","SIM","Traz o valor exato das emendas de TEA; complementa a matéria do Notisul da mesma data."
"69","05/05/2026","2026","Sessão na Alesc destaca importância do Complexo Jorge Lacerda para SC","Sul Agora","https://sulagora.com.br/geral/sessao-especial-destaca-importancia-do-complexo-jorge-lacerda-para-o-desenvolvimento-de-sc-24399","Portal de notícias regional","ECONOMIA","Complexo Jorge Lacerda; carvão; energia","Capivari de Baixo; Sangão","Sul de SC / AMUREL","Sessão especial na Alesc homenageia os 60 anos do Complexo Termelétrico Jorge Lacerda e destaca a importância da cadeia produtiva do carvão, que movimenta cerca de R$ 6 bilhões por ano na economia catarinense.","Proponente da sessão especial; conduziu a homenagem e defendeu a cadeia produtiva do carvão no Sul do estado.","ALTA","Jorge Lacerda; carvão; energia; Capivari de Baixo; sessão especial","Sessão especial dos 60 anos do Complexo Jorge Lacerda","R$ 6 bilhões (movimentação anual da cadeia do carvão)","SIM","SIM",""
"70","19/05/2026","2026","Construção de salas de aula amplia a capacidade de atendimento da Apae de Capivari de Baixo","Eximproviso News","https://eximproviso.net/construcao-de-salas-de-aula-amplia-a-capacidade-de-atendimento-da-apae-de-capivari-de-baixo/","Portal de notícias regional","EDUCAÇÃO","APAE; educação especial; inclusão","Capivari de Baixo","Sul de SC / AMUREL","Inauguração de novas salas de aula na APAE de Capivari de Baixo, construídas com emenda parlamentar. Na ocasião foram anunciados recursos para a aquisição de um novo veículo de transporte para a entidade.","Autor da emenda que financiou a obra e responsável pelo anúncio de novos recursos para a entidade.","ALTA","APAE; Capivari de Baixo; educação especial; emenda","Construção de salas de aula da APAE de Capivari de Baixo","","SIM","SIM",""
"71","27/05/2026","2026","Sessão itinerante da Alesc aprova títulos de utilidade pública para 15 entidades do Sul de SC","Reporter Sul","https://www.reportersul.com.br/sessao-itinerante-da-alesc-aprova-titulos-de-utilidade-publica-para-15-entidades-do-sul-de-sc/","Portal de notícias regional","ENTIDADES SOCIAIS","Entidades sociais; utilidade pública","Capivari de Baixo; Tubarão","Sul de SC / AMUREL","Sessão itinerante da Alesc no Sul do estado aprova títulos de utilidade pública estadual para 15 entidades, três delas por proposição do deputado: ASANC e Associação dos Clubes de Mães, de Capivari de Baixo, e AABB de Tubarão.","Autor das proposições que concederam título de utilidade pública estadual a três entidades do Sul catarinense.","MÉDIA","utilidade pública; entidades sociais; ASANC; Clubes de Mães; AABB","Títulos de utilidade pública estadual","","NÃO","SIM",""
"72","29/05/2026","2026","Linha Dura: os 156 anos de Tubarão e os bastidores da política para as eleições 2026","Notisul","https://www.notisul.com.br/confira-os-bastidores-da-politica-no-sul-catarinense-para-as-eleicoes-2026/","Coluna política (jornal regional)","POLÍTICA E ARTICULAÇÃO","Coluna; eleições 2026; prestação de contas","Tubarão; Laguna; Orleans; Imbituba; Capivari de Baixo","Sul de SC / AMUREL e AMREC","Coluna de bastidores políticos que registra a campanha de outdoors do deputado anunciando mais de R$ 100 milhões destinados a Tubarão e região.","Citado em tom crítico pela coluna a propósito da divulgação dos R$ 100 milhões em emendas.","BAIXA","coluna; eleições 2026; outdoors; emendas","","R$ 100 milhões (segundo divulgação do próprio deputado)","NÃO","SIM","Conteúdo opinativo e crítico; valor documental apenas para registrar a repercussão dos números divulgados."
"73","04/06/2026","2026","Pepê Collaço já viabilizou R$ 3 milhões para Nova Veneza","Portal Veneza","https://www.portalveneza.com.br/pepe-collaco-ja-viabilizou-r-3-milhoes-para-nova-veneza/","Portal de notícias municipal","DESENVOLVIMENTO REGIONAL","Emendas; saúde; esporte; inclusão","Nova Veneza","Sul de SC / AMREC","Balanço dos R$ 3 milhões viabilizados pelo deputado para Nova Veneza ao longo do mandato, aplicados em saúde, pavimentação, espaços esportivos, veículos, salas sensoriais na rede de ensino e ações de ecoterapia para pessoas com TEA.","Autor das emendas que somam R$ 3 milhões destinados ao município; é o protagonista da matéria.","ALTA","Nova Veneza; emendas; salas sensoriais; TEA; esporte","Emendas para Nova Veneza (saúde, infraestrutura, esporte, inclusão)","R$ 3 milhões","SIM","SIM","Boa referência para a pauta de salas sensoriais fora da Amurel."
"74","18/06/2026","2026","Pepê Collaço reúne mais de 400 lideranças e reforça força política em SC","SCTodoDia","https://sctd.com.br/politica/pepe-collaco-reune-mais-de-400-liderancas-e-reforca-forca-politica-em-sc/","Portal de notícias regional","POLÍTICA E ARTICULAÇÃO","Articulação política; prefeitos e vereadores","Florianópolis","Santa Catarina / Estadual","Encontro promovido pelo deputado em Florianópolis reuniu mais de 400 prefeitos, vice-prefeitos, vereadores e representantes municipais de várias regiões do estado. Na ocasião apresentou balanço das ações do mandato e das obras viabilizadas.","Organizador e protagonista do encontro; apresentou balanço das entregas do mandato na condição de presidente da CCJ da Alesc.","MÉDIA","lideranças; prefeitos; articulação; CCJ","","","SIM","SIM",""
"75","08/07/2026","2026","Desassoreamento do Canal da Barra do Camacho é discutido na Secretaria de Estado da Defesa Civil","UNITV","https://unitv.com.br/destaque/desassoreamento-do-canal-da-barra-do-camacho-e-discutido-na-secretaria-de-estado-da-defesa-civil/","Emissora de TV regional","INFRAESTRUTURA","Dragagem; Barra do Camacho; Defesa Civil","Jaguaruna; Tubarão","Sul de SC / AMUREL","Reunião na Secretaria de Estado da Proteção e Defesa Civil discute nova dragagem do Canal da Barra do Camacho, hoje com profundidade inferior a 50 centímetros em alguns pontos. A última dragagem, em 2022, custou R$ 10 milhões.","Participou da reunião e apresentou os argumentos técnicos e regionais pela nova intervenção no canal.","ALTA","Barra do Camacho; dragagem; Jaguaruna; Defesa Civil","Desassoreamento do Canal da Barra do Camacho","R$ 10 milhões (dragagem de 2022)","SIM","SIM",""
"76","14/07/2026","2026","Sob protestos e bate-boca, pedido de vista adia votação de projeto que altera política de cotas em SC","ND Mais","https://ndmais.com.br/politica/sob-protestos-e-bate-boca-pedido-de-vista-adia-votacao-de-projeto-que-altera-politica-de-cotas-em-sc/","Portal de notícias estadual","EDUCAÇÃO","Política de cotas; CCJ; Alesc","Santa Catarina","Santa Catarina / Estadual","Reunião tumultuada da CCJ adia a votação do projeto que reformula a política de cotas nas instituições estaduais de ensino superior, sob protestos no plenário da comissão.","Presidiu a reunião da CCJ e conduziu a sessão durante os protestos, intervindo para manter a ordem dos trabalhos.","MÉDIA","cotas; CCJ; ensino superior; Alesc","Projeto de reformulação da política de cotas","","SIM","SIM",""
"77","31/07/2026","2026","Prestação de contas de Pepê Collaço reúne cerca de mil pessoas em Tubarão","Eximproviso News","https://eximproviso.net/prestacao-de-contas-de-pepe-collaco-reune-cerca-de-mil-pessoas-em-tubarao/","Portal de notícias regional","BALANÇO DE MANDATO","Balanço de mandato; emendas","Tubarão; Jaguaruna","Sul de SC / AMUREL","Evento de prestação de contas do mandato reúne cerca de mil pessoas em Tubarão. O deputado apresenta o resultado de quase quatro anos: mais de 500 projetos atendidos e cerca de R$ 200 milhões destinados a municípios, sendo aproximadamente R$ 100 milhões na Amurel.","Protagonista do evento e da matéria; apresenta o balanço das entregas do próprio mandato.","ALTA","prestação de contas; balanço; emendas; Amurel","Emendas parlamentares do mandato","Cerca de R$ 200 milhões (estado); cerca de R$ 100 milhões (Amurel)","NÃO","SIM",""
"78","04/08/2026","2026","Braço do Norte inicia programa de equoterapia e amplia atendimento especializado","Reporter Sul","https://www.reportersul.com.br/braco-do-norte-inicia-programa-de-equoterapia-e-amplia-atendimento-especializado/","Portal de notícias regional","AUTISMO E INCLUSÃO","Equoterapia; TEA; emenda","Braço do Norte","Sul de SC / AMUREL","Braço do Norte inicia programa municipal de equoterapia, com investimento total de R$ 330 mil, sendo R$ 180 mil de emenda do deputado e R$ 150 mil de outro parlamentar.","Autor da emenda de R$ 180 mil que viabilizou a implantação do programa de equoterapia no município.","ALTA","equoterapia; TEA; Braço do Norte; emenda","Programa municipal de equoterapia de Braço do Norte","R$ 180 mil (emenda do deputado); R$ 330 mil (total)","NÃO","SIM",""
"79","21/08/2026","2026","Prefeitura assina ordem de serviço para pavimentação da Rua Santa Della Giustina Coan em BN","Reporter Sul","https://www.reportersul.com.br/prefeitura-assina-ordem-de-servico-para-pavimentacao-da-rua-santa-della-giustina-coan-em-bn/","Portal de notícias regional","INFRAESTRUTURA","Pavimentação; emenda parlamentar","Braço do Norte","Sul de SC / AMUREL","Braço do Norte assina ordem de serviço para pavimentação da Rua Santa Della Giustina Coan, obra de R$ 402 mil, sendo R$ 150 mil de emenda do deputado e R$ 252 mil de contrapartida municipal.","Autor da emenda parlamentar de R$ 150 mil que financia parte da obra de pavimentação.","MÉDIA","pavimentação; Braço do Norte; emenda; obra","Pavimentação da Rua Santa Della Giustina Coan","R$ 150 mil (emenda); R$ 402 mil (total)","NÃO","SIM",""
"80","29/08/2026","2026","Deputado Pepê Collaço acompanha governador licenciado em agenda em Tubarão","Eximproviso News","https://eximproviso.net/deputado-pepe-collaco-acompanha-governador-licenciado-em-agenda-em-tubarao/","Portal de notícias regional","POLÍTICA E ARTICULAÇÃO","Agenda; articulação com governo do Estado","Tubarão","Sul de SC / AMUREL","O deputado acompanha o governador licenciado Jorginho Mello em agenda na Arena Multiuso de Tubarão. Na ocasião, cita os recursos enviados aos municípios em parceria com o governo do Estado.","Anfitrião regional da agenda e fonte da matéria sobre os recursos viabilizados em parceria com o governo estadual.","MÉDIA","Jorginho Mello; Tubarão; agenda; emendas","","Cerca de R$ 200 milhões (estado); R$ 100 milhões (Amurel); R$ 20 milhões (Tubarão)","SIM","SIM",""
