ID;Coordenacao;Associacao;Municipio;Interessado;Valor;Objeto;Modalidade;Status;Observacoes;Numero Emenda;SGPE;Data da publicacao;Data do PGTO/Troca;Observacoes da publicacao;Forma de transferencia
499;AMUREL;AMUREL;GRAVATAL;CLEI;R$ 300.000,00;APOIO PARA O NATAL NAS ÁGUAS 2026;PATROCÍNIOS;PENDENTE;;;;;;;
498;AMUREL;AMUREL;GRAVATAL;CLEI;R$ 150.000,00;APOIO PARA A 2ª FESTA DAS ORIGENS DE GRAVATAL;PATROCÍNIOS;PENDENTE;;;;;;;
497;AMUREL;AMUREL;TUBARÃO;GELSON BENTO;R$ 100.000,00;CLUBE DE MÃES - Custeio das atividades;TEV 26 7mi JG;AGUARDANDO PORTARIA;;;;;;;
496;AMUREL;AMUREL;TUBARÃO;BARBA;R$ 300.000,00;Investimento em Infraestrutura;TEV 26 7mi JG;AGUARDANDO PORTARIA;;;;;;;
495;AMUREL;AMUREL;TUBARÃO;BIGORNA;R$ 100.000,00;SERTAO DOS CORREAS - Investimento Sede Social;TEV 26 7mi JG;AGUARDANDO PORTARIA;;;;;;;
494;AMUREL;AMUREL;TUBARÃO;TEA;R$ 400.000,00;APAE - Equoterapia e Terapia Ocupacional;TEV 26 7mi JG;AGUARDANDO PORTARIA;;;;;;;
493;AMREC;AMREC;TREVISO;LU POSSOLI;R$ 200.000,00;Construção Capela Mortuária;TEV 26 7mi JG;AGUARDANDO PORTARIA;;;;;;;
492;AMESC;AMESC;SÃO JOÃO DO SUL;FILIPE FARINHA;R$ 250.000,00;TEA - Equoterapia e Terapia Ocupacional;TEV 26 7mi JG;AGUARDANDO PORTARIA;;;;;;;
491;AMUREL;AMUREL;SANGÃO;RAPHA SCREMIN;R$ 200.000,00;TEA - Equoterapia e Terapia Ocupacional;TEV 26 7mi JG;AGUARDANDO PORTARIA;;;;;;;
490;LITORAL NORTE;AMVE;RODEIO;VINO;R$ 150.000,00;Investimento em Infraestrutura;TEV 26 7mi JG;AGUARDANDO PORTARIA;;;;;;;
489;ALTO VALE;AMAVI;PETROLÂNDIA;DÉIO;R$ 100.000,00;CLUBE DE MÃES - Custeio das atividades;TEV 26 7mi JG;AGUARDANDO PORTARIA;;;;;;;
488;AMREC;AMREC;ORLEANS;CRUZETTA;R$ 300.000,00;Compra de veículo para Administração Municipal;TEV 26 7mi JG;AGUARDANDO PORTARIA;;;;;;;
487;AMUREL;AMUREL;LAGUNA;TEA;R$ 350.000,00;APAE - Equoterapia e Terapia Ocupacional;TEV 26 7mi JG;AGUARDANDO PORTARIA;;;;;;;
486;LITORAL NORTE;AMVE;GASPAR;MELATO;R$ 400.000,00;Investimento em Infraestrutura;TEV 26 7mi JG;AGUARDANDO PORTARIA;;;;;;;
485;AMREC;AMREC;FORQUILHINHA;ANA LUCIA;R$ 150.000,00;Pavimentação;TEV 26 7mi JG;AGUARDANDO PORTARIA;;;;;;;
484;AMREC;AMREC;CRICIÚMA;MIRI;R$ 300.000,00;Investimento em Infraestrutura;TEV 26 7mi JG;AGUARDANDO PORTARIA;;;;;;;
483;AMUREL;AMUREL;CAPIVARI DE BAIXO;CAMILO POLICIAL;R$ 300.000,00;Pavimentação;TEV 26 7mi JG;AGUARDANDO PORTARIA;;;;;;;
482;AMUREL;AMUREL;CAPIVARI DE BAIXO;VITINHO;R$ 200.000,00;Melhorias no campo de futebol do bairro ilhotinha, compreendendo a implantação de sistema de iluminação e o fechamento em vidro da sede existente no local;TEV 26 7mi JG;AGUARDANDO PORTARIA;;;;;;;
481;AMUREL;AMUREL;CAPIVARI DE BAIXO;JAPA;R$ 300.000,00;APAE - Compra veículo passageiros;TEV 26 7mi JG;AGUARDANDO PORTARIA;;;;;;;
480;AMUREL;AMUREL;BRAÇO DO NORTE;DUDA;R$ 400.000,00;Pavimentação Rio Amélia;TEV 26 7mi JG;AGUARDANDO PORTARIA;;;;;;;
479;AMUREL;AMUREL;ARMAZÉM;TEA;R$ 100.000,00;APAE - Equoterapia e Terapia Ocupacional;TEV 26 7mi JG;AGUARDANDO PORTARIA;;;;;;;
478;PLANALTO NORTE;AMPLANORTE;IRINEÓPOLIS;FERNANDO CATAPAN;R$ 150.000,00;Aquisição de um veículo para a Secretaria de Assistência Social do município;TEV 26 5mi GOV;AGUARDANDO DOCUMENTAÇÃO;;;;;;;
476;MEIO-OESTE;AMARP;LEBON RÉGIS;MARCELO SPAUTZ;R$ 200.000,00;Fornecimento e Instalação de Piso para o Ginásio Municipal de Esportes;TEV 26 5mi GOV;AGUARDANDO DOCUMENTAÇÃO;;;;;;;
475;LITORAL NORTE;GRANFPOLIS;ANTÔNIO CARLOS;VAGNER;R$ 300.000,00;Solicitação de recursos para aquisição de trator cabinado;TEV 25 10mi GOV;AGUARDANDO DOCUMENTAÇÃO;;;;;;;
474;AMUREL;AMUREL;GRAVATAL;CLEI;R$ 0,00;2 CARROS DE PASSEIO;DOAÇÕES;PRONTO;;;;;;;
473;AMUREL;AMUREL;GRAVATAL;CLEI;R$ 480.000,00;AMBULÂNCIA SAMU - PROGRAMA FEDERAL;OUTRAS TRANSF;PRONTO;;;;;;;
472;AMUREL;AMUREL;SANGÃO;CASTILHO;R$ 0,00;01 KIT DE TRANSPOSIÇÃO DE OBSTÁCULOS A SER INSTALADO NA COMUNIDADE DE MORRO GRANDE;OUTRAS TRANSF;ARQUIVADO;;;;;;;
471;AMUREL;AMUREL;SANGÃO;CASTILHO;R$ 5.900.000,00;GINÁSIO DE ESPORTES;OUTRAS TRANSF;PRONTO;;;;;;;
470;AMUREL;AMUREL;CAPIVARI DE BAIXO;MARCIA;R$ 523.537,16;PAVIMENTAÇÃO ASFÁLTICA NA RUA ANTONIA DE BITTENCOURT BARCELOS - INDUSTRIAL;OUTRAS TRANSF;PAGO PARCIAL;;;;;;;
469;AMUREL;AMUREL;SANGÃO;CASTILHO;R$ 500.000,00;INVESTIMENTO NO SISTEMA VIÁRIO DO MUNICÍPIO;PIX 22 SUPLENTE;PRONTO;;;;;;;
468;AMUREL;AMUREL;RIO FORTUNA;EDEVAN;R$ 600.000,00;PAVIMENTAÇÃO DE TRECHO DA ESTRADA GERAL RIO CAFÉ, NO MUNICÍPIO DE RIO FORTUNA/SC;PIX 22 SUPLENTE;PRONTO;;;;;;;
467;AMUREL;AMUREL;PAULO LOPES;NADIR;R$ 2.300.000,00;CRECHE JOELMA DE BONA;PIX 22 SUPLENTE;PRONTO;;;;;;;
466;AMUREL;AMUREL;PAULO LOPES;NADIR;R$ 600.000,00;REVITALIZAÇÃO GINÁSIO DE ESPORTES E DAS RUAS PORTUGAL E ROZELINDA TEREZINHA DA COSTA SÁ;PIX 22 SUPLENTE;PRONTO;;;;;;;
465;AMUREL;AMUREL;PAULO LOPES;NADIR;R$ 1.000.000,00;PAVIMENTAÇÃO DE DIVERSAS RUAS NO MUNICÍPIO DE PAULO LOPES/SC;PIX 22 SUPLENTE;PRONTO;;;;;;;
464;AMUREL;AMUREL;IMBITUBA;EDUARDO FAUSTINA;R$ 215.000,00;PAVIMENTAÇÃO DA RUA MARGARIDA ALVES DAMÁSIO, IMBITUBA/SC;PIX 22 SUPLENTE;PRONTO;;;;;;;
463;AMUREL;AMUREL;IMBITUBA;DEPUTADO PEPÊ COLLAÇO;R$ 375.000,00;PAVIMENTAÇÃO, DRENAGEM E ACESSIBILIDADE RUA VOLNEI SOARES;PIX 22 SUPLENTE;PENDENTE;;;;;;;
462;AMUREL;AMUREL;IMBITUBA;DEPUTADO PEPÊ COLLAÇO;R$ 515.000,00;PAVIMENTAÇÃO E DRENAGEM NA RUA LUIZ GONZAGA DE AMORIM, IMBITUBA/SC;PIX 22 SUPLENTE;ARQUIVADO;;;;;;;
461;AMUREL;AMUREL;GRAVATAL;CLEI;R$ 1.250.000,00;PAVIMENTAÇÃO RUA VERGÍLIO SERAFIM FERNANDES EM TERMAS;PIX 22 SUPLENTE;PRONTO;;;;;;;
460;AMUREL;AMUREL;ARMAZÉM;EMERSON;R$ 500.000,00;PAVIMENTAÇÃO DE VIAS NO MUNICÍPIO DE ARMAZÉM/SC;PIX 22 SUPLENTE;PRONTO;;;;;;;
459;AMUREL;AMUREL;GRAVATAL;CLEI;R$ 0,00;DOAÇÃO DE DOIS VEÍCULOS PARA AS SECRETARIAS DE SERVIÇOS URBANOS, OBRAS E AGRICULTURA;DOAÇÕES;PRONTO;;;;;;;
458;AMUREL;AMUREL;GAROPABA;AIRES;R$ 0,00;DOAÇÃO DE UM VEÍCULO AUTOMOTIVO DE CINCO PORTAS PARA A SEC DE ADM;DOAÇÕES;ARQUIVADO;;;;;;;
457;AMREC;AMREC;COCAL DO SUL;ADEMIR;R$ 0,00;1ª EDIÇÃO DA FESTA DO COLONO E DO CAMINHONEIRO - 24 A 28 DE SETEMBRO DE 2025;PATROCÍNIOS;ARQUIVADO;;;;;;;
456;AMESC;AMESC;PASSO DE TORRES;PAULINHO GAITEIRO;R$ 100.000,00;FESTA MUNICIPAL DE NAVEGANTES - 31/01 A 02/02/2026 - ENVIADO SECRETÁRIO 16/10/25;PATROCÍNIOS;ARQUIVADO;;;;;;;
455;AMESC;AMESC;PASSO DE TORRES;PAULINHO GAITEIRO;R$ 50.000,00;4ª SEMANA FARROUPILHA - 13 A 20 DE SETEMBRO DE 2025;PATROCÍNIOS;PAGO;;;;;;;
454;AMUREL;AMUREL;TUBARÃO;NILTINHO;R$ 19.040,00;LETS BEER FESTIVAL - 18 A 21 DE OUTUBRO DE 2023;PATROCÍNIOS;PAGO;;;;;;;
453;AMUREL;AMUREL;TUBARÃO;PADRE EDSON;R$ 20.000,00;FESTA JUNINA DO BAIRRO PASSAGEM (SANTA TEREZINHA) - 5 A 12 DE JUNHO DE 2025;PATROCÍNIOS;PAGO;;;;;;;
452;AMUREL;AMUREL;SANGÃO;CASTILHO;R$ 15.000,00;2ª FESTA DA CULTURA DO MUNICÍPIO DE SANGÃO - 22 A 25 DE MAIO DE 2025;PATROCÍNIOS;PRONTO;;;;;;;
451;AMUREL;AMUREL;PAULO LOPES;NADIR;R$ 20.000,00;4ª FEIRA AGROPOLO - 23 A 25 DE MAIO DE 2025;PATROCÍNIOS;PRONTO;;;;;;;
450;AMUREL;AMUREL;PAULO LOPES;NADIR;R$ 20.000,00;2ª FEIRA AGROPOLO - 12 A 14 DE MAIO DE 2023;PATROCÍNIOS;PRONTO;;;;;;;
449;AMUREL;AMUREL;GAROPABA;JUNIOR;R$ 150.000,00;APOIO FINANCEIRO AO MUNICÍPIO NA ÁREA DA SAÚDE - CUSTEIO;SOBRA SAUDE 25;PUBLICADO;;;;;;;
448;AMUREL;AMUREL;SÃO LUDGERO;ELDER;R$ 107.000,00;APOIO FINANCEIRO AO MUNICÍPIO NA ÁREA DA SAÚDE - AMPLIAÇÃO PSICOLOGIA E PSIQUIATRIA;SOBRA SAUDE 25;PUBLICADO;;;;;;;
447;AMUREL;AMUREL;TREZE DE MAIO;MARCOS MODOLON;R$ 350.000,00;APOIO FINANCEIRO AO MUNICÍPIO PARA COMPRA DE UMA AMBULÂNCIA SAÚDE;SOBRA SAUDE 25;PRONTO;;;;;;;
446;AMUREL;AMUREL;GRAVATAL;CLEI;R$ 150.000,00;APOIO FINANCEIRO AO MUNICÍPIO NA ÁREA DA SAÚDE - CUSTEIO;SOBRA SAUDE 25;PUBLICADO;;;;;;;
445;AMUREL;AMUREL;PEDRAS GRANDES;JADNA;R$ 200.000,00;APOIO FINANCEIRO AO MUNICÍPIO NA ÁREA DA SAÚDE - INVESTIMENTO EM INFRA. DE ATENDIMENTO DE UNIDADES BÁSICAS DE SAÚDE;SOBRA SAUDE 25;PUBLICADO;;;;;;;
444;AMESC;AMESC;TURVO;RENATA;R$ 100.000,00;APOIO FINANCEIRO AO MUNICÍPIO NA ÁREA DA SAÚDE - ATENDIMENTO AUTISMO;SOBRA SAUDE 25;PUBLICADO;;;;;;;
443;AMUREL;AMUREL;SANGÃO;CASTILHO;R$ 150.000,00;APOIO FINANCEIRO AO MUNICÍPIO NA ÁREA DA SAÚDE - CUSTEIO DE EXAMES DE BAIXA, MÉDIA E ALTA COMPLEXIDADE;SOBRA SAUDE 25;PUBLICADO;;;;;;;
442;AMREC;AMREC;ORLEANS;XELA;R$ 100.000,00;FUNDAÇÃO HOSPITALAR SANTA OTILIA;SOBRA SAUDE 24;PRONTO;;;;;;;
441;AMUREL;AMUREL;IMARUÍ;ALENCAR;R$ 150.000,00;CUSTEIO HOSPITAL ASSOCIAÇÃO SANTA CASA SÃO JOÃO BATISTA;SOBRA SAUDE 24;PRONTO;;;;;;;
440;AMESC;AMESC;MELEIRO;JONAS;R$ 200.000,00;HOSPITAL COMUN SÃO JUDAS TADEU - CUSTEIO;SOBRA SAUDE 24;PRONTO;;;;;;;
439;AMUREL;AMUREL;GRAVATAL;CLEI;R$ 105.584,84;REALIZAÇÃO DE EXAMES;SOBRA SAUDE 24;PRONTO;;;;;;;
438;AMUREL;AMUREL;GAROPABA;JUNIOR;R$ 300.000,00;EXAMES DE IMAGEM: TOMOGRAFIAS, RESSONÂNCIAS MAGNÉTICAS E ULTRASSOM;SOBRA SAUDE 24;PRONTO;;;;;;;
436;AMUREL;AMUREL;PESCARIA BRAVA;HENRIQUE CASTRO;R$ 127.561,93;APOIO AO CUSTEIO PARA EXAMES DE RESSONÂNCIA MAGNÉTICA;SOBRA SAUDE 23;PRONTO;;;;;;;
435;AMUREL;AMUREL;GRAVATAL;CLEI;R$ 100.000,00;APOIO AO CUSTEIO PARA SAÚDE;SOBRA SAUDE 23;PRONTO;;;;;;;
434;AMUREL;AMUREL;GRAVATAL;DEPUTADO PEPÊ COLLAÇO;R$ 2.518.000,00;Pavimentação de trecho da Estrada Municipal Várzea das Canoas;BANCADA 26;AGUARDANDO PORTARIA;;;;;;;
433;AMUREL;AMUREL;PESCARIA BRAVA;DEPUTADO PEPÊ COLLAÇO;R$ 2.316.000,00;INVESTIMENTO EM INFRAESTRUTURA VIÁRIA;BANCADA 25;PAGO;;;;;;;
432;AMREC;AMREC;ORLEANS;CRUZETTA;R$ 2.316.000,00;PAVIMENTAÇÃO ASFÁLTICA DA RUA VEREADOR ELIAS BUSSOLO, NO BAIRRO SAMUEL SANDRINI;BANCADA 25;PAGO;;;;;;;
431;AMUREL;AMUREL;TUBARÃO;DEPUTADO PEPÊ COLLAÇO;R$ 5.000.000,00;PROJETO EXECUTIVO DA DRAGAGEM, DA ÁREA DO PORTO DE LAGUNA, COM REMODELAGEM DOS MOLHES;BANCADA 24;PUBLICADO;;;;;;;
430;AMUREL;AMUREL;TUBARÃO;DEPUTADO PEPÊ COLLAÇO;R$ 2.000.000,00;ABERTURA DA AV. PEDRO ZAPELINI;BANCADA 24;PUBLICADO;;;;;;;
429;ALTO VALE;AMAVI;VITOR MEIRELES;GREISON;R$ 150.000,00;Aquisição de materiais pétreos para pavimentação parcial da Rodovia VMS-075;TEV 26 5mi GOV;PUBLICADO;;;;;;;
428;SERRA;AMURES;URUBICI;LUCAS WARMLING;R$ 300.000,00;Pavimentação em asfalto da Rua Ana Warmling Stange;TEV 26 5mi GOV;PUBLICADO;;;;;;;
427;SERRA;AMURES;URUBICI;BARTHÔ;R$ 200.000,00;O recurso para pavimentação da Rua João Locks;TEV 26 5mi GOV;PUBLICADO;;;;;;;
426;AMUREL;AMUREL;TUBARÃO;DEPUTADO PEPÊ COLLAÇO;R$ 350.000,00;Custeio para Secretaria de Esporte - APROET / ADFT / CHURRASCADA - ROBÓTICA;TEV 26 7mi JG;AGUARDANDO PORTARIA;;;;;;;
425;AMUREL;AMUREL;TUBARÃO;ROBERTO ANTUNES;R$ 100.000,00;Pavientação da Rua Vespúcio Claudino e de um trecho da Rua Manoel Rosendo Linhares - (CTG);TEV 26 7mi JG;AGUARDANDO PORTARIA;;;;;;;
424;AMUREL;AMUREL;TUBARÃO;FERNANDO NANDI;R$ 350.000,00;Projeto CDL - Elaboração de projeto para implantação de redes subterrâneas de distribuição de energia elétrica;TEV 26 5mi GOV;PUBLICADO;;;;;;;
423;PLANALTO NORTE;AMUNESC;RIO NEGRINHO;ANDI CASTRO;R$ 250.000,00;Pavimentação de parte da Rua Luiz Bernardo Olsen;TEV 26 5mi GOV;PUBLICADO;;;;;;;
422;LITORAL NORTE;AMVE;RIO DOS CEDROS;ZAIO;R$ 300.000,00;PAVIMENTAÇÃO DA RCD-430 (Trecho1), BAIRRO RIO ESPERANÇA;TEV 26 5mi GOV;PUBLICADO;;;;;;;
421;ALTO VALE;AMAVI;RIO DO OESTE;DEPINÉ;R$ 150.000,00;Aquisição de equipamentos agrícolas;TEV 26 5mi GOV;PUBLICADO;;;;;;;
420;ALTO VALE;AMAVI;PRESIDENTE GETÚLIO;LALAS;R$ 400.000,00;Reperfilamento e recomposição asfáltica superficial da Rua Ruy Barbosa, do bairro Primavera;TEV 26 5mi GOV;AGUARDANDO DOCUMENTAÇÃO;;;;;;;
419;SERRA;AMURC;PONTE ALTA DO NORTE;RUBIA;R$ 100.000,00;Custeio e manutenção das atividades da Secretaria de Assistência Social;TEV 26 5mi GOV;AGUARDANDO DOCUMENTAÇÃO;;;;;;;
418;MEIO-OESTE;AMAUC;PERITIBA;ÍNDIO;R$ 100.000,00;Atividade na área da educação, atividades de educação básica;TEV 26 7mi JG;AGUARDANDO PORTARIA;;;;;;;
417;SERRA;AMURES;PAINEL;MARCIO ANDRADE;R$ 100.000,00;Aquisição de implementos;TEV 26 5mi GOV;AGUARDANDO DOCUMENTAÇÃO;;;;;;;
416;AMREC;AMREC;NOVA VENEZA;LELÊ;R$ 300.000,00;Manutenção no Ginásio de Esportes do São Bento Baixo;TEV 26 7mi JG;AGUARDANDO PORTARIA;;;;;;;
415;AMREC;AMREC;MORRO DA FUMAÇA;EDUARDO GUOLLO;R$ 200.000,00;Aquisição de Massa Asfáltica para Pavimentação e Manutenção Viária;TEV 26 7mi JG;AGUARDANDO PORTARIA;;;;;;;
414;LITORAL NORTE;GRANFPOLIS;LEOBERTO LEAL;NOILA;R$ 200.000,00;Concretagem do piso de Centro de Eventos;TEV 26 5mi GOV;AGUARDANDO DOCUMENTAÇÃO;;;;;;;
413;MEIO-OESTE;AMARP;LEBON RÉGIS;DEBORA;R$ 150.000,00;Recurso para Secretaria de Assistência Social;TEV 26 7mi JG;AGUARDANDO PORTARIA;;;;;;;
411;AMUREL;AMUREL;LAGUNA;FERNANDINHO;R$ 350.000,00;Pavimentação de trecho com 188 metros de extensão da rua Fernando Antônio dos Santos - Perrixil;TEV 26 7mi JG;AGUARDANDO PORTARIA;;;;;;;
410;AMUREL;AMUREL;JAGUARUNA;ISMAEL PIUCO;R$ 150.000,00;Pavimentação da Rua Santa Cecília, Bairro Encruzo;TEV 26 7mi JG;AGUARDANDO PORTARIA;;;;;;;
409;AMESC;AMESC;JACINTO MACHADO;VANUSA;R$ 500.000,00;Pavimentação de Trecho da Estrada Geral Arizona;TEV 26 5mi GOV;PUBLICADO;;;;;;;
408;ALTO VALE;AMAVI;ITUPORANGA;GEISON KURTZ;R$ 200.000,00;Implementos agrícolas;TEV 26 7mi JG;AGUARDANDO PORTARIA;;;;;;;
407;ALTO VALE;AMAVI;ITUPORANGA;LEANDRO MAY;R$ 200.000,00;Insumos para Infraestrutura;TEV 26 7mi JG;AGUARDANDO PORTARIA;;;;;;;
406;ALTO VALE;AMAVI;ITUPORANGA;LEANDRO MAY;R$ 635.000,00;Pavimentação de Ruas no Perímetro Urbano;TEV 26 5mi GOV;PUBLICADO;;;;;;;
405;ALTO VALE;AMAVI;ITUPORANGA;LEANDRO MAY;R$ 365.000,00;Pavimentação em concreto da Serra de Chapadão Santana;TEV 26 5mi GOV;AGUARDANDO DOCUMENTAÇÃO;;;;;;;
403;AMUREL;AMUREL;IMBITUBA;ELISIO SGROTT;R$ 300.000,00;Pavimentação da D.S. Rua Evaristo Lima, no bairro Campo D'aviação;TEV 26 7mi JG;AGUARDANDO PORTARIA;;;;;;;
402;AMUREL;AMUREL;IMARUÍ;SIMONE JOAO MACIEL;R$ 200.000,00;Aquisição de Véiculo Caminhão para a Secretaria de Infraestrutura;TEV 26 5mi GOV;AGUARDANDO DOCUMENTAÇÃO;;;;;;;
401;MEIO-OESTE;AMMOC;HERVAL D'OESTE;DUDU;R$ 300.000,00;Pavimentação da Rua João Cassimiro da Silva;TEV 26 7mi JG;AGUARDANDO PORTARIA;;;;;;;
400;MEIO-OESTE;AMMOC;CAPINZAL;JAIRO;R$ 450.000,00;Pavimentação de parte da Rua Pica-Pau, localizada no Loteamento Recanto dos Pássaros;TEV 26 5mi GOV;PUBLICADO;;;;;;;
399;ALTO VALE;AMAVI;AGRONÔMICA;EDENIR;R$ 200.000,00;Revitalização do Centro de Eventos Roberto Westphal, Rua 7 de Setembro, bairro Mosquito;TEV 26 5mi GOV;AGUARDANDO DOCUMENTAÇÃO;;;;;;;
398;ALTO VALE;AMAVI;WITMARSUM;PAULI;R$ 200.000,00;Aquisição de insumos para a pavimentação de 300 m da Serra do Sertãozinho;TEV 25 10mi GOV;PUBLICADO;;;;;;;
397;ALTO VALE;AMAVI;VIDAL RAMOS;MARLON SOUZA;R$ 100.000,00;Aquisição de insumos para pavimentação em concreto de 200m da estrada vicinal na Comunidade de Flamenguinho;TEV 25 10mi GOV;PUBLICADO;;;;;;;
396;AMUREL;AMUREL;TUBARÃO;BARBA;R$ 742.830,00;Aquisição de materiais para pavimentação e drenagem de vias no município;TEV 25 10mi GOV;PUBLICADO;;;;;;;
395;AMUREL;AMUREL;TUBARÃO;BARBA;R$ 557.170,00;Pavimentação de vias no município;TEV 25 10mi GOV;PUBLICADO;;;;;;;
394;MEIO-OESTE;AMMOC;TREZE TÍLIAS;CUCO;R$ 200.000,00;Aquisição de placas de sinalização turística para a Secretaria Municipal de Turismo;TEV 25 10mi GOV;PUBLICADO;;;;;;;
393;PLANALTO NORTE;AMPLANORTE;TRÊS BARRAS;RILDO;R$ 500.000,00;Pavimentação da rua Adão Santarém no Distrito de São Cristóvão;TEV 25 10mi GOV;PUBLICADO;;;;;;;
392;AMESC;AMESC;TIMBÉ DO SUL;EDMILSON MONDARDO;R$ 100.000,00;ILUMINAÇÃO PORTAL DA CIDADE;TEV 25 10mi GOV;PUBLICADO;;;;;;;
391;LITORAL NORTE;GRANFPOLIS;SÃO PEDRO DE ALCÂNTARA;SEC RAFAEL;R$ 100.000,00;Aquisição de um veículo utilitário para uso da Secretaria Municipal de Administração;TEV 25 10mi GOV;PUBLICADO;;;;;;;
390;AMUREL;AMUREL;SÃO MARTINHO;CASCÃO;R$ 200.000,00;Aquisição de uma Retro Escavadeira 4 x 4, para Secretaria de Transporte e Obras;TEV 25 10mi GOV;PUBLICADO;;;;;;;
389;OESTE;AMAI;SÃO DOMINGOS;BATATA;R$ 150.000,00;Custeio de atividades da secretaria municipal de urbanismo do Município;TEV 25 10mi GOV;PUBLICADO;;;;;;;
388;OESTE;AMAI;SÃO DOMINGOS;GUSTAVO VALGOI;R$ 150.000,00;Reforma, Ampliação e Modernização do Parque Infantil da Praça Germano Griss;TEV 25 10mi GOV;PUBLICADO;;;;;;;
387;LITORAL NORTE;GRANFPOLIS;SÃO BONIFÁCIO;GRAZI VANROO;R$ 250.000,00;Aquisição de Van para o Esporte;TEV 25 10mi GOV;PUBLICADO;;;;;;;
386;AMUREL;AMUREL;SANGÃO;CASTILHO;R$ 850.000,00;Pavimentação com lajotas de concreto em diversas vias do município: Rua das Palmeiras, Rua Angelo Felisberto Trecho II, Rua Odocia Goulart Savalaio, Rua Zulmira Garcia Patrício, Rua Aberlardo Virgínio, Rua Pedra Machado, Rua Gumercindo Goulart, Rua Débora Marta Valigura, Rua Altemir Domingos, Rua Projetada nº 47, Rua Lígia da Luz Dias, Rua Projetada.;TEV 25 10mi GOV;PUBLICADO;;;;;;;
385;MEIO-OESTE;AMARP;SALTO VELOSO;TAINARA;R$ 100.000,00;Aquisição de 01 Carreta Agrícola Basculante 6T e 01 Distribuidor de Dejetos com capacidade de 6.000 litros;TEV 25 10mi GOV;PUBLICADO;;;;;;;
384;ALTO VALE;AMAVI;RIO DO CAMPO;FABRICIO CAPSTRANO;R$ 200.000,00;Apoio financeiro para manutenção de estradas vicinais;TEV 25 10mi GOV;PUBLICADO;;;;;;;
383;AMESC;AMESC;PRAIA GRANDE;MARQUINHOS;R$ 200.000,00;Aquisição de Medicamentos para Secretaria Municipal de Saúde;TEV 25 10mi GOV;AGUARDANDO DOCUMENTAÇÃO;;;;;;;
382;AMUREL;AMUREL;PEDRAS GRANDES;LEXO;R$ 300.000,00;Pavimentação de Trecho da Estrada Geral Rio Coral;TEV 25 10mi GOV;AGUARDANDO DOCUMENTAÇÃO;;;;;;;
381;MEIO-OESTE;AMARP/AMMOC/AMAUC;OURO;SERGIO DURIGON;R$ 150.000,00;Aquisição de 4 Distribuidores de Adubo Orgânico Liquido para atendimento das demandas da Sec. de Agricultura;TEV 25 10mi GOV;AGUARDANDO DOCUMENTAÇÃO;;;;;;;
380;AMREC;AMREC;ORLEANS;VÁ CRUZETTA;R$ 400.000,00;Recuperação Asfáltica da Rua Januário Mazon;TEV 25 10mi GOV;PAGO;;;;;;;
379;AMREC;AMREC;ORLEANS;CRUZETTA;R$ 500.000,00;Pavimentação da Estrada Geral Taipa;TEV 25 10mi GOV;AGUARDANDO DOCUMENTAÇÃO;;;;;;;
378;AMREC;AMREC;NOVA VENEZA;ANGELA;R$ 400.000,00;Pavimentação da Rua José Lino Junkes, na Comunidade de São Bonifácio, distrito de São Bento Baixo;TEV 25 10mi GOV;AGUARDANDO DOCUMENTAÇÃO;;;;;;;
377;AMREC;AMREC;MORRO DA FUMAÇA;EDUARDO GUOLLO;R$ 500.000,00;Construção de Praça Coberta localizada no centro -> SOLICITADO TROCA PARA: Apoio financeiro através de custeio da Secretaria Municipal de Saúde;TEV 25 10mi GOV;SOLICITADO TROCA;;;;;;;
376;OESTE;AMERIOS;MARAVILHA;VINICIUS;R$ 150.000,00;Execução de obras de infraestrutura voltadas ao esporte, revitalização e adequação de áreas esportivas públicas, como quadras, ginásios e campos.;TEV 25 10mi GOV;AGUARDANDO DOCUMENTAÇÃO;;;;;;;
375;AMREC;AMREC;LAURO MÜLLER;CELINHO;R$ 400.000,00;Pavimentação Asfáltica da Rua Dionísio Adriano, bairro Mina Nova;TEV 25 10mi GOV;AGUARDANDO DOCUMENTAÇÃO;;;;;;;
374;AMUREL;AMUREL;IMARUÍ;DILNEI;R$ 100.000,00;Pavimentação do trecho final da rodovia IMA 451, na localidade do Rio Prainha;TEV 25 10mi GOV;PUBLICADO;;;;;;;
373;AMUREL;AMUREL;GRÃO-PARÁ;HELINHO;R$ 450.000,00;Aquisição de Caminhão Caçamba para a Secretaria Municipal de Obras;TEV 25 10mi GOV;PUBLICADO;;;;;;;
372;AMUREL;AMUREL;CAPIVARI DE BAIXO;SIMONE FILHA DO LECA;R$ 300.000,00;Pavimentação da Rua Maria de Fátima da Costa, Bairro Santa Lúcia;TEV 25 10mi GOV;PUBLICADO;;;;;;;
371;AMUREL;AMUREL;CAPIVARI DE BAIXO;ZICO;R$ 250.000,00;Apoio Financeiro para Melhorias e Revitalização da Praça no Bairro Paraiso;TEV 25 10mi GOV;PUBLICADO;;;;;;;
370;AMUREL;AMUREL;CAPIVARI DE BAIXO;ZICO;R$ 300.000,00;Aquisição de Veiculo Transporte Passageiros Departamento de Esporte;TEV 25 10mi GOV;PUBLICADO;;;;;;;
369;AMUREL;AMUREL;BRAÇO DO NORTE;TIMECA;R$ 450.000,00;Contração de Horas Máquinas para Execução de Serviços de Terraplanagem em Vias;TEV 25 10mi GOV;PUBLICADO;;;;;;;
368;LITORAL NORTE;AMVE;BENEDITO NOVO;JEAN;R$ 200.000,00;Pavimentação da Rua Karl Blaese – Ribeirão dos Russos;TEV 25 10mi GOV;PUBLICADO;;;;;;;
366;LITORAL NORTE;GRANFPOLIS;ANTÔNIO CARLOS;PIO;R$ 450.000,00;TROCA DE OBJETO - Pavimentação e Sinalização da Servidão dos Kuhn. (antes era para Rua Domingos Manoel Rocha);TEV 25 10mi GOV;SOLICITADO TROCA;;;;;;;
365;MEIO-OESTE;AMMOC;ÁGUA DOCE;JORGE HASLINGER;R$ 100.000,00;Aquisição de máquinas, equipamentos e implementos agrícolas;TEV 25 10mi GOV;PUBLICADO;;;;;;;
364;ALTO VALE;AMAVI;VIDAL RAMOS;ZENAIDE;R$ 150.000,00;Verificar com Deputado a Troca - (problemas na relação) Recurso para aquisição de implementos agrícolas para atender às demandas dos produtores rurais;IMPOSITIVA 25;SOLICITADO TROCA;;;;;;;
363;AMREC;AMREC;URUSSANGA;CAMILA;R$ 150.000,00;Recurso para implantar programa de hidroginástica destinado a pacientes com indicação médica;IMPOSITIVA 25;AGUARDANDO PORTARIA;;;;;;;
362;SERRA;AMURES;URUBICI;JOSI MENEGAZ;R$ 100.000,00;Recurso para infraestrutura hídrica e projeto de lazer da Associação de Moradores de São Pedro e São José;IMPOSITIVA 25;AGUARDANDO DOCUMENTAÇÃO;;;;;;;
361;AMUREL;AMUREL;TUBARÃO;PROF MAURICIO;R$ 100.000,00;CONSTRUÇÃO DE ÁREA COBERTA NO CENTRO EDUCACIONAL SANTO AFONSO;IMPOSITIVA 25;SOLICITADO TROCA;;;;;;;
360;AMUREL;AMUREL;TUBARÃO;KELLY BONELLI (SIGMA PARK);R$ 100.000,00;Custeio para desenvolvimento de atividades de fim social em tecnologia;IMPOSITIVA 25;EM ANÁLISE;;;;;;;
359;AMUREL;AMUREL;TUBARÃO;MARIA NILTA;R$ 100.000,00;COMBEMTU -para o custeio das atividades e consequentemente, para prosseguirmos impactando no desenvolvimento social da comunidade;IMPOSITIVA 25;AGUARDANDO DOCUMENTAÇÃO;;;;;;;
358;AMUREL;AMUREL;TUBARÃO;ROSIMERI GALVANI;R$ 100.000,00;REDE FEMININA - Recursos para custear atividades, manter serviços, adquirir materiais e ampliar ações de prevenção;IMPOSITIVA 25;EM ANÁLISE;;;;;;;
357;AMUREL;AMUREL;TUBARÃO;-;R$ 300.000,00;Recursos para ampliar e qualificar os atendimentos SUS no município e região;IMPOSITIVA 25;EM ANÁLISE;;;;;;;
356;AMUREL;AMUREL;TUBARÃO;JULIO KNOLL;R$ 100.000,00;REFORMA DO TELHADO DA ASSOCIAÇÃO CASA DOS ROTARIANOS DE TUBARÃO;IMPOSITIVA 25;AGUARDANDO DOCUMENTAÇÃO;;;;;;;
355;ALTO VALE;AMAVI;TROMBUDO CENTRAL;MARLON GOEDE;R$ 500.000,00;Recurso para construção de uma nova Creche Municipal em Trombudo Central;IMPOSITIVA 25;AGUARDANDO PORTARIA;;;;;;;
354;AMUREL;AMUREL;TREZE DE MAIO;CELINHO;R$ 100.000,00;Recuso para aquisição de drone agrícola para atender às necessidades do Município;IMPOSITIVA 25;AGUARDANDO PORTARIA;;;;;;;
353;AMUREL;AMUREL;TREZE DE MAIO;SUPLENTE CARLOS;R$ 100.000,00;Recurso para projeto social que promove inclusão e desenvolvimento cultural e esportivo na comunidade;IMPOSITIVA 25;AGUARDANDO PORTARIA;;;;;;;
352;AMUREL;AMUREL;TREZE DE MAIO;XELA;R$ 700.000,00;Recursos para ampliar e qualificar os atendimentos SUS no município e região;IMPOSITIVA 25;AGUARDANDO PORTARIA;;;;;;;
351;AMREC;AMREC;TREVISO;NEI BUOGO;R$ 300.000,00;Recurso para pavimentar a Rua João Buogo, acesso à Igreja Nossa Senhora dos Campos;IMPOSITIVA 25;AGUARDANDO PORTARIA;;;;;;;
350;AMREC;AMREC;TREVISO;LU POSSOLI;R$ 100.000,00;IMPLANTAÇÃO DE SALAS SENSORIAIS NA REDE DE ENSINO;IMPOSITIVA 25;AGUARDANDO PORTARIA;;;;;;;
349;PLANALTO NORTE;AMPLANORTE;TRÊS BARRAS;RILDO;R$ 500.000,00;Obras de revitalização da Rua Vereador Ricardo de Oliveira, Bairro Jardim Zilda Pacheco;IMPOSITIVA 25;AGUARDANDO PORTARIA;;;;;;;
348;AMESC;AMESC;TIMBÉ DO SUL;ADELINO;R$ 500.000,00;Recurso para pavimentação asfáltica com fornecimento de materiais em trecho da TBS 255 em Figueira Alessio;IMPOSITIVA 25;AGUARDANDO PORTARIA;;;;;;;
347;AMESC;AMESC;TIMBÉ DO SUL;SCHANA;R$ 150.000,00;Recurso para adquirir laboratórios e equipamentos para a Escola Frei Modesto e EJA Jussânia Búrigo;IMPOSITIVA 25;AGUARDANDO PORTARIA;;;;;;;
346;AMESC;AMESC;TIMBÉ DO SUL;JARDEL MANENTI;R$ 150.000,00;Pavimentação asfáltica de vias nos municipios;IMPOSITIVA 25;AGUARDANDO PORTARIA;;;;;;;
345;AMUREL;AMUREL;SÃO MARTINHO;CASCÃO;R$ 150.000,00;COMPRA VEÍCULO SPIN PARA APAE - Adquirir um veículo com cepacidade para sete (07) pessoas;IMPOSITIVA 25;AGUARDANDO DOCUMENTAÇÃO;;;;;;;
344;AMESC;AMESC;SÃO JOÃO DO SUL;FILIPE FARINHA;R$ 250.000,00;Aquisição de insumos para recuperação de vias no município;IMPOSITIVA 25;AGUARDANDO PORTARIA;;;;;;;
343;LITORAL NORTE;GRANFPOLIS;SÃO BONIFÁCIO;GRAZI VANROO;R$ 150.000,00;Recursos para a manutenção da Fundação Médico Assistencial do Trabalhador Rural de São Bonifácio.;IMPOSITIVA 25;AGUARDANDO PORTARIA;;;;;;;
342;AMUREL;AMUREL;SANTA ROSA DE LIMA;EDSON BAUMANN;R$ 200.000,00;Aquisição de implementos agricolas;IMPOSITIVA 25;AGUARDANDO PORTARIA;;;;;;;
341;AMUREL;AMUREL;SANTA ROSA DE LIMA;VALMIRA;R$ 100.000,00;Aquisição de instrumentos de sopro para educação do municipio;IMPOSITIVA 25;AGUARDANDO PORTARIA;;;;;;;
340;AMUREL;AMUREL;RIO FORTUNA;HELOISA HEIDEMANN;R$ 200.000,00;EXECUÇÃO DE OBRAS DE ACESIBILIDADE EM PONTE;IMPOSITIVA 25;AGUARDANDO PORTARIA;;;;;;;
339;ALTO VALE;AMAVI;RIO DO OESTE;DEPINÉ;R$ 100.000,00;Melhoria da infraestrutura urbana para ampliar mobilidade, segurança e impulsionar o desenvolvimento local;IMPOSITIVA 25;AGUARDANDO PORTARIA;;;;;;;
338;MEIO-OESTE;AMARP;RIO DAS ANTAS;PAULÃO;R$ 340.000,00;Recurso para manutenção das escolas, materiais pedagógicos e ações de qualificação do ensino;IMPOSITIVA 25;AGUARDANDO PORTARIA;;;;;;;
337;ALTO VALE;AMAVI;PRESIDENTE NEREU;LEO BENTO;R$ 100.000,00;Recurso para adquirir equipamentos, mobiliários e itens que aprimorem o atendimento especializado;IMPOSITIVA 25;AGUARDANDO PORTARIA;;;;;;;
336;ALTO VALE;AMAVI;PETROLÂNDIA;DÉIO;R$ 300.000,00;Recurso para pavimentação e drenagem pluvial na Rua Ver. Frederico de Sousa Filho;IMPOSITIVA 25;AGUARDANDO PORTARIA;;;;;;;
335;LITORAL NORTE;AMFRI;PENHA;MANU;R$ 100.000,00;Aquisição um veículo para uso exclusivo das ações de proteção e bem-estar animal do Município;IMPOSITIVA 25;AGUARDANDO PORTARIA;;;;;;;
334;LITORAL NORTE;AMFRI;PENHA;LUCIANO DE JESUS;R$ 228.908,97;Destinada à execução de obras de infraestrutura na Rua Cirineu Lacava;IMPOSITIVA 25;AGUARDANDO PORTARIA;;;;;;;
333;AMUREL;AMUREL;PAULO LOPES;FERNANDA;R$ 120.000,00;Recurso para a aquisição de um veículo para uso da Secretaria Municipal de Agricultura;IMPOSITIVA 25;AGUARDANDO PORTARIA;;;;;;;
332;AMUREL;AMUREL;PAULO LOPES;VANESSA;R$ 500.000,00;Recurso para melhorias na infraestrutura da Rua Frederico Manoel da Rosa, no bairro Santa Rita;IMPOSITIVA 25;AGUARDANDO PORTARIA;;;;;;;
331;PLANALTO NORTE;AMPLANORTE;PAPANDUVA;EUNICE;R$ 100.000,00;Recursos para ampliar e qualificar os atendimentos SUS no município e região;IMPOSITIVA 25;AGUARDANDO DOCUMENTAÇÃO;;;;;;;
330;OESTE;AMEOSC;PALMA SOLA;MARCIO SANSIGOLO;R$ 300.000,00;PAVIMENTAÇÃO ASFÁLTICA DA RUA DONA CECÍLIA;IMPOSITIVA 25;AGUARDANDO PORTARIA;;;;;;;
329;AMREC;AMREC;NOVA VENEZA;VIVI BORTOLOTTO;R$ 100.000,00;IMPLANTAÇÃO DE SALAS SENSORIAIS NA REDE DE ENSINO;IMPOSITIVA 25;AGUARDANDO PORTARIA;;;;;;;
328;AMREC;AMREC;NOVA VENEZA;VIVI BORTOLOTTO;R$ 100.000,00;Custeio de atividades de Ecoterapia - TEA;IMPOSITIVA 25;AGUARDANDO PORTARIA;;;;;;;
327;LITORAL NORTE;AMFRI;NAVEGANTES;ADRIANA MACARINI;R$ 300.000,00;Recurso para reforma da nova sede da APAE Navegantes, permitindo avanço das obras e da infraestrutura;IMPOSITIVA 25;PENDENTE;;;;;;;
326;AMREC;AMREC;MORRO DA FUMAÇA;HENRIQUE CASAGRANDE;R$ 500.000,00;Recurso para construir o Complexo Esportivo da Mina Fluorita e realizar melhorias no entorno;IMPOSITIVA 25;AGUARDANDO PORTARIA;;;;;;;
325;AMREC;AMREC;MORRO DA FUMAÇA;MARIJANE;R$ 150.000,00;APAE – Recursos para qualificar atendimentos, adquirir materiais úteis diversos e apoiar ações de saúde local;IMPOSITIVA 25;EM ANÁLISE;;;;;;;
324;AMREC;AMREC;MORRO DA FUMAÇA;EDUARDO GUOLLO;R$ 100.000,00;PAP: recursos para ações essenciais, materiais, insumos, medicamentos e manutenção básica;IMPOSITIVA 25;AGUARDANDO PORTARIA;;;;;;;
323;AMESC;AMESC;MELEIRO;JONAS;R$ 100.000,00;Recurso para a Saúde realizar exames e procedimentos de média e alta complexidade (MAC);IMPOSITIVA 25;AGUARDANDO PORTARIA;;;;;;;
322;AMESC;AMESC;MARACAJÁ;SEC RAFAEL;R$ 100.000,00;Recurso para reforma da Praça Frei Euzébio, criando espaço inclusivo;IMPOSITIVA 25;AGUARDANDO PORTARIA;;;;;;;
321;MEIO-OESTE;AMARP;MACIEIRA;VALERIA VUELMA;R$ 100.000,00;Aquisição de 285 kits de carteiras e cadeiras para as escolas Pequenos Brilhantes e Cândida Bertotto;IMPOSITIVA 25;AGUARDANDO PORTARIA;;;;;;;
320;MEIO-OESTE;AMMOC;LUZERNA;-;R$ 100.000,00;Recurso para aquisição de medicamentos, materiais de consumo e combustível para transporte de pacientes da Atenção Básica;IMPOSITIVA 25;AGUARDANDO PORTARIA;;;;;;;
319;LITORAL NORTE;GRANFPOLIS;LEOBERTO LEAL;MAICON;R$ 200.000,00;Construção do Centro de Eventos no município;IMPOSITIVA 25;AGUARDANDO PORTARIA;;;;;;;
318;AMUREL;AMUREL;LAGUNA;FERNANDINHO;R$ 400.000,00;Obra de pavimentação na rua José Antônio Pedro na comunidade de Caputera;IMPOSITIVA 25;SOLICITADO TROCA;;;;;;;
317;AMUREL;AMUREL;LAGUNA;DR ORLANDO;R$ 100.000,00;CASA ACOLHIDA FILHOS PREDILETOS - Recurso para compra de veiculo;IMPOSITIVA 25;AGUARDANDO DOCUMENTAÇÃO;;;;;;;
316;AMUREL;AMUREL;LAGUNA;ANDREA;R$ 100.000,00;Recurso para reforma e manutenção da estrutura física da sede da ACUSTRA;IMPOSITIVA 25;EM ANÁLISE;;;;;;;
315;AMUREL;AMUREL;FLORIANÓPOLIS/LAGUNA;DR ORLANDO;R$ 100.000,00;PAULÃO VÔLEI;IMPOSITIVA 25;AGUARDANDO DOCUMENTAÇÃO;;;;;;;
314;ALTO VALE;AMAVI;JOSÉ BOITEUX;ADRIANA ANDRADE;R$ 100.000,00;Recurso para adquirir equipamentos e implantar uma Sala Sensorial no CEI Branca de Neve;IMPOSITIVA 25;AGUARDANDO PORTARIA;;;;;;;
313;AMUREL;AMUREL;JAGUARUNA;PRETO;R$ 400.000,00;Recurso para ampliar e qualificar os atendimentos do Hospital de Caridade de Jaguaruna no SUS;IMPOSITIVA 25;EM ANÁLISE;;;;;;;
312;AMUREL;AMUREL;JAGUARUNA;ZAIDA;R$ 150.000,00;CONSELHO COMUNITÁRIO DE JAGUARUNA - Para Entidade custear o Programa de Atendimento ao Público TEA;IMPOSITIVA 25;AGUARDANDO DOCUMENTAÇÃO;;;;;;;
311;AMUREL;AMUREL;JAGUARUNA;BOBIÇA;R$ 200.000,00;PAVIMENTAÇÃO VIA QUE LIGA OS BAIRROS BOA VISTA À COSTA DA LAGOA;IMPOSITIVA 25;AGUARDANDO PORTARIA;;;;;;;
310;AMUREL;AMUREL;JAGUARUNA;ISMAEL PIUCO;R$ 150.000,00;Recurso para Ampliação da Unidade de Saúde da Comunidade de Olho D'Água;IMPOSITIVA 25;AGUARDANDO PORTARIA;;;;;;;
309;MEIO-OESTE;AMAUC;JABORÁ;RONEI;R$ 150.000,00;Recursos para a execução de melhorias na Escola Básica Municipal Alberto Bordin;IMPOSITIVA 25;AGUARDANDO PORTARIA;;;;;;;
308;ALTO VALE;AMAVI;ITUPORANGA;GEISON KURTZ;R$ 500.000,00;Recurso para ampliar e qualificar o atendimento escolar com melhorias, equipamentos e projetos pedagógicos;IMPOSITIVA 25;AGUARDANDO PORTARIA;;;;;;;
307;PLANALTO NORTE;AMPLANORTE;ITAIÓPOLIS;IVAN RECH;R$ 200.000,00;Recurso para aquisição e instalação de iluminação LED;IMPOSITIVA 25;AGUARDANDO PORTARIA;;;;;;;
306;ALTO VALE;AMAVI;IMBUIA;RONALDO;R$ 300.000,00;Recurso para aquisição de ônibus para uso da educação;IMPOSITIVA 25;AGUARDANDO PORTARIA;;;;;;;
305;AMUREL;AMUREL;IMBITUBA;ELISIO SGROTT;R$ 450.000,00;Recurso para a Pavimentação e drenagem pluvial do trecho 1, da Rua Izidoro João Manoel da Silva;IMPOSITIVA 25;AGUARDANDO PORTARIA;;;;;;;
304;AMUREL;AMUREL;IMBITUBA;HENRIQUE MELO;R$ 100.000,00;ASSOCIACAO DE VOLEIBOL DE IMBITUBA - Recurso para continuidade e expansão do Projeto Esportivo ASVI em 2026, ampliando ações e treinos;IMPOSITIVA 25;SOLICITADO TROCA;;;;;;;
303;AMUREL;AMUREL;IMBITUBA;HENRIQUE MELO;R$ 100.000,00;Para custear as atividades culturais executadas pela Cia Desmontagem Cênica de Imbituba;IMPOSITIVA 25;AGUARDANDO DOCUMENTAÇÃO;;;;;;;
302;AMUREL;AMUREL;IMARUÍ;ALENCAR;R$ 250.000,00;Recurso para adquirir equipamentos hospitalares;IMPOSITIVA 25;EM ANÁLISE;;;;;;;
301;AMREC;AMREC;IÇARA;RODRIGO;R$ 300.000,00;HOSPITAL SÃO DONATO - Recurso para Custeio e Manutenção dos Serviços de Saúde, destinados ao pagamento dos plantonistas médicos do pronto socorro;IMPOSITIVA 25;EM ANÁLISE;;;;;;;
300;AMUREL;AMUREL;GRAVATAL;CEMÁ;R$ 140.000,00;AQUISIÇÃO DE VEÍCULO PARA SECRETARIA DE ESPORTES;IMPOSITIVA 25;AGUARDANDO PORTARIA;;;;;;;
299;AMUREL;AMUREL;GRAVATAL;ESTRELO;R$ 100.000,00;AQUISIÇÃO DE IMPLEMENTOS AGRÍCOLAS;IMPOSITIVA 25;AGUARDANDO PORTARIA;;;;;;;
298;AMUREL;AMUREL;GRÃO-PARÁ;GALEGA;R$ 150.000,00;AQUISIÇÃO VEÍCULO PARA ZOONOSES;IMPOSITIVA 25;AGUARDANDO PORTARIA;;;;;;;
297;LITORAL NORTE;AMVE;GASPAR;MELATO;R$ 100.000,00;Recurso para castrações, atendimentos veterinários, vacinação, adoção e apoio à proteção animal;IMPOSITIVA 25;AGUARDANDO PORTARIA;;;;;;;
296;AMUREL;AMUREL;GAROPABA;TARGINO;R$ 100.000,00;Recurso para aquisição de recursos para manutenção da associação Abraço Fraterno;IMPOSITIVA 25;EM ANÁLISE;;;;;;;
295;AMREC;AMREC;FORQUILHINHA;FELIPE DORDETE;R$ 900.000,00;Recurso para a Construção de um CENTRO DE EDUCAÇÃO INFALTIL (C.E.I.) no Bairro Ouro Negro;IMPOSITIVA 25;AGUARDANDO PORTARIA;;;;;;;
294;LITORAL NORTE;GRANFPOLIS;FLORIANÓPOLIS;MARQUINHOS;R$ 100.000,00;LIRA TENIS CLUBE - Recurso para manutenção e ampliação do serviço especializado e apresentação de Projeto para Natação para Portadores do TEA;IMPOSITIVA 25;SOLICITADO TROCA;;;;;;;
293;LITORAL NORTE;GRANFPOLIS;FLORIANÓPOLIS;MARQUINHOS;R$ 100.000,00;AABB - PROJETO SOCIAL DE VÔLEI SACA ESSA;IMPOSITIVA 25;EM ANÁLISE;;;;;;;
292;AMREC;AMREC;COCAL DO SUL;ADEMIR;R$ 350.000,00;Construção de salas de aula na rede municipal de ensino de Cocal do Sul;IMPOSITIVA 25;AGUARDANDO PORTARIA;;;;;;;
291;ALTO VALE;AMAVI;CHAPADÃO DO LAGEADO;EDESIO;R$ 200.000,00;Recursos para a aquisição de um Trator Agrícola, para apoio a Secretaria da agricultura de nosso Município;IMPOSITIVA 25;AGUARDANDO PORTARIA;;;;;;;
290;AMUREL;AMUREL;CAPIVARI DE BAIXO;PADRE EDUARDO;R$ 130.000,00;Recurso para aquisição de um veículo modelo FIAT STRADA VOLCANO CABINE DUPLA 1.3;IMPOSITIVA 25;EM ANÁLISE;;;;;;;
289;AMUREL;AMUREL;CAPIVARI DE BAIXO;ALEX SENSEI;R$ 100.000,00;Aquisição de materiais do projeto Escola de Campeões, que oferece aulas gratuitas de karatê;IMPOSITIVA 25;SOLICITADO TROCA;;;;;;;
288;AMUREL;AMUREL;CAPIVARI DE BAIXO;JULIO ZUCO;R$ 100.000,00;Solicitação de emenda para compra de material esportivo;IMPOSITIVA 25;SOLICITADO TROCA;;;;;;;
287;AMUREL;AMUREL;CAPIVARI DE BAIXO;SUPLENTE PACHECO;R$ 250.000,00;Trocar objeto - (relacionamento) Aquisição de veiculo utilitário 4x4 para defesa civil;IMPOSITIVA 25;SOLICITADO TROCA;;;;;;;
286;AMUREL;AMUREL;CAPIVARI DE BAIXO;MARCIA;R$ 100.000,00;REDE FEMININA - Recursos para custear atividades, manter serviços, adquirir materiais e ampliar ações de prevenção;IMPOSITIVA 25;EM ANÁLISE;;;;;;;
285;AMUREL;AMUREL;CAPIVARI DE BAIXO;ZICO;R$ 100.000,00;CLUBE DE MÃES - Aquisição de insumos para as atividades a serem desenvolvidas pelos grupos e turmas;IMPOSITIVA 25;AGUARDANDO DOCUMENTAÇÃO;;;;;;;
284;MEIO-OESTE;AMMOC;CAPINZAL;JAIRO;R$ 500.000,00;Recursos para pavimentar a Rua Pica-Pau, no Recanto dos Pássaros, melhorando tráfego e segurança.;IMPOSITIVA 25;AGUARDANDO PORTARIA;;;;;;;
283;LITORAL NORTE;AMVE;BRUSQUE;PIROLA;R$ 100.000,00;Escola de Ensino Fundamental Professora Georgina de Carvalho Ramos da Luz;IMPOSITIVA 25;AGUARDANDO PORTARIA;;;;;;;
282;LITORAL NORTE;AMVE;BRUSQUE;PIROLA;R$ 100.000,00;Centro de Educação Infantil Tia Trude;IMPOSITIVA 25;AGUARDANDO PORTARIA;;;;;;;
281;LITORAL NORTE;AMVE;BRUSQUE;PIROLA;R$ 100.000,00;Centro de Educação Infantil Nova Brasília;IMPOSITIVA 25;AGUARDANDO PORTARIA;;;;;;;
280;AMUREL;AMUREL;BRAÇO DO NORTE;LAERCIO;R$ 100.000,00;FUNBAMA - Aquisição de um Drone para ações de monitoramento ambiental;IMPOSITIVA 25;AGUARDANDO PORTARIA;;;;;;;
279;AMUREL;AMUREL;BRAÇO DO NORTE;SEC JOANA;R$ 100.000,00;Recurso para aquisição de 20 abrigos para pontos de transporte escola;IMPOSITIVA 25;AGUARDANDO PORTARIA;;;;;;;
278;AMUREL;AMUREL;BRAÇO DO NORTE;REGI DEMÉTRIO;R$ 450.000,00;PAVIMENTAÇÃO RUA PADRE JACOB LUIZ NEIBEL - Bairro São francisco de Assis;IMPOSITIVA 25;AGUARDANDO PORTARIA;;;;;;;
277;AMUREL;AMUREL;BRAÇO DO NORTE;VANINHO;R$ 100.000,00;HOSPITAL SANTA TEREZINHA - Ampliação e construção de novo prédio para atendimentos;IMPOSITIVA 25;EM ANÁLISE;;;;;;;
276;OESTE;AMAI;BOM JESUS;JOAO DA GARAGEM;R$ 100.000,00;CUSTEIO SAÚDE - Insumos para atividades dos postos de saúde do município;IMPOSITIVA 25;AGUARDANDO PORTARIA;;;;;;;
275;LITORAL NORTE;GRANFPOLIS;BIGUAÇU;JOHN KENNEDY;R$ 250.000,00;Implantação de um sistema de câmeras de segurança no Município;IMPOSITIVA 25;AGUARDANDO PORTARIA;;;;;;;
274;AMREC;AMREC;BALNEÁRIO RINCÃO;VIDAL;R$ 100.000,00;Recursos para Rede Feminina de Combate ao Câncer de Balneário Rincão, destinados à construção da sede própria da entidade;IMPOSITIVA 25;AGUARDANDO DOCUMENTAÇÃO;;;;;;;
273;AMESC;AMESC;BALNEÁRIO GAIVOTA;NICA;R$ 140.000,00;Pavimentação asfáltica da Rua José delaudino dos Santos;IMPOSITIVA 25;AGUARDANDO PORTARIA;;;;;;;
272;MEIO-OESTE;AMARP;ARROIO TRINTA;ADILSON ANSILIERO;R$ 300.000,00;Aquisição de um veículo para uso da Secretaria Municipal de Esportes, utilizado para o transporte de atletas e equipes esportivas;IMPOSITIVA 25;AGUARDANDO PORTARIA;;;;;;;
271;AMUREL;AMUREL;ARMAZÉM;ZACA;R$ 150.000,00;COMPRA VEÍCULO SPIN PARA APAE - Adquirir um veículo com capacidade para sete (07) pessoas;IMPOSITIVA 25;AGUARDANDO DOCUMENTAÇÃO;;;;;;;
270;AMUREL;AMUREL;ARMAZÉM;REGIS;R$ 280.000,00;Recurso para repavimentação de trecho da Rua Adolfo Steiner;IMPOSITIVA 25;AGUARDANDO PORTARIA;;;;;;;
269;AMESC;AMESC;ARARANGUÁ;DOUGLAS MICHELS;R$ 370.000,00;TROCAR - Recurso para pavimentação da Rodovia Municipal ARA - 204, na comunidade de Sanga do Marco;IMPOSITIVA 25;AGUARDANDO PORTARIA;;;;;;;
268;LITORAL NORTE;GRANFPOLIS;ANTÔNIO CARLOS;PIO;R$ 360.000,00;Pavimentação e Infraestrutura da Rua Alvina Martendal Richartz;IMPOSITIVA 25;AGUARDANDO PORTARIA;;;;;;;
267;ALTO VALE;AMAVI;AGRONÔMICA;NEI RODRIGUES;R$ 100.000,00;Recurso para melhorias viárias e iluminação pública na Rua 7 de Setembro e imediações do Centro de Eventos;IMPOSITIVA 25;AGUARDANDO PORTARIA;;;;;;;
266;MEIO-OESTE;AMPLASC;ABDON BATISTA;CASCALHO;R$ 150.000,00;Incentivo para ações agrícolas, infraestrutura rural e aquisição de equipamentos, visando desenvolvimento;IMPOSITIVA 25;AGUARDANDO PORTARIA;;;;;;;
265;MEIO-OESTE;AMPLASC;ZORTÉA;ÉLIO;R$ 150.000,00;MELHORIAS NA INFRAESTRUTURA DA ESCOLA MUNICIPAL HORIZONTE NÚCLEO I;TEV 25 20mi GOV;PUBLICADO;;;;;;;
264;ALTO VALE;AMAVI;WITMARSUM;PAULI;R$ 100.000,00;RECUPERAÇÃO DAS ESTRADAS VICINAIS NO RIBEIRÃO MARRECO;TEV 25 20mi GOV;PUBLICADO;;;;;;;
263;ALTO VALE;AMAVI;VIDAL RAMOS;MARLON SOUZA;R$ 150.000,00;AQUISIÇÃO DE UM VEÍCULO PARA O ABRIGO ALBERTINA BERKENBROCK;TEV 25 20mi GOV;PUBLICADO;;;;;;;
262;AMREC;AMREC;URUSSANGA;ZÉ BIS;R$ 250.000,00;PAVIMENTAÇÃO DA RUA DAVID SPRICIGO, RUA GIOVANI SALVADOR E DA CICLOVIA DO POLIESPORTIVO MUNICIPAL;TEV 25 20mi GOV;PUBLICADO;;;;;;;
261;SERRA;AMURES;URUPEMA;CRISTIANE;R$ 250.000,00;CONSTRUÇÃO DE PARQUE INFANTIL NA PRAÇA CENTRAL;TEV 25 20mi GOV;PUBLICADO;;;;;;;
260;SERRA;AMURES;URUBICI;JOSI MENEGAZ;R$ 300.000,00;PAVIMENTAÇÃO DA RUA JUCELINO KUBITSCHEK;TEV 25 20mi GOV;PUBLICADO;;;;;;;
259;AMUREL;AMUREL;TUBARÃO;VEREADORES;R$ 1.500.000,00;PAVIMENTAÇÃO;TEV 25 20mi GOV;PUBLICADO;;;;;;;
258;AMUREL;AMUREL;TREZE DE MAIO;MICAEL RALDI;R$ 100.000,00;INVESTIMENTO EM EQUIPAMENTO TURÍSTICO / ESPORTIVO;TEV 25 20mi GOV;PUBLICADO;;;;;;;
257;AMREC;AMREC;TREVISO;LU POSSOLI;R$ 300.000,00;REFORMA E AMPLIAÇÃO DA UNIDADE DE SAÚDE DILNEI ZELINDO SÔNEGO;TEV 25 20mi GOV;AGUARDANDO DOCUMENTAÇÃO;;;;;;;
256;AMESC;AMESC;TIMBÉ DO SUL;SCHANA;R$ 350.000,00;AQUISIÇÃO DE VEÍCULO UTILITÁRIO PARA SECRETARIA DE EDUCAÇÃO;TEV 25 20mi GOV;PUBLICADO;;;;;;;
255;LITORAL NORTE;GRANFPOLIS;SÃO PEDRO DE ALCÂNTARA;SEC RAFAEL;R$ 130.000,00;AMPLIAÇÃO DE VAGAS DE ESTACIONAMENTO DE POSTOS DE SAÚDE;TEV 25 20mi GOV;PUBLICADO;;;;;;;
254;LITORAL NORTE;GRANFPOLIS;SÃO JOSÉ;GILMARA;R$ 1.000.000,00;PAVIMENTAÇÃO EM PAVER E MANUTENÇÃO DA VIA MUNICIPAL RUA LEONEL FELISBINO DA SILVA;TEV 25 20mi GOV;PUBLICADO;;;;;;;
253;OESTE;AMAI;SÃO DOMINGOS;BATATA;R$ 120.000,00;REFORMA DO PAVILHÃO DO CENTRO COMUNITÁRIO DO BAIRRO ESPERANÇA;TEV 25 20mi GOV;PUBLICADO;;;;;;;
252;OESTE;AMAI;SÃO DOMINGOS;GUSTAVO VALGOI;R$ 100.000,00;REFORMA NA ESCOLA INFANTIL MUNICIPAL PINGO DE GENTE E ESCOLA INFANTIL MUNICIPAL BRANCA DE NEVE;TEV 25 20mi GOV;PUBLICADO;;;;;;;
251;LITORAL NORTE;GRANFPOLIS;SÃO BONIFÁCIO;GRAZI VANROO;R$ 100.000,00;AQUISIÇÃO DE PARQUINHOS;TEV 25 20mi GOV;PUBLICADO;;;;;;;
250;LITORAL NORTE;GRANFPOLIS;SÃO BONIFÁCIO;GRAZI VANROO;R$ 100.000,00;CONSTRUÇÃO DE SALAS PARA SECRETARIA DE ASSISTÊNCIA SOCIAL;TEV 25 20mi GOV;PUBLICADO;;;;;;;
249;AMUREL;AMUREL;SANGÃO;CASTILHO;R$ 500.000,00;PAVIMENTAÇÃO NAS RUAS ZENIR SCREMIN, ROSINEI IDO PACHECO, LAURITA, ALEXANDRINA LUIZ, MAICON FRANCISCO MARTINS, ANTONIO ALMEIDA E BERTOLDO SANTANA NO BAIRRO MORRO GRANDE;TEV 25 20mi GOV;PUBLICADO;;;;;;;
248;MEIO-OESTE;AMARP;SALTO VELOSO;TAINARA;R$ 100.000,00;CONSTRUÇÃO DE TOLDO METÁLICO E COBERTURA EM POLICARBONATO NA ENTRADA DA UNIDADE BÁSICA DE SAÚDE;TEV 25 20mi GOV;PUBLICADO;;;;;;;
247;SERRA;AMURES;RIO RUFINO;ADEMAR;R$ 200.000,00;MANUTENÇÃO DAS AÇÕES DA ASSISTÊNCIA SOCIAL;TEV 25 20mi GOV;PUBLICADO;;;;;;;
246;AMUREL;AMUREL;RIO FORTUNA;ITAMAR FELDHAUS;R$ 200.000,00;AQUISIÇÃO DE BALANÇAS PARA PESAR CAMINHÕES;TEV 25 20mi GOV;PUBLICADO;;;;;;;
245;AMUREL;AMUREL;RIO FORTUNA;HELOISA HEIDEMANN;R$ 200.000,00;OBRAS DE ACESSIBILIDADE EM PONTE;TEV 25 20mi GOV;SOLICITADO TROCA;;;;;;;
244;ALTO VALE;AMAVI;PRESIDENTE NEREU;LEO BENTO;R$ 100.000,00;AQUISIÇÃO DE VEÍCULO UTILITÁRIO PARA FOMENTO DA AGRICULTURA;TEV 25 20mi GOV;PRONTO;;;;;;;
243;ALTO VALE;AMAVI;PRESIDENTE GETÚLIO;LALAS;R$ 150.000,00;DRENAGEM PLUVIAL, PAVIMENTAÇÃO E SINALIZAÇÃO DAS RUAS ISABEL WILHELM E EDGAR WILHELM;TEV 25 20mi GOV;PUBLICADO;;;;;;;
242;AMESC;AMESC;PRAIA GRANDE;TIAGO DUARTE;R$ 100.000,00;AQUISIÇÃO DE MATERIAIS ESPORTIVOS PARA SECRETARIA DE ESPORTE;TEV 25 20mi GOV;AGUARDANDO DOCUMENTAÇÃO;;;;;;;
241;SERRA;AMURES;PONTE ALTA;THIAGO PEREIRA;R$ 100.000,00;AQUISIÇÃO DE VEÍCULO PARA SECRETARIA DE ASSISTÊNCIA SOCIAL;TEV 25 20mi GOV;AGUARDANDO DOCUMENTAÇÃO;;;;;;;
240;OESTE;AMOSC;PINHALZINHO;FRANCI;R$ 250.000,00;AQUISIÇÃO DE MICROONIBUS ACESSÍVEL PARA A EDUCAÇÃO;TEV 25 20mi GOV;AGUARDANDO DOCUMENTAÇÃO;;;;;;;
239;ALTO VALE;AMAVI;PETROLÂNDIA;MARCELO MEDEIROS;R$ 200.000,00;PAVIMENTAÇÃO ASFÁLTICA RUA ARI DEUTTNER;TEV 25 20mi GOV;AGUARDANDO DOCUMENTAÇÃO;;;;;;;
238;AMUREL;AMUREL;PESCARIA BRAVA;LEIA;R$ 150.000,00;SOLICITADO TROCA -> Pavimentação em Lajotas da Rua Julio Gomes- Bairro Laranjeiras (era para RUA OSCAR DE ANDRADE POLUCENO);TEV 25 20mi GOV;SOLICITADO TROCA;;;;;;;
237;AMUREL;AMUREL;PESCARIA BRAVA;JAISSON;R$ 100.000,00;AQUISIÇÃO DE KITS DE ARTESANATO DESTINADOS A GRUPOS DE MULHERES;TEV 25 20mi GOV;PUBLICADO;;;;;;;
236;MEIO-OESTE;AMAUC;PERITIBA;ÍNDIO;R$ 100.000,00;AQUISIÇÃO DE COMBUSTÍVEL PARA ABASTECIMENTO DA FROTA DE MÁQUINAS E EQUIPAMENTOS;TEV 25 20mi GOV;PUBLICADO;;;;;;;
235;AMUREL;AMUREL;PEDRAS GRANDES;KUKI;R$ 200.000,00;AQUISIÇÃO DE VEÍCULO UTILITÁRIO 4X4;TEV 25 20mi GOV;AGUARDANDO DOCUMENTAÇÃO;;;;;;;
234;AMUREL;AMUREL;PAULO LOPES;FERNANDA;R$ 900.000,00;COBERTURA DE CANCHA NO CENTRO DE EVENTOS ABELARDO JUVÊNCIO RODRIGUES, BAIRRO SANTO CRUZ;TEV 25 20mi GOV;PUBLICADO;;;;;;;
233;SERRA;AMURES;PAINEL;HILARIO;R$ 150.000,00;CUSTEIO DO TRANSPORTE DE ALUNOS;TEV 25 20mi GOV;PUBLICADO;;;;;;;
232;AMREC;AMREC;NOVA VENEZA;GOGA;R$ 270.000,00;COLOCAÇÃO DE PAVER NO COMPLEXО ESPORTIVO ANTÔNIO AMBONI;TEV 25 20mi GOV;PAGO;;;;;;;
231;AMREC;AMREC;NOVA VENEZA;CARMEN;R$ 280.000,00;AQUISIÇÃO DE VEÍCULOS UTILITÁRIOS PARA TRANSPORTE DE PASSAGEIROS TIPO VAN PARA CLUBES DE MÃES;TEV 25 20mi GOV;AGUARDANDO DOCUMENTAÇÃO;;;;;;;
230;AMREC;AMREC;NOVA VENEZA;KEKA;R$ 500.000,00;COLOCAÇÃO DE GRAMADO SINTÉTICO NO COMPLEXO ESPORTIVO DO DISTRITO DE CARAVAGGIO;TEV 25 20mi GOV;PAGO;;;;;;;
229;AMESC;AMESC;MORRO GRANDE;KEIO;R$ 250.000,00;ESCAVADEIRA;TEV 25 20mi GOV;EM ANÁLISE;;;;;;;
228;AMESC;AMESC;MORRO GRANDE;ALLAN SPADER;R$ 150.000,00;DRENAGEM COM TUBULAÇÃO NA SANGA LATERAL DA ESTRADA SANGA DAS PEDRAS;TEV 25 20mi GOV;AGUARDANDO DOCUMENTAÇÃO;;;;;;;
227;OESTE;AMERIOS;MARAVILHA;VINICIUS;R$ 200.000,00;AQUISIÇÃO DE VEÍCULO PARA O DESENVOLVIMENTO DAS ATIVIDADES DA SECRETARIA MUNICIPAL DE ESPORTES;TEV 25 20mi GOV;PAGO;;;;;;;
226;AMREC;AMREC;LAURO MÜLLER;SEC GUSTAVO;R$ 300.000,00;REABILITAÇÃO ATRAVÉS DE EQUOTERAPIA E TERAPIA OCUPACIONAL PARA PESSOAS COM TEA;TEV 25 20mi GOV;AGUARDANDO DOCUMENTAÇÃO;;;;;;;
225;AMREC;AMREC;LAURO MÜLLER;VALDIR FONTANELLA;R$ 300.000,00;PAVIMENTAÇÃO ASFÁLTICA RODOVIA MUNICIPAL GUATÁ DE BAIXO;TEV 25 20mi GOV;PAGO;;;;;;;
224;AMREC;AMREC;LAURO MÜLLER;CELINHO;R$ 100.000,00;CUSTEIO DA SECRETARIA DE SAÚDE ATRAVÉS DE EXAMES MÉDICOS E LABORATORIAIS;TEV 25 20mi GOV;AGUARDANDO DOCUMENTAÇÃO;;;;;;;
223;AMUREL;AMUREL;LAGUNA;MANINHO;R$ 1.000.000,00;PAVIMENTAÇÃO ASFÁLTICA RUA VEREADOR JOSÉ TOMÉ MACHADO DE SOUZA. BAIRRO PONTA DA BARRA;TEV 25 20mi GOV;AGUARDANDO DOCUMENTAÇÃO;;;;;;;
222;AMESC;AMESC;JACINTO MACHADO;GRASI EMERICH;R$ 250.000,00;REFORMA DO POSTO DE SAÚDE;TEV 25 20mi GOV;AGUARDANDO DOCUMENTAÇÃO;;;;;;;
221;ALTO VALE;AMAVI;ITUPORANGA;GEISON KURTZ;R$ 1.000.000,00;CONSTRUÇÃO DA RUA COBERTA NA ÁREA CENTRAL DO MUNICÍPIO;TEV 25 20mi GOV;AGUARDANDO DOCUMENTAÇÃO;;;;;;;
220;PLANALTO NORTE;AMPLANORTE;ITAIÓPOLIS;TINO;R$ 300.000,00;AQUISIÇÃO DE MATERIAL BRITADO PARA RECUPERAÇÃO DA ESTRADA GERAL NA LOCALIDADE DE SÃO PEDRO;TEV 25 20mi GOV;AGUARDANDO DOCUMENTAÇÃO;;;;;;;
219;AMUREL;AMUREL;IMBITUBA;EDUARDO FAUSTINA;R$ 500.000,00;PAVIMENTAÇÃO E DRENAGEM DA RUA MARCELINO JOVINO RODRIGUES - BAIRRO ALTO ARROIO;TEV 25 20mi GOV;AGUARDANDO DOCUMENTAÇÃO;;;;;;;
218;AMUREL;AMUREL;IMARUÍ;DILNEI;R$ 100.000,00;TROCA OBJETO -> AQUISIÇÃO DE VEÍCULO PARA A SECRETARIA DE GOVERNO DO MUNICÍPIO;TEV 25 20mi GOV;PUBLICADO;;;;;;;
217;AMREC;AMREC;IÇARA;DEPUTADO PEPÊ COLLAÇO;R$ 1.500.000,00;PAVIMENTAÇÃO DE RUAS NO BAIRRO VILA NOVA;TEV 25 20mi GOV;EM ANÁLISE;;;;;;;
216;AMREC;AMREC;IÇARA;JOAO LUIZ NUNES;R$ 300.000,00;PAVIMENTAÇÃO COM LAJOTAS SEXTAVADAS DA RUA MAX VENTURA;TEV 25 20mi GOV;PUBLICADO;;;;;;;
215;AMREC;AMREC;IÇARA;DUCA ZATA;R$ 300.000,00;PAVIMENTAÇÃO COM LAJOTAS SEXTAVADAS DA RUA SÃO FRANCISCO DE ASSIS;TEV 25 20mi GOV;AGUARDANDO DOCUMENTAÇÃO;;;;;;;
214;AMREC;AMREC;IÇARA;RODRIGO;R$ 300.000,00;PAVIMENTAÇÃO COM LAJOTAS SEXTAVADAS DA RUA EGÍDIO NOVAK;TEV 25 20mi GOV;AGUARDANDO DOCUMENTAÇÃO;;;;;;;
213;AMREC;AMREC;IÇARA;GELSON POSSAMAI;R$ 100.000,00;REVITALIZAÇÃO DA RUA TEREZA FONTANA NO BAIRRO AURORA;TEV 25 20mi GOV;AGUARDANDO DOCUMENTAÇÃO;;;;;;;
212;AMREC;AMREC;IÇARA;GELSON POSSAMAI;R$ 200.000,00;PAVIMENTAÇÃO COM LAJOTAS SEXTAVADAS DA RUA JOÃO GHEDIN, BAIRRO POÇO TRÊS;TEV 25 20mi GOV;AGUARDANDO DOCUMENTAÇÃO;;;;;;;
211;AMREC;AMREC;IÇARA;BERTAN;R$ 150.000,00;REVITALIZAÇÃO DO CAMPO DE FUTEBOL DO BAIRRO DEMBOSKI;TEV 25 20mi GOV;AGUARDANDO DOCUMENTAÇÃO;;;;;;;
210;AMREC;AMREC;IÇARA;BERTAN;R$ 150.000,00;REVITALIZAÇÃO DA PRAÇA DO BAIRRO PRESIDENTE VARGAS;TEV 25 20mi GOV;AGUARDANDO DOCUMENTAÇÃO;;;;;;;
209;MEIO-OESTE;AMMOC;HERVAL D'OESTE;MARCO POLO;R$ 150.000,00;REALIZAÇÃO DE CONSTRUÇÃO DE ÁREA DE RECREAÇÃO NO BAIRRO ESTAÇÃO LUZERNA;TEV 25 20mi GOV;AGUARDANDO DOCUMENTAÇÃO;;;;;;;
208;MEIO-OESTE;AMMOC;HERVAL D'OESTE;DUDU;R$ 150.000,00;REALIZAÇÃO DE RECAPEAMENTO DE PARTE DA RUA 09 DE JULHO NO BAIRRO SANTO ANTONIO;TEV 25 20mi GOV;AGUARDANDO DOCUMENTAÇÃO;;;;;;;
207;AMUREL;AMUREL;GRAVATAL;SOCA;R$ 500.000,00;CUSTEIO DE EXAMES E CONSULTAS ESPECIALIZADAS;TEV 25 20mi GOV;PUBLICADO;;;;;;;
206;SERRA;AMURC;FREI ROGÉRIO;AMANDA MARIOT;R$ 150.000,00;ADEQUAÇÃO E REVITALIZAÇÃO DA CASA DO ARTESÃO;TEV 25 20mi GOV;AGUARDANDO DOCUMENTAÇÃO;;;;;;;
205;MEIO-OESTE;AMARP;FRAIBURGO;SIMARA;R$ 100.000,00;PAVIMENTAÇÃO DA RUA ANTONIO BURDA, BAIRRO CENTRO;TEV 25 20mi GOV;AGUARDANDO DOCUMENTAÇÃO;;;;;;;
204;AMREC;AMREC;COCAL DO SUL;MARCELO MEDEIROS;R$ 150.000,00;CONSTRUÇÃO DE UMA PISTA DE SKATE COBERTA;TEV 25 20mi GOV;PUBLICADO;;;;;;;
203;AMUREL;AMUREL;CAPIVARI DE BAIXO;DEPUTADO PEPÊ COLLAÇO;R$ 1.000.000,00;RECUPERAÇÃO ASFÁLTICA DE VIAS;TEV 25 20mi GOV;PAGO;;;;;;;
202;MEIO-OESTE;AMPLASC;CAMPOS NOVOS;MOCHILA;R$ 200.000,00;AQUISIÇÃO DE VEÍCULO TIPO CAMIONETE, PARA ATENDIMENTO DAS DEMANDAS DA SECRETARIA DE AGRICULTURA;TEV 25 20mi GOV;PUBLICADO;;;;;;;
201;MEIO-OESTE;AMPLASC;CAMPOS NOVOS;MOCHILA;R$ 100.000,00;COMPRA DE AUTOMÓVEL PARA SECRETARIA DE AGRICULTURA;TEV 25 20mi GOV;SOLICITADO TROCA;;;;;;;
200;OESTE;AMAI;BOM JESUS;JOAO DA GARAGEM;R$ 150.000,00;AMPLIAÇÃO/CONSTRUÇÃO DO ALMOXARIFADO E BANHEIROS DA ESCOLA MUNICIPAL GILBERTO TAVARES;TEV 25 20mi GOV;PAGO;;;;;;;
199;AMUREL;AMUREL;ARMAZÉM;EMERSON;R$ 150.000,00;COBERTURA DE QUADRA, REFORMA E AMPLIAÇÃO CEI TIA MONICA;TEV 25 20mi GOV;AGUARDANDO DOCUMENTAÇÃO;;;;;;;
198;ALTO VALE;AMAVI;WITMARSUM;MARCIANO;R$ 100.000,00;MANUTENÇÃO DE VIAS VICINAIS NA COMUNIDADE BUTINGA – PARTE 02, EXTENSÃO DE 12 KM;IMPOSITIVA 25 10mi GOV;PUBLICADO;;;;;;;
197;ALTO VALE;AMAVI;WITMARSUM;JALMIR;R$ 100.000,00;REFORMA DO GINASIO DE ESPORTES DA COMUNIDADE DE CATANGARA;IMPOSITIVA 25 10mi GOV;PUBLICADO;;;;;;;
196;AMUREL;AMUREL;TUBARÃO;BARBA;R$ 300.000,00;PAVIMENTAÇÃO DE VIAS - SOMBRIO;IMPOSITIVA 25 10mi GOV;PUBLICADO;;;;;;;
195;ALTO VALE;AMAVI;TROMBUDO CENTRAL;MARLON GOEDE;R$ 300.000,00;MÁQUINA DE USINAGEM TRANSPORTÁVEL;IMPOSITIVA 25 10mi GOV;PUBLICADO;;;;;;;
194;AMUREL;AMUREL;SÃO MARTINHO;CASCÃO;R$ 300.000,00;AQUISIÇÃO DE RETROESCAVADEIRA 4X4;IMPOSITIVA 25 10mi GOV;PUBLICADO;;;;;;;
193;AMUREL;AMUREL;SÃO LUDGERO;TEA;R$ 260.000,00;REABILITAÇÃO ATRAVÉS DE EQUOTERAPIA E TERAPIA OCUPACIONAL PARA PESSOAS COM TEA;IMPOSITIVA 25 10mi GOV;PUBLICADO;;;;;;;
192;LITORAL NORTE;GRANFPOLIS;SÃO JOSÉ;FELIPE GOEDERT (BATATA);R$ 300.000,00;MANUTENÇÃO DE VIAS URBANAS NA RUA JOSÉ ALVES DE OLIVEIRA;IMPOSITIVA 25 10mi GOV;PUBLICADO;;;;;;;
191;LITORAL NORTE;GRANFPOLIS;SÃO BONIFÁCIO;GRAZI VANROO;R$ 300.000,00;REVITALIZAÇÃO DA PRAÇA HERÓIS DO COMBATE DA SERRA DA GARGANTA;IMPOSITIVA 25 10mi GOV;PUBLICADO;;;;;;;
190;AMUREL;AMUREL;SANGÃO;CASTILHO;R$ 500.000,00;PAVIMENTAÇÃO DA RUA PROJETADA TOMÉ NO BAIRRO RIO SÃO CRISTÓVÃO;IMPOSITIVA 25 10mi GOV;PAGO;;;;;;;
189;ALTO VALE;AMAVI;RIO DO OESTE;DEPINÉ;R$ 150.000,00;PAVIMENTAÇÃO DA RUA ILDA CLAUDINO DOS SANTOS, COM EXTENSÃO DE 190m;IMPOSITIVA 25 10mi GOV;PUBLICADO;;;;;;;
188;ALTO VALE;AMAVI;RIO DO CAMPO;FABRICIO CAPSTRANO;R$ 200.000,00;VEÍCULO DE TRANSPORTE DE PASSAGEIROS COM 14 LUGARES, FUNDO MUNICIPAL DE SAÚDE;IMPOSITIVA 25 10mi GOV;PRONTO;;;;;;;
187;AMESC;AMESC;PRAIA GRANDE;RODRIGO;R$ 400.000,00;VEÍCULO TIPO VAN PARA TRANSPORTE DE PACIENTES;IMPOSITIVA 25 10mi GOV;PRONTO;;;;;;;
186;SERRA;AMURC;PONTE ALTA DO NORTE;MARIANE CALOMENO;R$ 100.000,00;CASTRAÇÃO ANIMAL;IMPOSITIVA 25 10mi GOV;AGUARDANDO DOCUMENTAÇÃO;;;;;;;
185;ALTO VALE;AMAVI;PETROLÂNDIA;MARCELO MEDEIROS;R$ 100.000,00;EQUIPAMENTOS AGRICOLAS;IMPOSITIVA 25 10mi GOV;AGUARDANDO DOCUMENTAÇÃO;;;;;;;
184;AMUREL;AMUREL;PEDRAS GRANDES;TEA;R$ 110.000,00;REABILITAÇÃO ATRAVÉS DE EQUOTERAPIA E TERAPIA OCUPACIONAL PARA PESSOAS COM TEA;IMPOSITIVA 25 10mi GOV;PUBLICADO;;;;;;;
183;AMESC;AMESC;PASSO DE TORRES;PAULINHO GAITEIRO;R$ 400.000,00;INVESTIMENTO EM INFRAESTRUTURA;IMPOSITIVA 25 10mi GOV;PUBLICADO;;;;;;;
182;AMREC;AMREC;ORLEANS;TEA;R$ 240.000,00;REABILITAÇÃO ATRAVÉS DE EQUOTERAPIA E TERAPIA OCUPACIONAL PARA PESSOAS COM TEA;IMPOSITIVA 25 10mi GOV;EM ANÁLISE;;;;;;;
181;AMREC;AMREC;MORRO DA FUMAÇA;EDUARDO GUOLLO;R$ 500.000,00;MACRODRENAGEM NA MARGEM DIREITA DA AVENIDA JOÃO NICOLAU DE SOUZA;IMPOSITIVA 25 10mi GOV;PAGO;;;;;;;
180;AMESC;AMESC;JACINTO MACHADO;TEA;R$ 300.000,00;REABILITAÇÃO ATRAVÉS DE EQUOTERAPIA E TERAPIA OCUPACIONAL PARA PESSOAS COM TEA;IMPOSITIVA 25 10mi GOV;PUBLICADO;;;;;;;
179;ALTO VALE;AMAVI;ITUPORANGA;GEISON KURTZ;R$ 950.000,00;INVESTIMENTO EM INFRAESTRUTURA;IMPOSITIVA 25 10mi GOV;PUBLICADO;;;;;;;
178;LITORAL NORTE;AMFRI;ITAPEMA;PROF GABI;R$ 100.000,00;AMPLIAÇÃO DO CENTRO DE CONVIVENCIA DO IDOSO DO BAIRRO MEIA PRAIA;IMPOSITIVA 25 10mi GOV;AGUARDANDO DOCUMENTAÇÃO;;;;;;;
177;ALTO VALE;AMAVI;IMBUIA;RONALDO;R$ 200.000,00;ABRIGO PARA ANIMAIS EM SITUAÇÃO DE RUA;IMPOSITIVA 25 10mi GOV;PUBLICADO;;;;;;;
176;AMUREL;AMUREL;GRAVATAL;TEA;R$ 210.000,00;REABILITAÇÃO ATRAVÉS DE EQUOTERAPIA E TERAPIA OCUPACIONAL PARA PESSOAS COM TEA;IMPOSITIVA 25 10mi GOV;EM ANÁLISE;;;;;;;
175;AMUREL;AMUREL;GRAVATAL;IGOR;R$ 400.000,00;RECUPERAÇÃO E MANUTENÇÃO DAS ESTRADAS VICINAIS;IMPOSITIVA 25 10mi GOV;PUBLICADO;;;;;;;
174;AMUREL;AMUREL;GRAVATAL;CLEI;R$ 400.000,00;PAVIMENTAÇÃO AUGUSTO VERONEZ, ALMERINDA LUNARDI MACHADO, JOAO MANOEL MENDES;IMPOSITIVA 25 10mi GOV;AGUARDANDO DOCUMENTAÇÃO;;;;;;;
173;AMUREL;AMUREL;GAROPABA;JUNIOR;R$ 500.000,00;PAVIMENTAÇÃO DE RUA;IMPOSITIVA 25 10mi GOV;PAGO;;;;;;;
172;AMUREL;AMUREL;CAPIVARI DE BAIXO;CLAUDIR;R$ 300.000,00;AQUISIÇÃO DE VEÍCULO DESTINADO À SAÚDE;IMPOSITIVA 25 10mi GOV;PAGO;;;;;;;
171;AMUREL;AMUREL;CAPIVARI DE BAIXO;FELIPE ALVES;R$ 300.000,00;CONSTRUÇÃO DE PRAÇA NO BAIRRO SANTA LÚCIA;IMPOSITIVA 25 10mi GOV;AGUARDANDO DOCUMENTAÇÃO;;;;;;;
170;AMUREL;AMUREL;CAPIVARI DE BAIXO;JAPA;R$ 300.000,00;CONSTRUÇÃO DE GALPÃO PARA GARAGEM DE VEÍCULOS E MÁQUINAS NA NOVA SECRETARIA DE OBRAS;IMPOSITIVA 25 10mi GOV;SOLICITADO TROCA;;;;;;;
169;AMUREL;AMUREL;BRAÇO DO NORTE;TEA;R$ 180.000,00;REABILITAÇÃO ATRAVÉS DE EQUOTERAPIA E TERAPIA OCUPACIONAL PARA PESSOAS COM TEA;IMPOSITIVA 25 10mi GOV;AGUARDANDO DOCUMENTAÇÃO;;;;;;;
168;AMUREL;AMUREL;BRAÇO DO NORTE;DUDA;R$ 400.000,00;AQUISIÇÃO DE 2 TRATORES AGRÍCOLAS;IMPOSITIVA 25 10mi GOV;PRONTO;;;;;;;
167;LITORAL NORTE;GRANFPOLIS;ANTÔNIO CARLOS;EDNEI;R$ 500.000,00;CONSTRUÇÃO DE UMA PONTE SOBRE O RIO BIGUAÇU;IMPOSITIVA 25 10mi GOV;PUBLICADO;;;;;;;
166;ALTO VALE;AMAVI;AGRONÔMICA;NEI RODRIGUES;R$ 300.000,00;AMPLIAÇÃO DA MALHA VIÁRIA DE ESTRADAS RURAIS E ADEQUAÇÃO DE TRAFEGABILIDADE;IMPOSITIVA 25 10mi GOV;PRONTO;;;;;;;
165;ALTO VALE;AMAVI;WITMARSUM;PAULI;R$ 150.000,00;AQUISIÇÃO DE MÁQUINA DE USINAGEM TRANSPORTÁVEL NOVA;TEV 25 5mi JG;PUBLICADO;;;;;;;
164;AMUREL;AMUREL;SÃO LUDGERO;ELDER;R$ 200.000,00;REFORMA DA ESCOLA DE ENSINO FUNDAMENTAL HENRIQUE BUSS;TEV 25 5mi JG;PUBLICADO;;;;;;;
163;AMREC;AMREC;ORLEANS;CRUZETTA;R$ 600.000,00;PAVIMENTAÇÃO DA ESTRADA GERAL BARRACÃO, EXTENSÃO DE 700 METROS (600 MIL PEPE + 600 MIL ZÉ MILTON);TEV 25 5mi JG;PAGO PARCIAL;;;;;;;
162;AMREC;AMREC;NOVA VENEZA;GOGA;R$ 250.000,00;MELHORIAS NA INFRAESTRUTURA DO GINÁSIO DE ESPORTES ALFREDO BORTOLUZZI;TEV 25 5mi JG;PAGO;;;;;;;
161;AMREC;AMREC;LAURO MÜLLER;VALDIR FONTANELLA;R$ 400.000,00;AQUISIÇÃO DE 01 CAMINHÃO COMPACTADOR DE COLETA DE LIXO PARA SECRETARIA DE OBRAS;TEV 25 5mi JG;PAGO;;;;;;;
160;AMUREL;AMUREL;LAGUNA;FERNANDINHO;R$ 400.000,00;PAVIMENTAÇÃO 350M DA ESTRADA GERAL DO BAIRRO NOVA FAZENDA;TEV 25 5mi JG;AGUARDANDO DOCUMENTAÇÃO;;;;;;;
159;AMESC;AMESC;JACINTO MACHADO;GRASI EMERICH;R$ 400.000,00;AQUISIÇÃO DE EQUIPAMENTOS DE ENDOSCOPIA PARA SECRETARIA DE SAÚDE;TEV 25 5mi JG;PUBLICADO;;;;;;;
158;AMUREL;AMUREL;GRÃO-PARÁ;JANIR OENNING;R$ 150.000,00;CONSTRUÇÃO DE CENTRO DOS IDOSOS NO DISTRITO DE AIURÊ;TEV 25 5mi JG;PUBLICADO;;;;;;;
157;AMUREL;AMUREL;GAROPABA;JUNIOR;R$ 1.000.000,00;PAVIMENTAÇÃO DE VIAS NO MUNICÍPIO;TEV 25 5mi JG;PUBLICADO;;;;;;;
156;AMREC;AMREC;CRICIÚMA;MIRI;R$ 400.000,00;CONSULTAS E EXAMES EM OFTALMOLOGIA PARA OS USUÁRIOS DO SUS;TEV 25 5mi JG;AGUARDANDO DOCUMENTAÇÃO;;;;;;;
155;AMREC;AMREC;COCAL DO SUL;GIOVANA GALATO;R$ 600.000,00;AQUISIÇÃO DE EQUIPAMENTOS E MOBÍLIAS PARA USO NO PRONTO ATENDIMENTO;TEV 25 5mi JG;AGUARDANDO DOCUMENTAÇÃO;;;;;;;
154;AMUREL;AMUREL;BRAÇO DO NORTE;DUDA;R$ 500.000,00;AQUISIÇÃO DE CAMINHÃO 6 X 4, COM CAÇAMBA BASCULANTE;TEV 25 5mi JG;PRONTO;;;;;;;
153;LITORAL NORTE;GRANFPOLIS;SÃO JOSÉ;FELIPE GOEDERT (BATATA);R$ 700.000,00;INFRAESTRUTURA - MANUTENÇÃO DE VIAS MUNICIPAIS;TEV 25 2mi MN;PUBLICADO;;;;;;;
152;AMUREL;AMUREL;SANGÃO;CASTILHO;R$ 600.000,00;EDUCAÇÃO - CONSTRUÇÃO NCE - NÚCLEO DE COOPERAÇÃO EDUCACIONAL;TEV 25 2mi MN;PAGO;;;;;;;
151;AMUREL;AMUREL;PEDRAS GRANDES;TEA;R$ 150.000,00;SAÚDE - REABILITAÇÃO DE PESSOAS COM ESPECTRO AUTISTA ATRAVÉS DE EQUOTERAPIA;TEV 25 2mi MN;AGUARDANDO DOCUMENTAÇÃO;;;;;;;
150;AMREC;AMREC;ORLEANS;TEA;R$ 150.000,00;SAÚDE - REABILITAÇÃO DE PESSOAS COM ESPECTRO AUTISTA ATRAVÉS DE EQUOTERAPIA;TEV 25 2mi MN;EM ANÁLISE;;;;;;;
149;AMUREL;AMUREL;LAGUNA;TEA;R$ 250.000,00;SAÚDE - REABILITAÇÃO DE PESSOAS COM ESPECTRO AUTISTA ATRAVÉS DE EQUOTERAPIA;TEV 25 2mi MN;AGUARDANDO DOCUMENTAÇÃO;;;;;;;
148;AMUREL;AMUREL;GRAVATAL;TEA;R$ 150.000,00;SAÚDE - REABILITAÇÃO DE PESSOAS COM ESPECTRO AUTISTA ATRAVÉS DE EQUOTERAPIA;TEV 25 2mi MN;AGUARDANDO DOCUMENTAÇÃO;;;;;;;
147;ALTO VALE;AMAVI;VITOR MEIRELES;GREISON;R$ 100.000,00;INVESTIMENTO EM INFRAESTRUTURA;IMPOSITIVA 2024/2;PUBLICADO;;;;;;;
146;AMREC;AMREC;URUSSANGA;AMILTON;R$ 150.000,00;AQUISIÇÃO DE MOBILIÁRIOS E EQUIPAMENTOS PARA A ASSOCIAÇÃO AMICI DELLA POLENTA;IMPOSITIVA 2024/2;SOLICITADO TROCA;;;;;;;
145;AMUREL;AMUREL;TUBARÃO;PADRE EDSON;R$ 150.000,00;AQUISIÇAO MOBILIA E EQUIP DE SOM E VIDEO ORQUESTRA SANTA TERESINHA DO MENINO JESUS;IMPOSITIVA 2024/2;EM ANÁLISE;;;;;;;
144;MEIO-OESTE;AMMOC;TREZE TÍLIAS;CUCO;R$ 100.000,00;INVESTIMENTO EM INFRAESTRUTURA;IMPOSITIVA 2024/2;PAGO;;;;;;;
143;AMREC;AMREC;TREVISO;LU POSSOLI;R$ 100.000,00;CUSTEIO SAUDE;IMPOSITIVA 2024/2;PAGO;;;;;;;
142;AMESC;AMESC;TIMBÉ DO SUL;BELINHA;R$ 100.000,00;INVESTIMENTO EM INFRAESTRUTURA;IMPOSITIVA 2024/2;PUBLICADO;;;;;;;
141;AMESC;AMESC;SÃO JOÃO DO SUL;FILIPE FARINHA;R$ 100.000,00;AQUISIÇAO DE EQUIPAMENTOS AGRICOLAS;IMPOSITIVA 2024/2;PAGO;;;;;;;
140;AMREC;AMREC;COCAL DO SUL;ADEMIR;R$ 100.000,00;INFRAESTRUTURA ESCOLAR DO ENSINO FUNDAMENTAL;IMPOSITIVA 2024/2;SOLICITADO TROCA;;;;;;;
139;LITORAL NORTE;GRANFPOLIS;SÃO BONIFÁCIO;GRAZI VANROO;R$ 100.000,00;CUSTEIO ESPORTE;IMPOSITIVA 2024/2;PUBLICADO;;;;;;;
138;AMUREL;AMUREL;SANGÃO;SEC THIAGO;R$ 100.000,00;CUSTEIO SAUDE;IMPOSITIVA 2024/2;PUBLICADO;;;;;;;
137;SERRA;AMURES;RIO RUFINO;ADEMAR;R$ 200.000,00;REFORMA DO PARQUE DE EXPOSIÇAO CAETANO COSTA;IMPOSITIVA 2024/2;PAGO;;;;;;;
136;PLANALTO NORTE;AMUNESC;RIO NEGRINHO;ANDI CASTRO;R$ 100.000,00;AQUISIÇAO DE EQUIPAMENTOS SAUDE;IMPOSITIVA 2024/2;PUBLICADO;;;;;;;
135;ALTO VALE;AMAVI;PRESIDENTE GETÚLIO;LALAS;R$ 300.000,00;CUSTEIO SAUDE;IMPOSITIVA 2024/2;PAGO;;;;;;;
134;AMESC;AMESC;PRAIA GRANDE;FANICA;R$ 100.000,00;INVESTIMENTO EM TURISMO;IMPOSITIVA 2024/2;PUBLICADO;;;;;;;
133;AMUREL;AMUREL;PEDRAS GRANDES;JADNA;R$ 350.000,00;PAVIMENTAÇAO;IMPOSITIVA 2024/2;PUBLICADO;;;;;;;
132;SERRA;AMURES;PAINEL;HILARIO;R$ 100.000,00;AQUISIÇÃO DE EQUIPAMENTOS SAUDE;IMPOSITIVA 2024/2;PAGO;;;;;;;
131;AMESC;AMESC;MORRO GRANDE;KEIO;R$ 200.000,00;IMPLEMENTOS AGRÍCOLAS;IMPOSITIVA 2024/2;PAGO;;;;;;;
130;AMREC;AMREC;MORRO DA FUMAÇA;EDUARDO GUOLLO;R$ 450.000,00;CUSTEIO EM EDUCAÇÃO;IMPOSITIVA 2024/2;PAGO;;;;;;;
129;MEIO-OESTE;AMARP;LEBON RÉGIS;DEBORA;R$ 200.000,00;INVESTIMENTO EM INFRAESTRUTURA;IMPOSITIVA 2024/2;PUBLICADO;;;;;;;
128;AMUREL;AMUREL;LAGUNA;TEA;R$ 290.439,24;CUSTEIO PARA ATENDIMENTO DE PESSOAS COM TEA POR MEIO DE EQUOTERAPIA;IMPOSITIVA 2024/2;PUBLICADO;;;;;;;
127;SERRA;AMURES;LAGES;KATSUMI;R$ 100.000,00;CASTRAÇÃO DE ANIMAIS NA SERRA CATARINENSE;IMPOSITIVA 2024/2;EM ANÁLISE;;;;;;;
126;ALTO VALE;AMAVI;ITUPORANGA;GEISON KURTZ;R$ 350.000,00;INVESTIMENTO EM INFRAESTRUTURA;IMPOSITIVA 2024/2;PAGO;;;;;;;
125;AMREC;AMREC;IÇARA;JOAO LUIZ NUNES;R$ 300.000,00;CUSTEIO EDUCAÇAO;IMPOSITIVA 2024/2;PUBLICADO;;;;;;;
124;LITORAL NORTE;AMVE;GASPAR;MARA;R$ 200.000,00;INVESTIMENTO EM INFRAESTRUTURA AQUISIÇÃO DE BOMBA P/ DIQUE (SERTÃO VERDE);IMPOSITIVA 2024/2;PAGO;;;;;;;
123;AMUREL;AMUREL;GAROPABA;TARGINO;R$ 200.000,00;CUSTEIO EDUCAÇAO;IMPOSITIVA 2024/2;PUBLICADO;;;;;;;
122;OESTE;AMAI;ENTRE RIOS;JACIR BINO;R$ 100.000,00;CUSTEIO SAUDE;IMPOSITIVA 2024/2;PUBLICADO;;;;;;;
121;OESTE;AMAI;ENTRE RIOS;RODRIGO;R$ 100.000,00;IMPLEMENTOS AGRÍCOLAS;IMPOSITIVA 2024/2;PUBLICADO;;;;;;;
120;MEIO-OESTE;AMARP;PINHEIRO PRETO;ESCRAVO;R$ 100.000,00;INVESTIMENTOS EM INFRAESTRUTURA;IMPOSITIVA 2024/2;SOLICITADO TROCA;;;;;;;
119;AMUREL;AMUREL;CAPIVARI DE BAIXO;JAPA;R$ 300.000,00;INVESTIMENTOS EM INFRAESTRUTURA DE PAVIMENTAÇÕES;IMPOSITIVA 2024/2;PAGO;;;;;;;
118;AMUREL;AMUREL;CAPIVARI DE BAIXO;ZICO;R$ 250.000,00;AQUISIÇÃO VEICULO;IMPOSITIVA 2024/2;PAGO;;;;;;;
117;SERRA;AMURES;CAMPO BELO DO SUL;JORCI;R$ 200.000,00;CUSTEIO PARA ASSISTENCIA SOCIAL;IMPOSITIVA 2024/2;PUBLICADO;;;;;;;
116;AMUREL;AMUREL;BRAÇO DO NORTE;DUDA;R$ 200.000,00;INVESTIMENTO EM INFRAESTRUTURA;IMPOSITIVA 2024/2;PUBLICADO;;;;;;;
115;LITORAL NORTE;AMVE;BENEDITO NOVO;JEAN;R$ 200.000,00;INVESTIMENTO EM INFRAESTRUTURA;IMPOSITIVA 2024/2;PAGO;;;;;;;
114;LITORAL NORTE;GRANFPOLIS;ANTÔNIO CARLOS;VAGNER;R$ 350.000,00;PAVIMENTAÇÃO E COMPRA DE EQUIPAMENTOS PARA INFRAESTRUTURA;IMPOSITIVA 2024/2;PAGO;;;;;;;
113;MEIO-OESTE;AMMOC;ÁGUA DOCE;ALEMÃO;R$ 100.000,00;AQUISIÇÃO DE EQUIPAMENTOS AGRICOLAS;IMPOSITIVA 2024/2;PUBLICADO;;;;;;;
112;ALTO VALE;AMAVI;WITMARSUM;PAULI;R$ 100.000,00;CUSTEIO SAUDE;IMPOSITIVA 2024;PAGO;;;;;;;
111;AMREC;AMREC;URUSSANGA;BONETTINHO;R$ 100.000,00;CUSTEIO EDUCAÇAO;IMPOSITIVA 2024;PAGO;;;;;;;
110;SERRA;AMURES;URUPEMA;JHENY;R$ 100.000,00;CUSTEIO EDUCAÇAO;IMPOSITIVA 2024;PAGO;;;;;;;
109;SERRA;AMURES;URUBICI;MARIZA;R$ 200.000,00;PAVIMENTAÇAO DAS VIAS DO MUNICIPIO;IMPOSITIVA 2024;PAGO;;;;;;;
108;AMUREL;AMUREL;TUBARÃO;MÉRI (STAN);R$ 117.911,51;CUSTEIO STAN;IMPOSITIVA 2024;PAGO;;;;;;;
107;AMUREL;AMUREL;TUBARÃO;MARIA NILTA;R$ 100.000,00;CUSTEIO COMBEMTU;IMPOSITIVA 2024;PAGO;;;;;;;
106;AMUREL;AMUREL;TUBARÃO;ZAGA REIS;R$ 1.000.000,00;PAVIMENTAÇAO DAS VIAS DO MUNICIPIO;IMPOSITIVA 2024;PAGO;;;;;;;
105;ALTO VALE;AMAVI;TROMBUDO CENTRAL;BIA BUCHLING;R$ 241.977,90;INVESTIMENTO EDUCAÇAO;IMPOSITIVA 2024;PAGO;;;;;;;
104;MEIO-OESTE;AMMOC;TREZE TÍLIAS;CUCO;R$ 100.000,00;INVESTIMENTO EM INFRAESTRUTURA;IMPOSITIVA 2024;PAGO;;;;;;;
103;AMUREL;AMUREL;TREZE DE MAIO;PADRE NIVALDO;R$ 100.000,00;CUSTEIO FUNDAÇAO MEDICO SOCIAL RURAL SÃO SEBASTIAO;IMPOSITIVA 2024;PAGO;;;;;;;
102;AMESC;AMESC;TIMBÉ DO SUL;BELINHA;R$ 200.000,00;INSUMOS PARA PAVIMENTAÇAO;IMPOSITIVA 2024;PAGO;;;;;;;
101;AMREC;AMREC;SIDERÓPOLIS;ALEXANDRE CAETANO;R$ 100.000,00;REFORMA DA APAE;IMPOSITIVA 2024;PAGO;;;;;;;
100;AMUREL;AMUREL;SÃO MARTINHO;CASCÃO;R$ 100.000,00;AQUISIÇAO DE VEICULO DE TRABALHO (MINI CARREGADEIRA);IMPOSITIVA 2024;PAGO;;;;;;;
99;OESTE;AMAI;SÃO DOMINGOS;GUSTAVO VALGOI;R$ 100.000,10;CUSTEIO SAUDE;IMPOSITIVA 2024;PAGO;;;;;;;
98;ALTO VALE;AMAVI;PRESIDENTE GETÚLIO;LALAS;R$ 100.000,00;CUSTEIO SAUDE;IMPOSITIVA 2024;PAGO;;;;;;;
97;AMESC;AMESC;PRAIA GRANDE;FANICA;R$ 100.000,00;CUSTEIO EDUCAÇAO;IMPOSITIVA 2024;PAGO;;;;;;;
96;SERRA;AMURC;PONTE ALTA DO NORTE;RUBIA;R$ 100.000,00;CUSTEIO SAUDE;IMPOSITIVA 2024;PAGO;;;;;;;
95;AMUREL;AMUREL;PESCARIA BRAVA;HENRIQUE CASTRO;R$ 1.000.000,00;PAVIMENTAÇAO DAS VIAS DO MUNICIPIO;IMPOSITIVA 2024;PAGO;;;;;;;
94;AMUREL;AMUREL;PEDRAS GRANDES;LEXO;R$ 600.000,00;PAVIMENTAÇAO DAS VIAS DO MUNICIPIO;IMPOSITIVA 2024;PAGO;;;;;;;
93;AMUREL;AMUREL;PAULO LOPES;FERNANDA;R$ 900.000,00;INVESTIMENTO EM INFRAESTRUTURA;IMPOSITIVA 2024;PAGO;;;;;;;
92;AMESC;AMESC;PASSO DE TORRES;PAULINHO GAITEIRO;R$ 100.000,00;PAVIMENTAÇÃO DAS VIAS DO MUNICÍPIO;IMPOSITIVA 2024;PUBLICADO;;;;;;;
91;SERRA;AMURES;PAINEL;HILARIO;R$ 100.000,00;CUSTEIO EDUCAÇAO;IMPOSITIVA 2024;PAGO;;;;;;;
90;AMREC;AMREC;ORLEANS;VÁ CRUZETTA;R$ 500.000,00;PAVIMENTAÇAO DAS VIAS DO MUNICIPIO;IMPOSITIVA 2024;PAGO;;;;;;;
89;AMREC;AMREC;NOVA VENEZA;SEC KRIS;R$ 800.000,00;CUSTEIO SAÚDE;IMPOSITIVA 2024;PAGO;;;;;;;
88;AMESC;AMESC;MORRO GRANDE;KEIO;R$ 200.000,00;APOIO PARA EDUCAÇAO MUNICIPAL;IMPOSITIVA 2024;PAGO;;;;;;;
87;AMREC;AMREC;MORRO DA FUMAÇA;EDUARDO GUOLLO;R$ 500.000,00;OBRA NO MUNICIPIO PARA PRAÇA COBERTA;IMPOSITIVA 2024;PAGO;;;;;;;
86;AMESC;AMESC;MELEIRO;JONAS;R$ 100.000,00;AQUISIÇAO DE VEICULO PARA APAE;IMPOSITIVA 2024;PAGO;;;;;;;
85;MEIO-OESTE;AMARP;LEBON RÉGIS;DEBORA;R$ 100.000,00;INVESTIMENTO EM EDUCAÇAO;IMPOSITIVA 2024;PAGO;;;;;;;
84;AMREC;AMREC;LAURO MÜLLER;CELINHO;R$ 200.000,00;APOIO FINANCEIRO A SAUDE DO MUNICIPIO;IMPOSITIVA 2024;PAGO;;;;;;;
83;AMUREL;AMUREL;LAGUNA;FERNANDINHO;R$ 600.000,00;PAVIMENTAÇÃO NAS VIAS MUNICIPAIS;IMPOSITIVA 2024;PAGO;;;;;;;
82;ALTO VALE;AMAVI;ITUPORANGA;SANDRA CLASEN;R$ 400.000,00;INVESTIMENTO EM INFRAESTRUTURA;IMPOSITIVA 2024;PRONTO;;;;;;;
81;AMUREL;AMUREL;IMARUÍ;ALENCAR;R$ 100.000,00;CUSTEIO HOSPITAL SANTA CASA SÃO JOAO BATISTA;IMPOSITIVA 2024;PAGO;;;;;;;
80;AMREC;AMREC;IÇARA;GELSON POSSAMAI;R$ 200.000,00;CUSTEIO EDUCAÇAO;IMPOSITIVA 2024;PAGO;;;;;;;
79;AMUREL;AMUREL;GRAVATAL;IGOR;R$ 350.000,00;AQUISIÇAO DE CAÇAMBA;IMPOSITIVA 2024;PAGO;;;;;;;
78;AMUREL;AMUREL;GRÃO-PARÁ;JANIR OENNING;R$ 500.000,00;PAVIMENTAÇAO (ALTERAÇAO OBJ -> CONSTRUÇÃO DE CENTRO DOS IDOSOS NO AIURÊ);IMPOSITIVA 2024;PUBLICADO;;;;;;;
77;LITORAL NORTE;AMVE;GASPAR;MARA;R$ 100.000,00;CUSTEIO PARA SECRETARIA DA SAUDE;IMPOSITIVA 2024;PAGO;;;;;;;
76;AMUREL;AMUREL;GAROPABA;JUNIOR;R$ 500.000,00;CUSTEIO EDUCAÇAO;IMPOSITIVA 2024;PAGO;;;;;;;
75;AMREC;AMREC;FORQUILHINHA;NEGUINHO;R$ 200.000,00;PAVIMENTAÇÃO NAS VIAS MUNICIPAIS;IMPOSITIVA 2024;PAGO;;;;;;;
74;OESTE;AMOSC;CORDILHEIRA ALTA;ANE CRISTINA;R$ 100.000,00;INVESTIMENTO DA EDUCAÇAO;IMPOSITIVA 2024;PAGO;;;;;;;
73;AMREC;AMREC;COCAL DO SUL;GIOVANA GALATO;R$ 300.000,00;PARQUE DE INCLUSAO MULTISSENSORIAL (ALTERAÇAO OBJ -> INVESTIMENTOS NA SECRETARIA DE EDUCAÇÃO);IMPOSITIVA 2024;PUBLICADO;;;;;;;
72;SERRA;AMURES;CERRO NEGRO;ANA CARLA;R$ 100.000,00;AQUISIÇAO DE VEÍCULO PARA SECRETARIA DE AGRICULTURA;IMPOSITIVA 2024;PAGO;;;;;;;
71;SERRA;AMURES;CAMPO BELO DO SUL;JORCI;R$ 100.000,00;IMPLEMENTOS AGRÍCOLAS;IMPOSITIVA 2024;PAGO;;;;;;;
70;MEIO-OESTE;AMMOC;ÁGUA DOCE;JORGE HASLINGER;R$ 100.000,00;AQUISIÇAO DE VEÍCULO (VAN) PARA SAUDE DO MUNICIPIO;IMPOSITIVA 2024;PAGO;;;;;;;
69;AMUREL;AMUREL;TUBARÃO;ZAMPARETTI;R$ 200.000,00;RUA NILO MANOEL LUIZ;TEV 2023 3mi;PUBLICADO;;;;;;;
68;AMUREL;AMUREL;PESCARIA BRAVA;HENRIQUE CASTRO;R$ 550.000,00;INFRAESTRUTURA;TEV 2023 3mi;PAGO;;;;;;;
67;AMUREL;AMUREL;PAULO LOPES;NADIR;R$ 350.000,00;SAÚDE;TEV 2023 3mi;PRONTO;;;;;;;
66;AMUREL;AMUREL;LAGUNA;KEK;R$ 300.000,00;SAÚDE;TEV 2023 3mi;PAGO;;;;;;;
65;AMREC;AMREC;IÇARA;RODRIGO;R$ 200.000,00;PAVIMENTAÇÃO RUA PRAIA GRANDE, BAIRRO NOSSA SENHORA DE FÁTIMA;TEV 2023 3mi;PAGO;;;;;;;
64;MEIO-OESTE;AMMOC;HERVAL D'OESTE;MAURO MARTINI;R$ 100.000,00;CONSTRUÇÃO DA ESCADARIA NO BAIRRO JARDIM JOSÉ RUPP;TEV 2023 3mi;PAGO PARCIAL;;;;;;;
63;AMUREL;AMUREL;GRAVATAL;CLEI;R$ 400.000,00;PAVIMENTAÇÃO DA RUA FRANCISCA DA ROSA FERREIRA E RUA SÃO SEBASTIÃO;TEV 2023 3mi;PAGO;;;;;;;
62;AMUREL;AMUREL;GAROPABA;JUNIOR;R$ 900.000,00;SAÚDE;TEV 2023 3mi;PRONTO;;;;;;;
61;AMUREL;AMUREL;PESCARIA BRAVA;HENRIQUE CASTRO;R$ 2.000.000,00;PAVIMENTAÇÃO DO TRECHO COMPLEMENTAR DA AV. ELIETE DE SOUZA - SERTÃO DE CIMA SIQUEIRO;TEV 2023 2mi;PAGO;;;;;;;
60;AMUREL;AMUREL;TUBARÃO;DEPUTADO PEPÊ COLLAÇO;R$ 100.000,00;PARQUE INFANTIL ADAPTADO PARA PESSOAS COM TRANSTORNO ESPECTRO AUTISTA;TEV 2023 4mi;PUBLICADO;;;;;;;
59;AMUREL;AMUREL;TUBARÃO;HOSPITAL NOSSA SENHORA DA CONCEIÇÃO;R$ 400.000,00;CUSTEIO PARA O HOSPITAL;TEV 2023 4mi;EM ANÁLISE;;;;;;;
58;AMUREL;AMUREL;PESCARIA BRAVA;HENRIQUE CASTRO;R$ 125.000,00;IMPLANTAR PORTAL DE ENTRADA DO MUNICIPIO, LOCALIZADO NO BAIRRO SANTIAGO;TEV 2023 4mi;PRONTO;;;;;;;
57;AMUREL;AMUREL;PESCARIA BRAVA;HENRIQUE CASTRO;R$ 125.000,00;IMPLANTAÇÃO DE ABRIGOS DE PASSAGEIROS EM ÁRES DE MAIOR CIRCULAÇÃO DA POPULAÇÃO;TEV 2023 4mi;PAGO;;;;;;;
56;AMUREL;AMUREL;PAULO LOPES;NADIR;R$ 150.000,00;PAVIMENTAÇÃO SERVIDÕES VENCESLAU DE JESUS E MANOEL ESTÁCIO GONÇALVES;TEV 2023 4mi;PRONTO;;;;;;;
55;AMUREL;AMUREL;LAGUNA;PATRICK DA NEGA;R$ 300.000,00;PAVIMENTAÇÃO DA RUA LAURO CARNEIRO, LOCALIZADA NO BAIRRO ESPERANÇA;TEV 2023 4mi;AGUARDANDO DOCUMENTAÇÃO;;;;;;;
54;AMUREL;AMUREL;IMBITUBA;EDUARDO FAUSTINA;R$ 200.000,00;PAVIMENTAÇÃO DA RUA ARISTIDES COELHO, NO BAIRRO CAMPESTRE;TEV 2023 4mi;AGUARDANDO DOCUMENTAÇÃO;;;;;;;
53;AMUREL;AMUREL;GRAVATAL;CLEI;R$ 100.000,00;RECUPERAÇÃO DAS ESTRADAS VICINAIS;TEV 2023 4mi;PAGO;;;;;;;
52;AMUREL;AMUREL;GAROPABA;JUNIOR;R$ 300.000,00;INVESTIMENTO EM INFRAESTRUTURA ATRAVÉS DA PAVIMENTAÇÃO DE RUAS;TEV 2023 4mi;PUBLICADO;;;;;;;
51;AMREC;AMREC;CRICIÚMA;MIRI;R$ 200.000,00;REFORMA DO CENTRO COMUNITÁRIO;TEV 2023 4mi;AGUARDANDO DOCUMENTAÇÃO;;;;;;;
50;AMUREL;AMUREL;CAPIVARI DE BAIXO;MARCIA;R$ 500.000,00;ENRONCAMENTO NO BAIRRO SANTO ANDRÉ;TEV 2023 4mi;AGUARDANDO DOCUMENTAÇÃO;;;;;;;
49;AMUREL;AMUREL;CAPIVARI DE BAIXO;MARCIA;R$ 1.500.000,00;REPERFILAGEM C/ SINALIZAÇÃO DAS RUAS MANOEL PEDRO FLOR, JOÃO GOULART E JOSÉ DOMINGOS BITENCOURT;TEV 2023 4mi;PAGO PARCIAL;;;;;;;
48;AMREC;AMREC;URUSSANGA;BONETTINHO;R$ 200.000,00;PAVIMENTAÇÃO DA RUA FRANCISCO FELTRIN;IMPOSITIVA 2023;PAGO;;;;;;;
47;SERRA;AMURES;URUBICI;MARIZA;R$ 500.000,00;PAVIMENTAÇÃO DE RUAS DO MUNICÍPIO;IMPOSITIVA 2023;PAGO;;;;;;;
46;AMUREL;AMUREL;TUBARÃO;ROSIMERI GALVANI;R$ 100.000,00;REALIZAÇÃO DE EXAMES (TROCA OBJETO -> CUSTEIO REDE FEMININA DE COMBATE AO CÂNCER);IMPOSITIVA 2023;PAGO;;;;;;;
45;AMUREL;AMUREL;TUBARÃO;DJALMINHA;R$ 100.000,00;REALIZAÇÃO DO ESTUDO PLANO DE NEGÓCIOS NA REGIÃO DA AMUREL;IMPOSITIVA 2023;EM ANÁLISE;;;;;;;
44;AMUREL;AMUREL;TUBARÃO;JULIO KURISQUINHO;R$ 200.000,00;CASTRAÇÃO DE ANIMAIS (TROCA OBJETO -> PAVIMENTAÇÃO DA RUA VIRGILIO PARISI DUARTE);IMPOSITIVA 2023;PAGO;;;;;;;
43;AMUREL;AMUREL;TUBARÃO;DANIELA RÉUS;R$ 100.000,00;CUSTEIO DA ORGANIZAÇÃO;IMPOSITIVA 2023;PAGO;;;;;;;
42;AMUREL;AMUREL;TUBARÃO;COMANDANTE PORTÃO;R$ 140.000,00;COMPRA DE 1 CAMIONETE TIPO SUV;IMPOSITIVA 2023;PAGO;;;;;;;
41;AMUREL;AMUREL;TUBARÃO;FABIO COLLODEL;R$ 360.000,00;ADQUIRIR UMA CAMIONETE 4X4-VIATURA ESSENCIAL PARA OPERAÇÕES DE RESGATE;IMPOSITIVA 2023;PAGO;;;;;;;
40;AMUREL;AMUREL;TUBARÃO;GELSON BENTO;R$ 100.000,00;AUXÍLIO FINANCEIRO PARA ATIVIDADES DO CLUBE DE MÃES;IMPOSITIVA 2023;PAGO;;;;;;;
39;AMUREL;AMUREL;TUBARÃO;BARBA;R$ 300.000,00;PAVIMENTAÇÃO E DRENAGEM DA RUA IRINEU MENEGAZ;IMPOSITIVA 2023;PAGO;;;;;;;
38;AMUREL;AMUREL;TUBARÃO;JEAN;R$ 200.000,00;PAVIMENTAÇÃO DA RUA ANASTÁCIO THEÓFILO TEIXEIRA;IMPOSITIVA 2023;PAGO;;;;;;;
37;AMUREL;AMUREL;TUBARÃO;ERALDO;R$ 200.000,00;PAVIMENTAÇÃO JOÃO SILVA, JOVENCIO BERNARDO, LUIZ MATHEUS, ALMIRO J. SILVA E SILVIO MENEGAZ;IMPOSITIVA 2023;PAGO;;;;;;;
36;AMUREL;AMUREL;TUBARÃO;NILTON DE CAMPOS;R$ 200.000,00;PAVIMENTAÇÃO ODÁRIO BERNARDINHO E DORIVALDA BRISTOT, DO BAIRRO SÃO BERNARDO;IMPOSITIVA 2023;PAGO;;;;;;;
35;AMUREL;AMUREL;TUBARÃO;RITINHA;R$ 259.175,54;PAVIMENTAÇÃO DA RUA CARURU;IMPOSITIVA 2023;PAGO;;;;;;;
34;AMUREL;AMUREL;TUBARÃO;GELSON BENTO;R$ 200.000,00;REVITALIZAÇÃO ASFÁLTICA DE VIAS DA CIDADE;IMPOSITIVA 2023;PAGO;;;;;;;
33;AMUREL;AMUREL;TUBARÃO;BENITO;R$ 750.000,00;PAVIMENTAÇÃO DA RUA ADOLFO JOSÉ DE SOUZA (LAGEADO);IMPOSITIVA 2023;PAGO;;;;;;;
32;AMUREL;AMUREL;TUBARÃO;ZAGA REIS;R$ 300.000,00;REALIZAÇÃO DA REDE DE ESGOTO PLUVIAL DA RUA MANOEL AGOSTINHO PEREIRA;IMPOSITIVA 2023;PAGO;;;;;;;
31;AMUREL;AMUREL;TUBARÃO;PROF MAURICIO;R$ 300.000,00;CUSTEIO PARA MANUTENÇÃO DAS DEMANDAS DA EDUCAÇÃO;IMPOSITIVA 2023;PAGO;;;;;;;
30;AMUREL;AMUREL;TREZE DE MAIO;XELA;R$ 150.000,00;CUSTEIO E MANUTENÇÃO DA UNIDADE HOSPITALAR SÃO SEBASTIÃO;IMPOSITIVA 2023;PAGO;;;;;;;
29;AMUREL;AMUREL;SÃO MARTINHO;OSÓRIO;R$ 100.000,00;MELHORIA DA INFRAESTRUTURA DO MUNICÍPIO;IMPOSITIVA 2023;PAGO;;;;;;;
28;SERRA;AMURES;SÃO JOAQUIM;DALTO;R$ 150.000,00;PAVIMENTAÇÃO DA RUA ANTONIO AGUIAR NUNES;IMPOSITIVA 2023;PAGO;;;;;;;
27;AMUREL;AMUREL;SANTA ROSA DE LIMA;CELSO HEIDEMANN;R$ 100.000,00;INVESTIMENTO NA EDUCAÇÃO BÁSICA DO MUNICÍPIO;IMPOSITIVA 2023;PAGO;;;;;;;
26;AMUREL;AMUREL;SANGÃO;CASTILHO;R$ 200.000,00;INVESTIMENTO NA EDUCAÇÃO BÁSICA DO MUNICÍPIO;IMPOSITIVA 2023;PAGO;;;;;;;
25;AMUREL;AMUREL;RIO FORTUNA;EDEVAN;R$ 150.000,00;INVESTIMENTO NA EDUCAÇÃO BÁSICA DO MUNICÍPIO;IMPOSITIVA 2023;PAGO;;;;;;;
24;AMUREL;AMUREL;PESCARIA BRAVA;HENRIQUE CASTRO;R$ 250.000,00;PAVIMENTAÇÃO DE RUAS DO MUNICÍPIO;IMPOSITIVA 2023;PAGO;;;;;;;
23;AMUREL;AMUREL;PEDRAS GRANDES;AGNALDO;R$ 300.000,00;PAVIMENTAÇÃO RUAS DO MUNICÍPIO (TROCA OBJETO -> CENTRO EDUCACIONAL TORRE DE PISA);IMPOSITIVA 2023;PUBLICADO;;;;;;;
22;AMREC;AMREC;MORRO DA FUMAÇA;EDUARDO GUOLLO;R$ 300.000,00;PAVIMENTAÇÃO DE RUAS DO MUNICÍPIO;IMPOSITIVA 2023;PAGO;;;;;;;
21;AMUREL;AMUREL;LAGUNA;DELEGADA VIVIAN;R$ 150.000,00;COMPRA DE VIATURA;IMPOSITIVA 2023;PRONTO;;;;;;;
20;AMUREL;AMUREL;LAGUNA;MICHEL;R$ 100.000,00;PROJETOS, PROGRAMAS E SERVIÇOES DESENVOLVIDOS PELA ASSOCIAÇÃO SÃO JUDAS TADEU;IMPOSITIVA 2023;PAGO;;;;;;;
19;AMUREL;AMUREL;LAGUNA;VILSINHO;R$ 100.000,00;AQUISIÇÃO DE UM VEÍCULO PARA SECRETÁRIA DE SAÚDE;IMPOSITIVA 2023;PRONTO;;;;;;;
18;SERRA;AMURES;LAGES;KATSUMI;R$ 150.000,00;REALIZAÇÃO DE CASTRAÇÃO DE CÃES E GATOS DO MUNICÍPIO;IMPOSITIVA 2023;PAGO;;;;;;;
17;AMUREL;AMUREL;JAGUARUNA;SERGINHO;R$ 100.000,00;CUSTEIO E MANUTENÇÃO DAS ATIVIDADES HOSPITALARES;IMPOSITIVA 2023;PAGO;;;;;;;
16;AMUREL;AMUREL;JAGUARUNA;ARMANDINHO;R$ 200.000,00;PAVIMENTAÇÕES DE RUAS DO MUNICÍPIO;IMPOSITIVA 2023;PAGO;;;;;;;
15;AMUREL;AMUREL;JAGUARUNA;SERGINHO;R$ 100.000,00;PAVIMENTAÇÃO DA RUA 1º DE MAIO;IMPOSITIVA 2023;PAGO;;;;;;;
14;AMUREL;AMUREL;IMBITUBA;ROEL;R$ 100.000,00;CONSTRUÇÃO SEDE AMAI (SOLICITAR TROCA COMPRA DE MOBILIÁRIO A SEDE DA AMAI EM 2026);IMPOSITIVA 2023;SOLICITADO TROCA;;;;;;;
13;AMUREL;AMUREL;IMBITUBA;EDUARDO FAUSTINA;R$ 200.000,00;REFORMA DA ESCOLA BÁSICA BASILEU JOSÉ DA SILVA;IMPOSITIVA 2023;PAGO;;;;;;;
12;AMREC;AMREC;IÇARA;RODRIGO;R$ 100.000,00;COMPRA DE 1 VEÍCULO;IMPOSITIVA 2023;PAGO;;;;;;;
11;AMREC;AMREC;IÇARA;BERTAN;R$ 300.000,00;CONSTRUÇÃO DE NOVO CENTRO COMUNITÁRIO NO BAIRRO PRESIDENTE VARGAS;IMPOSITIVA 2023;PAGO;;;;;;;
10;AMREC;AMREC;IÇARA;DUCA ZATA;R$ 300.000,00;PAVIMENTAÇÃO DA RUA 17 DE DEZEMBRO;IMPOSITIVA 2023;PAGO;;;;;;;
9;AMUREL;AMUREL;GRAVATAL;CLEI;R$ 400.000,00;RUA COBERTA TERMAS (TROCA OBJETO -> CAMINHÃO SECRETARIA DE INFRAESTRUTURA);IMPOSITIVA 2023;PAGO;;;;;;;
8;AMUREL;AMUREL;GRÃO-PARÁ;HELINHO;R$ 200.000,00;INTUITO DE DIMINUIR AS FILAS DO SUS DE CIRURGIAS ELETIVAS;IMPOSITIVA 2023;PAGO;;;;;;;
7;LITORAL NORTE;AMVE;GASPAR;MARA;R$ 150.000,00;CONSULTAS MÉDICAS (TROCA OBJETO -> APOIO FINANCEIRO SAÚDE NEURO TEA;IMPOSITIVA 2023;PAGO;;;;;;;
6;AMUREL;AMUREL;GAROPABA;JUNIOR;R$ 800.000,00;MELHORIA DA INFRAESTRUTURA DA REDE MUNICIPAL;IMPOSITIVA 2023;PAGO;;;;;;;
5;AMREC;AMREC;CRICIÚMA;MIRI;R$ 300.000,00;PAVIMENTAÇÃO PARA O MUNICÍPIO;IMPOSITIVA 2023;PAGO;;;;;;;
4;AMUREL;AMUREL;CAPIVARI DE BAIXO;TEMICA;R$ 100.000,00;APAE - SOLICITAÇÃO DE EDIFICAÇÃO DE DUAS SALAS DE AULA E BANHEIRO;IMPOSITIVA 2023;PRONTO;SALAS ENTREGUES E FEITO VÍDEO;;;;;;
3;AMUREL;AMUREL;BRAÇO DO NORTE;ARLETE;R$ 100.000,00;CONSTRUÇÃO DE PONTOS DE PASSAGEIROS;IMPOSITIVA 2023;PAGO;;;;;;;
2;AMUREL;AMUREL;BRAÇO DO NORTE;ARLETE;R$ 150.000,00;PAVIMENTAÇÃO DA RUA SANTA DELLA GIUSTINA;IMPOSITIVA 2023;PAGO;;;;;;;
1;AMUREL;AMUREL;BRAÇO DO NORTE;TIMECA;R$ 300.000,00;APOIO FINANCEIRO PARA INFRAESTRUTURA;IMPOSITIVA 2023;PAGO;;;;;;;
