"LOCAL","AREA","ENTREGA/PROJETO","VALOR","FONTE","MATERIA","POST","STATUS","OBSERVACAO","area_manual","publicar"
"Entre Rios","Social, esporte e lazer","VEÍCULO PARA SECRETARIA DE AGRICULTURA","0.00","emendas#544","","","PRONTO","","","sim"
"Zortéa","Saúde e assistência social","AQUISIÇÃO DE VEÍCULO PARA SAÚDE","150000.00","emendas#543","","","PUBLICADO","","","sim"
"Urupema","Infraestrutura e obras","Pavimentação de vias urbanas no Município","200000.00","emendas#542","","","AGUARDANDO PORTARIA","","","sim"
"São José","Autismo (TEA)","Aquisição e implantação de sala sensorial para atendimento educacional","100000.00","emendas#541","","","AGUARDANDO PORTARIA","","","sim"
"São José","Segurança","Aquisição de um veículo automotor destinado à Guarda Municipal","100000.00","emendas#540","","","AGUARDANDO PORTARIA","","","sim"
"Rio Rufino","Outros","Aquisição de combustível para manutenção das atividades da Secretaria Municipal de Obras","100000.00","emendas#539","","","AGUARDANDO PORTARIA","","","validar"
"Rio Rufino","Outros","Custeio de despesas com combustível para a Secretaria Municipal de Obras","200000.00","emendas#538","","","AGUARDANDO PORTARIA","","","validar"
"Ponte Alta do Norte","Infraestrutura e obras","Aquisição de um Rolo Compactador","200000.00","emendas#537","","","PUBLICADO","","","sim"
"Ponte Alta do Norte","Infraestrutura e obras","Manutenção das estradas do Município","100000.00","emendas#536","","","AGUARDANDO PORTARIA","","","sim"
"Lages","Entidades","AQUISIÇÃO DE VEÍCULO PARA O CENTRO DE BEM-ESTAR ANIMAL","160000.00","emendas#535","","","PUBLICADO","","","sim"
"Frei Rogério","Social, esporte e lazer","AQUISIÇÃO DE VAN PARA A SECRETARIA DE TURISMO, CULTURA E ESPORTE","400000.00","emendas#534","","","PUBLICADO","","","sim"
"Campo Belo do Sul","Social, esporte e lazer","Aquisição de equipamentos agrícolas para Secretaria Municipal de Agricultura","150000.00","emendas#532","","","PUBLICADO","","","sim"
"Bom Retiro","Infraestrutura e obras","Aquisição de Rolo Compactador e Motoniveladora","300000.00","emendas#531","","","PUBLICADO","","","sim"
"Bom Retiro","Social, esporte e lazer","Aquisição de implementos agrícolas para a Secretaria Municipal de Agricultura","150000.00","emendas#530","","","AGUARDANDO PORTARIA","","","sim"
"Tubarão","Social, esporte e lazer","Revitalização da Praça Palestina","450000.00","emendas#529","","","PUBLICADO","","","sim"
"São João do Sul","Infraestrutura e obras","Custeio Infraestrutura","250000.00","emendas#528","","","AGUARDANDO PORTARIA","","","sim"
"Sangão","Autismo (TEA)","TEA - Terapia Ocupacional e Ecoterapia","200000.00","emendas#527","","","PUBLICADO","","","sim"
"Rodeio","Infraestrutura e obras","Aquisição de materiais necessários à execução de obras de pavimentação e drenagem","150000.00","emendas#526","","","PUBLICADO","","","sim"
"Rio Negrinho","Autismo (TEA)","Investimento em recursos tecnológicos para a APAE","100000.00","emendas#525","","","AGUARDANDO PORTARIA","","","sim"
"Rio Fortuna","Saúde e assistência social","Custeio de Exames para Atendimento ás Demandas da Saúde","200000.00","emendas#524","","","PUBLICADO","","","sim"
"Orleans","Outros","Aquisição de veículo para secretaria de Administração","300000.00","emendas#523","","","PUBLICADO","","","validar"
"Lebon Régis","Entidades","Recurso para Secretaria de Assistência Social","150000.00","emendas#522","","","PUBLICADO","","","sim"
"Laguna","Infraestrutura e obras","Pavimentação de trecho com 188 metros de extensão da rua Fernando Antônio dos Santos - Perrixil","350000.00","emendas#521","","","PUBLICADO","","","sim"
"Jaguaruna","Infraestrutura e obras","Pavimentação da Rua Santa Cecília, Bairro Encruzo","150000.00","emendas#520","","","PUBLICADO","","","sim"
"Ituporanga","Infraestrutura e obras","Aquisição de Insumos para Infraestrutura da localidade de Rio Bonito e Rio dos Bugres","200000.00","emendas#519","","","PUBLICADO","","","sim"
"Imbituba","Infraestrutura e obras","Pavimentação da Rua Evaristo Lima, bairro Campo D´Aviação","300000.00","emendas#518","","","PUBLICADO","","","sim"
"Imaruí","Infraestrutura e obras","Aquisição de veículo para secretaria de Infraestrutura","200000.00","emendas#517","","","PUBLICADO","","","sim"
"Grão-Pará","Saúde e assistência social","Custeio para secretaria municipal de Saúde","300000.00","emendas#516","","","PUBLICADO","","","sim"
"Gaspar","Infraestrutura e obras","Pavimentação da Rua Paulo Reinert, bairro Santa Terezinha","400000.00","emendas#515","","","PUBLICADO","","","sim"
"Entre Rios","Entidades","Aquisição de veículo destinado ao uso exclusivo do Conselho Tutelar","146690.00","emendas#514","","","PUBLICADO","","","sim"
"Criciúma","Saúde e assistência social","Aquisição de Computadores para Secretaria Municipal de Saúde","350000.00","emendas#513","","","PUBLICADO","","","sim"
"Capivari de Baixo","Infraestrutura e obras","Melhorias no campo de futebol do bairro ilhotinha, compreendendo a implantação de sistema de iluminação e o fechamento em vidro da sede existente no local","200000.00","emendas#512","","","PUBLICADO","","","sim"
"Capivari de Baixo","Segurança","Serviços de desassoreamento e limpeza de valas de drenagem no município","300000.00","emendas#511","","","PUBLICADO","","","sim"
"Braço do Norte","Infraestrutura e obras","Pavimentação de trecho da Estrada Geral Rio Amélia","500000.00","emendas#510","","","PUBLICADO","","","sim"
"Cerro Negro","Educação e inovação","CONSTRUÇÃO DE REFEITÓRIO NO NÚCLEO MUNICIPAL CONSTÂNCIO JOSÉ DA SILVA","200000.00","emendas#502","","","PUBLICADO","","","sim"
"Capivari de Baixo","Outros","AQUISIÇÃO DE MATERIAIS DE CONSTRUÇÃO E MATERIAIS ELÉTRICOS DESTINADOS À REFORMA, MANUTENÇÃO E ADEQUAÇÃO DOS CAMPOS DE FUTEBOL PERTENCENTES AO MUNICÍPIO","150000.00","emendas#501","","","PUBLICADO","","","validar"
"Zortéa","Infraestrutura e obras","INFRAESTRUTURA NO MUNICÍPIO - RUA ADELINA BRANCHER","200000.00","emendas#500","","","PUBLICADO","","","sim"
"Gravatal","Social, esporte e lazer","APOIO PARA O NATAL NAS ÁGUAS 2026","300000.00","emendas#499","","","PENDENTE","","","sim"
"Gravatal","Social, esporte e lazer","APOIO PARA A 2ª FESTA DAS ORIGENS DE GRAVATAL","150000.00","emendas#498","","","PENDENTE","","","sim"
"Tubarão","Entidades","CLUBE DE MÃES - Custeio das atividades","100000.00","emendas#497","","","AGUARDANDO PORTARIA","","","sim"
"Tubarão","Infraestrutura e obras","Investimento em Infraestrutura","300000.00","emendas#496","","","AGUARDANDO PORTARIA","","","sim"
"Tubarão","Outros","SERTAO DOS CORREAS - Investimento Sede Social","100000.00","emendas#495","","","AGUARDANDO PORTARIA","","","validar"
"Tubarão","Autismo (TEA)","APAE - Equoterapia e Terapia Ocupacional","400000.00","emendas#494","","","AGUARDANDO PORTARIA","","","sim"
"Treviso","Entidades","Construção Capela Mortuária","200000.00","emendas#493","","","AGUARDANDO PORTARIA","","","sim"
"Sangão","Autismo (TEA)","TEA - Equoterapia e Terapia Ocupacional","200000.00","emendas#491","","","AGUARDANDO PORTARIA","","","sim"
"Rodeio","Infraestrutura e obras","Investimentos em infraestrutura","150000.00","emendas#490","","","AGUARDANDO PORTARIA","","","sim"
"Petrolândia","Entidades","CLUBE DE MÃES - Custeio das atividades","100000.00","emendas#489","","","AGUARDANDO PORTARIA","","","sim"
"Orleans","Outros","Compra de veículo para Administração Municipal","300000.00","emendas#488","","","AGUARDANDO PORTARIA","","","validar"
"Laguna","Autismo (TEA)","APAE - Equoterapia e Terapia Ocupacional","350000.00","emendas#487","","","AGUARDANDO PORTARIA","","","sim"
"Forquilhinha","Infraestrutura e obras","Pavimentação","150000.00","emendas#485","","","AGUARDANDO PORTARIA","","","sim"
"Criciúma","Infraestrutura e obras","Investimento em Infraestrutura","300000.00","emendas#484","","","AGUARDANDO PORTARIA","","","sim"
"Capivari de Baixo","Segurança","Pavimentação","300000.00","emendas#483","","","AGUARDANDO PORTARIA","","","sim"
"Capivari de Baixo","Autismo (TEA)","APAE - Compra veículo passageiros","300000.00","emendas#481","","","AGUARDANDO PORTARIA","","","sim"
"Braço do Norte","Infraestrutura e obras","Pavimentação Rio Amélia","400000.00","emendas#480","","","AGUARDANDO PORTARIA","","","sim"
"Armazém","Autismo (TEA)","APAE - Equoterapia e Terapia Ocupacional","100000.00","emendas#479","","","AGUARDANDO PORTARIA","","","sim"
"Irineópolis","Entidades","Aquisição de um veículo para a Secretaria de Assistência Social do município","150000.00","emendas#478","","","AGUARDANDO DOCUMENTACAO","","","sim"
"Lebon Régis","Social, esporte e lazer","Fornecimento e Instalação de Piso para o Ginásio Municipal de Esportes","200000.00","emendas#476","","","AGUARDANDO DOCUMENTACAO","","","sim"
"Antônio Carlos","Agricultura","Solicitação de recursos para aquisição de trator cabinado","300000.00","emendas#475","","","PAGO","","","sim"
"Gravatal","Outros","2 CARROS DE PASSEIO","0.00","emendas#474","","","PRONTO","","","validar"
"Gravatal","Saúde e assistência social","AMBULÂNCIA SAMU - PROGRAMA FEDERAL","480000.00","emendas#473","","","PRONTO","","","sim"
"Sangão","Outros","01 KIT DE TRANSPOSIÇÃO DE OBSTÁCULOS A SER INSTALADO NA COMUNIDADE DE MORRO GRANDE","0.00","emendas#472","","","ARQUIVADO","","","validar"
"Sangão","Social, esporte e lazer","GINÁSIO DE ESPORTES","5900000.00","emendas#471","","","PRONTO","","","sim"
"Capivari de Baixo","Infraestrutura e obras","PAVIMENTAÇÃO ASFÁLTICA NA RUA ANTONIA DE BITTENCOURT BARCELOS - INDUSTRIAL","523537.16","emendas#470","","","PAGO PARCIAL","","","sim"
"Sangão","Outros","INVESTIMENTO NO SISTEMA VIÁRIO DO MUNICÍPIO","500000.00","emendas#469","","","PRONTO","","","validar"
"Rio Fortuna","Infraestrutura e obras","PAVIMENTAÇÃO DE TRECHO DA ESTRADA GERAL RIO CAFÉ, NO MUNICÍPIO DE RIO FORTUNA/SC","600000.00","emendas#468","","","PRONTO","","","sim"
"Paulo Lopes","Educação e inovação","CRECHE JOELMA DE BONA","2300000.00","emendas#467","","","PRONTO","","","sim"
"Paulo Lopes","Infraestrutura e obras","REVITALIZAÇÃO GINÁSIO DE ESPORTES E DAS RUAS PORTUGAL E ROZELINDA TEREZINHA DA COSTA SÁ","600000.00","emendas#466","","","PRONTO","","","sim"
"Paulo Lopes","Infraestrutura e obras","PAVIMENTAÇÃO DE DIVERSAS RUAS NO MUNICÍPIO DE PAULO LOPES/SC","1000000.00","emendas#465","","","PRONTO","","","sim"
"Imbituba","Infraestrutura e obras","PAVIMENTAÇÃO DA RUA MARGARIDA ALVES DAMÁSIO, IMBITUBA/SC","215000.00","emendas#464","","","PRONTO","","","sim"
"Imbituba","Infraestrutura e obras","PAVIMENTAÇÃO, DRENAGEM E ACESSIBILIDADE RUA VOLNEI SOARES","375000.00","emendas#463","","","PENDENTE","","","sim"
"Imbituba","Infraestrutura e obras","PAVIMENTAÇÃO E DRENAGEM NA RUA LUIZ GONZAGA DE AMORIM, IMBITUBA/SC","515000.00","emendas#462","","","ARQUIVADO","","","sim"
"Gravatal","Infraestrutura e obras","PAVIMENTAÇÃO RUA VERGÍLIO SERAFIM FERNANDES EM TERMAS","1250000.00","emendas#461","","","PRONTO","","","sim"
"Armazém","Infraestrutura e obras","PAVIMENTAÇÃO DE VIAS NO MUNICÍPIO DE ARMAZÉM/SC","500000.00","emendas#460","","","PRONTO","","","sim"
"Gravatal","Social, esporte e lazer","DOAÇÃO DE DOIS VEÍCULOS PARA AS SECRETARIAS DE SERVIÇOS URBANOS, OBRAS E AGRICULTURA","0.00","emendas#459","","","PRONTO","","","sim"
"Garopaba","Outros","DOAÇÃO DE UM VEÍCULO AUTOMOTIVO DE CINCO PORTAS PARA A SEC DE ADM","0.00","emendas#458","","","ARQUIVADO","","","validar"
"Cocal do Sul","Social, esporte e lazer","1ª EDIÇÃO DA FESTA DO COLONO E DO CAMINHONEIRO - 24 A 28 DE SETEMBRO DE 2025","0.00","emendas#457","","","ARQUIVADO","","","sim"
"Passo de Torres","Social, esporte e lazer","FESTA MUNICIPAL DE NAVEGANTES - 31/01 A 02/02/2026 - ENVIADO SECRETÁRIO 16/10/25","100000.00","emendas#456","","","ARQUIVADO","","","sim"
"Passo de Torres","Outros","4ª SEMANA FARROUPILHA - 13 A 20 DE SETEMBRO DE 2025","50000.00","emendas#455","","","PAGO","","","validar"
"Tubarão","Outros","LETS BEER FESTIVAL - 18 A 21 DE OUTUBRO DE 2023","19040.00","emendas#454","","","PAGO","","","validar"
"Tubarão","Social, esporte e lazer","FESTA JUNINA DO BAIRRO PASSAGEM (SANTA TEREZINHA) - 5 A 12 DE JUNHO DE 2025","20000.00","emendas#453","","","PAGO","","","sim"
"Sangão","Social, esporte e lazer","2ª FESTA DA CULTURA DO MUNICÍPIO DE SANGÃO - 22 A 25 DE MAIO DE 2025","15000.00","emendas#452","","","PRONTO","","","sim"
"Paulo Lopes","Outros","4ª FEIRA AGROPOLO - 23 A 25 DE MAIO DE 2025","20000.00","emendas#451","","","PRONTO","","","validar"
"Paulo Lopes","Outros","2ª FEIRA AGROPOLO - 12 A 14 DE MAIO DE 2023","20000.00","emendas#450","","","PRONTO","","","validar"
"Garopaba","Saúde e assistência social","APOIO FINANCEIRO AO MUNICÍPIO NA ÁREA DA SAÚDE - CUSTEIO","150000.00","emendas#449","","","PAGO","","","sim"
"São Ludgero","Saúde e assistência social","APOIO FINANCEIRO AO MUNICÍPIO NA ÁREA DA SAÚDE - AMPLIAÇÃO PSICOLOGIA E PSIQUIATRIA","107000.00","emendas#448","","","PAGO","","","sim"
"Treze de Maio","Saúde e assistência social","APOIO FINANCEIRO AO MUNICÍPIO PARA COMPRA DE UMA AMBULÂNCIA SAÚDE","350000.00","emendas#447","","","PAGO","","","sim"
"Gravatal","Saúde e assistência social","APOIO FINANCEIRO AO MUNICÍPIO NA ÁREA DA SAÚDE - CUSTEIO","150000.00","emendas#446","","","PAGO","","","sim"
"Pedras Grandes","Saúde e assistência social","APOIO FINANCEIRO AO MUNICÍPIO NA ÁREA DA SAÚDE - INVESTIMENTO EM INFRA. DE ATENDIMENTO DE UNIDADES BÁSICAS DE SAÚDE","200000.00","emendas#445","","","PAGO","","","sim"
"Turvo","Autismo (TEA)","APOIO FINANCEIRO AO MUNICÍPIO NA ÁREA DA SAÚDE - ATENDIMENTO AUTISMO","100000.00","emendas#444","","","PAGO","","","sim"
"Sangão","Saúde e assistência social","APOIO FINANCEIRO AO MUNICÍPIO NA ÁREA DA SAÚDE - CUSTEIO DE EXAMES DE BAIXA, MÉDIA E ALTA COMPLEXIDADE","150000.00","emendas#443","","","PAGO","","","sim"
"Orleans","Saúde e assistência social","FUNDAÇÃO HOSPITALAR SANTA OTILIA","100000.00","emendas#442","","","PRONTO","","","sim"
"Imaruí","Saúde e assistência social","CUSTEIO HOSPITAL ASSOCIAÇÃO SANTA CASA SÃO JOÃO BATISTA","150000.00","emendas#441","","","PRONTO","","","sim"
"Meleiro","Saúde e assistência social","HOSPITAL COMUN SÃO JUDAS TADEU - CUSTEIO","200000.00","emendas#440","","","PRONTO","","","sim"
"Gravatal","Saúde e assistência social","REALIZAÇÃO DE EXAMES","105584.84","emendas#439","","","PRONTO","","","sim"
"Garopaba","Saúde e assistência social","EXAMES DE IMAGEM: TOMOGRAFIAS, RESSONÂNCIAS MAGNÉTICAS E ULTRASSOM","300000.00","emendas#438","","","PRONTO","","","sim"
"Pescaria Brava","Saúde e assistência social","APOIO AO CUSTEIO PARA EXAMES DE RESSONÂNCIA MAGNÉTICA","127561.93","emendas#436","","","PRONTO","","","sim"
"Gravatal","Saúde e assistência social","APOIO AO CUSTEIO PARA SAÚDE","100000.00","emendas#435","","","PRONTO","","","sim"
"Gravatal","Infraestrutura e obras","Pavimentação de trecho da Estrada Municipal Várzea das Canoas","2518000.00","emendas#434","","","AGUARDANDO PORTARIA","","","sim"
"Pescaria Brava","Infraestrutura e obras","INVESTIMENTO EM INFRAESTRUTURA VIÁRIA pavimentação asfáltica da Avenida Eliete - Trecho 03","2316000.00","emendas#433","","","PAGO","","","sim"
"Orleans","Infraestrutura e obras","PAVIMENTAÇÃO ASFÁLTICA DA RUA VEREADOR ELIAS BUSSOLO, NO BAIRRO SAMUEL SANDRINI","2316000.00","emendas#432","","","PAGO","","","sim"
"Tubarão","Infraestrutura e obras","PROJETO EXECUTIVO DA DRAGAGEM, DA ÁREA DO PORTO DE LAGUNA, COM REMODELAGEM DOS MOLHES","5000000.00","emendas#431","","","PUBLICADO","","","sim"
"Tubarão","Infraestrutura e obras","PAVIMENTAÇÃO E DRENAGEM PLUVIAL DA AVENIDA PEDRO ZAPELINI -410 METROS, PAVIMENTAÇÃO Е DRENAGEM PLUVIAL RUA DOZE DE OUTUBRO 312 METROS.","2000000.00","emendas#430","","","AGUARDANDO DOCUMENTACAO","","","sim"
"Vitor Meireles","Infraestrutura e obras","Aquisição de materiais pétreos para pavimentação parcial da Rodovia VMS-075","150000.00","emendas#429","","","EM ANALISE","","","sim"
"Urubici","Infraestrutura e obras","Pavimentação em asfalto da Rua Ana Warmling Stange","300000.00","emendas#428","","","AGUARDANDO DOCUMENTACAO","","","sim"
"Urubici","Infraestrutura e obras","O recurso para pavimentação da Rua João Locks","200000.00","emendas#427","","","AGUARDANDO DOCUMENTACAO","","","sim"
"Tubarão","Educação e inovação","Custeio para Secretaria de Esporte - APROET / ADFT / CHURRASCADA / ROBÓTICA / VÔLEI","350000.00","emendas#426","","","AGUARDANDO PORTARIA","","","sim"
"Tubarão","Infraestrutura e obras","Pavientação da Rua Vespúcio Claudino e de um trecho da Rua Manoel Rosendo Linhares - (CTG)","100000.00","emendas#425","","","AGUARDANDO PORTARIA","","","sim"
"Tubarão","Entidades","Projeto CDL - Elaboração de projeto para implantação de redes subterrâneas de distribuição de energia elétrica","350000.00","emendas#424","","","AGUARDANDO DOCUMENTACAO","","","sim"
"Rio Negrinho","Infraestrutura e obras","Pavimentação de parte da Rua Luiz Bernardo Olsen","250000.00","emendas#423","","","AGUARDANDO DOCUMENTACAO","","","sim"
"Rio dos Cedros","Infraestrutura e obras","PAVIMENTAÇÃO DA RCD-430 (Trecho1), BAIRRO RIO ESPERANÇA","300000.00","emendas#422","","","PUBLICADO","","","sim"
"Rio do Oeste","Agricultura","Aquisição de equipamentos agrícolas","150000.00","emendas#421","","","AGUARDANDO DOCUMENTACAO","","","sim"
"Presidente Getúlio","Infraestrutura e obras","Reperfilamento e recomposição asfáltica superficial da Rua Ruy Barbosa, do bairro Primavera","400000.00","emendas#420","","","AGUARDANDO DOCUMENTACAO","","","sim"
"Ponte Alta do Norte","Entidades","Custeio e manutenção das atividades da Secretaria de Assistência Social","100000.00","emendas#419","","","AGUARDANDO DOCUMENTACAO","","","sim"
"Peritiba","Educação e inovação","Atividade na área da educação, atividades de educação básica","100000.00","emendas#418","","","AGUARDANDO PORTARIA","","","sim"
"Painel","Agricultura","Aquisição de implementos","100000.00","emendas#417","","","AGUARDANDO DOCUMENTACAO","","","sim"
"Nova Veneza","Social, esporte e lazer","Manutenção no Ginásio de Esportes do São Bento Baixo","300000.00","emendas#416","","","AGUARDANDO PORTARIA","","","sim"
"Morro da Fumaça","Infraestrutura e obras","Aquisição de Massa Asfáltica para Pavimentação e Manutenção Viária","200000.00","emendas#415","","","AGUARDANDO PORTARIA","","","sim"
"Leoberto Leal","Outros","Concretagem do piso de Centro de Eventos","200000.00","emendas#414","","","AGUARDANDO DOCUMENTACAO","","","validar"
"Jacinto Machado","Infraestrutura e obras","Pavimentação de Trecho da Estrada Geral Arizona","500000.00","emendas#409","","","EM ANALISE","","","sim"
"Ituporanga","Agricultura","Implementos agrícolas","200000.00","emendas#408","","","AGUARDANDO PORTARIA","","","sim"
"Ituporanga","Infraestrutura e obras","Insumos para Infraestrutura","200000.00","emendas#407","","","AGUARDANDO PORTARIA","","","sim"
"Ituporanga","Infraestrutura e obras","Pavimentação de Ruas no Perímetro Urbano","635000.00","emendas#406","","","PUBLICADO","","","sim"
"Ituporanga","Infraestrutura e obras","Pavimentação em concreto da Serra de Chapadão Santana","365000.00","emendas#405","","","AGUARDANDO DOCUMENTACAO","","","sim"
"Imbituba","Infraestrutura e obras","Pavimentação da D.S. Rua Evaristo Lima, no bairro Campo D'aviação","300000.00","emendas#403","","","AGUARDANDO PORTARIA","","","sim"
"Imaruí","Infraestrutura e obras","Aquisição de Véiculo Caminhão para a Secretaria de Infraestrutura","200000.00","emendas#402","","","AGUARDANDO DOCUMENTACAO","","","sim"
"Herval D'oeste","Infraestrutura e obras","Pavimentação da Rua João Cassimiro da Silva","300000.00","emendas#401","","","AGUARDANDO PORTARIA","","","sim"
"Capinzal","Infraestrutura e obras","Pavimentação de parte da Rua Pica-Pau, localizada no Loteamento Recanto dos Pássaros","450000.00","emendas#400","","","PUBLICADO","","","sim"
"Agronômica","Infraestrutura e obras","Revitalização do Centro de Eventos Roberto Westphal, Rua 7 de Setembro, bairro Mosquito","200000.00","emendas#399","","","AGUARDANDO DOCUMENTACAO","","","sim"
"Witmarsum","Infraestrutura e obras","Aquisição de insumos para a pavimentação de 300 m da Serra do Sertãozinho","200000.00","emendas#398","","","AGUARDANDO DOCUMENTACAO","","","sim"
"Vidal Ramos","Infraestrutura e obras","Aquisição de insumos para pavimentação em concreto de 200m da estrada vicinal na Comunidade de Flamenguinho","100000.00","emendas#397","","","PAGO","","","sim"
"Tubarão","Infraestrutura e obras","Aquisição de materiais para pavimentação e drenagem de vias no município","742830.00","emendas#396","","","AGUARDANDO DOCUMENTACAO","","","sim"
"Tubarão","Infraestrutura e obras","Pavimentação de vias no município","557170.00","emendas#395","","","AGUARDANDO DOCUMENTACAO","","","sim"
"Treze Tílias","Infraestrutura e obras","Aquisição de placas de sinalização turística para a Secretaria Municipal de Turismo","200000.00","emendas#394","","","AGUARDANDO DOCUMENTACAO","","","sim"
"Três Barras","Infraestrutura e obras","Pavimentação da rua Adão Santarém no Distrito de São Cristóvão","500000.00","emendas#393","","","AGUARDANDO DOCUMENTACAO","","","sim"
"Timbé do Sul","Infraestrutura e obras","ILUMINAÇÃO PORTAL DA CIDADE","100000.00","emendas#392","","","PUBLICADO","","","sim"
"São Pedro de Alcântara","Outros","Aquisição de um veículo utilitário para uso da Secretaria Municipal de Administração","100000.00","emendas#391","","","AGUARDANDO DOCUMENTACAO","","","validar"
"São Martinho","Outros","Aquisição de uma Retro Escavadeira 4 x 4, para Secretaria de Transporte e Obras","200000.00","emendas#390","","","AGUARDANDO DOCUMENTACAO","","","validar"
"São Domingos","Outros","Custeio de atividades da secretaria municipal de urbanismo do Município","150000.00","emendas#389","","","AGUARDANDO DOCUMENTACAO","","","validar"
"São Domingos","Social, esporte e lazer","Reforma, Ampliação e Modernização do Parque Infantil da Praça Germano Griss","150000.00","emendas#388","","","AGUARDANDO DOCUMENTACAO","","","sim"
"São Bonifácio","Social, esporte e lazer","Aquisição de Van para o Esporte","250000.00","emendas#387","","","AGUARDANDO DOCUMENTACAO","","","sim"
"Sangão","Infraestrutura e obras","Pavimentação com lajotas de concreto em diversas vias do município: Rua das Palmeiras, Rua Angelo Felisberto Trecho II, Rua Odocia Goulart Savalaio, Rua Zulmira Garcia Patrício, Rua Aberlardo Virgínio, Rua Pedra Machado, Rua Gumercindo Goulart, Rua Débora Marta Valigura, Rua Altemir Domingos, Rua Projetada nº 47, Rua Lígia da Luz Dias, Rua Projetada.","850000.00","emendas#386","","","EM ANALISE","","","sim"
"Salto Veloso","Agricultura","Aquisição de 01 Carreta Agrícola Basculante 6T e 01 Distribuidor de Dejetos com capacidade de 6.000 litros","100000.00","emendas#385","","","EM ANALISE","","","sim"
"Rio do Campo","Infraestrutura e obras","Apoio financeiro para manutenção de estradas vicinais","200000.00","emendas#384","","","EM ANALISE","","","sim"
"Praia Grande","Saúde e assistência social","Aquisição de Medicamentos para Secretaria Municipal de Saúde","200000.00","emendas#383","","","AGUARDANDO DOCUMENTACAO","","","sim"
"Pedras Grandes","Infraestrutura e obras","Pavimentação de Trecho da Estrada Geral Rio Coral","300000.00","emendas#382","","","AGUARDANDO DOCUMENTACAO","","","sim"
"Ouro","Social, esporte e lazer","Aquisição de 4 Distribuidores de Adubo Orgânico Liquido para atendimento das demandas da Sec. de Agricultura","150000.00","emendas#381","","","AGUARDANDO DOCUMENTACAO","","","sim"
"Orleans","Infraestrutura e obras","Recuperação Asfáltica da Rua Januário Mazon","400000.00","emendas#380","","","PAGO","","","sim"
"Orleans","Infraestrutura e obras","Pavimentação da Estrada Geral Taipa","500000.00","emendas#379","","","AGUARDANDO DOCUMENTACAO","","","sim"
"Nova Veneza","Infraestrutura e obras","Pavimentação da Rua José Lino Junkes, na Comunidade de São Bonifácio, distrito de São Bento Baixo","400000.00","emendas#378","","","AGUARDANDO DOCUMENTACAO","","","sim"
"Morro da Fumaça","Saúde e assistência social","SOLICITADO TROCA -> Apoio financeiro através de custeio da Secretaria Municipal de Saúde (Era Construção de Praça Coberta localizada no centro)","500000.00","emendas#377","","","EM ANALISE","","","sim"
"Maravilha","Infraestrutura e obras","Execução de obras de infraestrutura voltadas ao esporte, revitalização e adequação de áreas esportivas públicas, como quadras, ginásios e campos.","150000.00","emendas#376","","","AGUARDANDO DOCUMENTACAO","","","sim"
"Lauro Müller","Infraestrutura e obras","Pavimentação Asfáltica da Rua Dionísio Adriano, bairro Mina Nova","400000.00","emendas#375","","","AGUARDANDO DOCUMENTACAO","","","sim"
"Imaruí","Infraestrutura e obras","Pavimentação do trecho final da rodovia IMA 451, na localidade do Rio Prainha","100000.00","emendas#374","","","AGUARDANDO DOCUMENTACAO","","","sim"
"Grão-Pará","Infraestrutura e obras","Aquisição de Caminhão Caçamba para a Secretaria Municipal de Obras","450000.00","emendas#373","","","PUBLICADO","","","sim"
"Capivari de Baixo","Infraestrutura e obras","Pavimentação da Rua Maria de Fátima da Costa, Bairro Santa Lúcia","300000.00","emendas#372","","","AGUARDANDO DOCUMENTACAO","","","sim"
"Capivari de Baixo","Social, esporte e lazer","Apoio Financeiro para Melhorias e Revitalização da Praça no Bairro Paraiso","250000.00","emendas#371","","","AGUARDANDO DOCUMENTACAO","","","sim"
"Capivari de Baixo","Social, esporte e lazer","Aquisição de Veiculo Transporte Passageiros Departamento de Esporte","300000.00","emendas#370","","","AGUARDANDO DOCUMENTACAO","","","sim"
"Braço do Norte","Infraestrutura e obras","Contração de Horas Máquinas para Execução de Serviços de Terraplanagem em Vias","450000.00","emendas#369","","","AGUARDANDO DOCUMENTACAO","","","sim"
"Benedito Novo","Infraestrutura e obras","Pavimentação da Rua Karl Blaese – Ribeirão dos Russos Ribeirão Treze - obra em andamento","200000.00","emendas#368","","","PUBLICADO","","","sim"
"Antônio Carlos","Infraestrutura e obras","TROCA DE OBJETO - Pavimentação e Sinalização da Servidão dos Kuhn. (antes era para Rua Domingos Manoel Rocha)","450000.00","emendas#366","","","AGUARDANDO DOCUMENTACAO","","","sim"
"Água Doce","Agricultura","Aquisição de máquinas, equipamentos e implementos agrícolas","100000.00","emendas#365","","","AGUARDANDO DOCUMENTACAO","","","sim"
"Vidal Ramos","Agricultura","Verificar com Deputado a Troca - (problemas na relação) Recurso para aquisição de implementos agrícolas para atender às demandas dos produtores rurais","150000.00","emendas#364","","","PAGO","","","sim"
"Urussanga","Outros","Recurso para implantar programa de hidroginástica destinado a pacientes com indicação médica","150000.00","emendas#363","","","PUBLICADO","","","validar"
"Urubici","Infraestrutura e obras","Recurso para infraestrutura hídrica e projeto de lazer da Associação de Moradores de São Pedro e São José","100000.00","emendas#362","","","AGUARDANDO DOCUMENTACAO","","","sim"
"Tubarão","Educação e inovação","SOLICITADO TROCA -> JOANA DE ANGELIS - construção de área coberta na sede da Fundação Educacional Joana de Angelis (ERA CONSTRUÇÃO DE ÁREA COBERTA NO CENTRO EDUCACIONAL SANTO AFONSO)","100000.00","emendas#361","","","SOLICITADO TROCA","","","sim"
"Tubarão","Outros","Custeio para desenvolvimento de atividades de fim social em tecnologia","100000.00","emendas#360","","","EM ANALISE","","","validar"
"Tubarão","Entidades","COMBEMTU -para o custeio das atividades e consequentemente, para prosseguirmos impactando no desenvolvimento social da comunidade","100000.00","emendas#359","","","AGUARDANDO DOCUMENTACAO","","","sim"
"Tubarão","Saúde e assistência social","REDE FEMININA - Recursos para custear atividades, manter serviços, adquirir materiais e ampliar ações de prevenção","100000.00","emendas#358","","","EM ANALISE","","","sim"
"Tubarão","Saúde e assistência social","Recursos para ampliar e qualificar os atendimentos SUS no município e região","300000.00","emendas#357","","","PAGO","","","sim"
"Tubarão","Entidades","REFORMA DO TELHADO DA ASSOCIAÇÃO CASA DOS ROTARIANOS DE TUBARÃO","100000.00","emendas#356","","","AGUARDANDO DOCUMENTACAO","","","sim"
"Trombudo Central","Educação e inovação","Recurso para construção de uma nova Creche Municipal em Trombudo Central","500000.00","emendas#355","","","PAGO","","","sim"
"Treze de Maio","Agricultura","Recuso para aquisição de drone agrícola para atender às necessidades do Município","100000.00","emendas#354","","","PAGO","","","sim"
"Treze de Maio","Social, esporte e lazer","Recurso para projeto social que promove inclusão e desenvolvimento cultural e esportivo na comunidade","100000.00","emendas#353","","","PAGO","","","sim"
"Treze de Maio","Saúde e assistência social","Recursos para ampliar e qualificar os atendimentos SUS no município e região","700000.00","emendas#352","","","EM ANALISE","","","sim"
"Treviso","Infraestrutura e obras","Recurso para pavimentar a Rua João Buogo, acesso à Igreja Nossa Senhora dos Campos","300000.00","emendas#351","","","PAGO","","","sim"
"Treviso","Educação e inovação","IMPLANTAÇÃO DE SALAS SENSORIAIS NA REDE DE ENSINO","100000.00","emendas#350","","","PAGO","","","sim"
"Três Barras","Infraestrutura e obras","Obras de revitalização da Rua Vereador Ricardo de Oliveira, Bairro Jardim Zilda Pacheco","500000.00","emendas#349","","","PAGO","","","sim"
"Timbé do Sul","Infraestrutura e obras","Recurso para pavimentação asfáltica com fornecimento de materiais em trecho da TBS 255 em Figueira Alessio","500000.00","emendas#348","","","PAGO","","","sim"
"Timbé do Sul","Educação e inovação","Recurso para adquirir laboratórios e equipamentos para a Escola Frei Modesto e EJA Jussânia Búrigo","150000.00","emendas#347","","","PAGO","","","sim"
"Timbé do Sul","Infraestrutura e obras","Pavimentação asfáltica de vias nos municipios","150000.00","emendas#346","","","PAGO","","","sim"
"São Martinho","Autismo (TEA)","COMPRA VEÍCULO SPIN PARA APAE - Adquirir um veículo com cepacidade para sete (07) pessoas","150000.00","emendas#345","","","AGUARDANDO DOCUMENTACAO","","","sim"
"São João do Sul","Infraestrutura e obras","Aquisição de insumos para recuperação de vias no município","250000.00","emendas#344","","","PAGO","","","sim"
"São Bonifácio","Agricultura","Recursos para a manutenção da Fundação Médico Assistencial do Trabalhador Rural de São Bonifácio.","150000.00","emendas#343","","","VERIFICAR","","","sim"
"Santa Rosa de Lima","Agricultura","Aquisição de implementos agricolas","200000.00","emendas#342","","","PAGO","","","sim"
"Santa Rosa de Lima","Educação e inovação","Aquisição de instrumentos de sopro para educação do municipio","100000.00","emendas#341","","","PAGO","","","sim"
"Rio Fortuna","Infraestrutura e obras","EXECUÇÃO DE OBRAS DE ACESIBILIDADE EM PONTE","200000.00","emendas#340","","","PAGO","","","sim"
"Rio do Oeste","Infraestrutura e obras","Melhoria da infraestrutura urbana para ampliar mobilidade, segurança e impulsionar o desenvolvimento local","100000.00","emendas#339","","","PAGO","","","sim"
"Rio das Antas","Educação e inovação","Recurso para manutenção das escolas, materiais pedagógicos e ações de qualificação do ensino","340000.00","emendas#338","","","PAGO","","","sim"
"Presidente Nereu","Outros","Recurso para adquirir equipamentos, mobiliários e itens que aprimorem o atendimento especializado","100000.00","emendas#337","","","PAGO","","","validar"
"Petrolândia","Infraestrutura e obras","Recurso para pavimentação e drenagem pluvial na Rua Ver. Frederico de Sousa Filho","300000.00","emendas#336","","","PAGO","","","sim"
"Penha","Entidades","Aquisição um veículo para uso exclusivo das ações de proteção e bem-estar animal do Município","100000.00","emendas#335","","","PAGO","","","sim"
"Penha","Infraestrutura e obras","Destinada à execução de obras de infraestrutura na Rua Cirineu Lacava","228908.97","emendas#334","","","PAGO","","","sim"
"Paulo Lopes","Social, esporte e lazer","Recurso para a aquisição de um veículo para uso da Secretaria Municipal de Agricultura","120000.00","emendas#333","","","PAGO","","","sim"
"Paulo Lopes","Infraestrutura e obras","Recurso para melhorias na infraestrutura da Rua Frederico Manoel da Rosa, no bairro Santa Rita","500000.00","emendas#332","","","PAGO","","","sim"
"Papanduva","Saúde e assistência social","Recursos para ampliar e qualificar os atendimentos SUS no município e região","100000.00","emendas#331","","","AGUARDANDO DOCUMENTACAO","","","sim"
"Palma Sola","Infraestrutura e obras","PAVIMENTAÇÃO ASFÁLTICA DA RUA DONA CECÍLIA","300000.00","emendas#330","","","PAGO","","","sim"
"Nova Veneza","Educação e inovação","IMPLANTAÇÃO DE SALAS SENSORIAIS NA REDE DE ENSINO","100000.00","emendas#329","","","PAGO","","","sim"
"Nova Veneza","Autismo (TEA)","Custeio de atividades de Ecoterapia - TEA","100000.00","emendas#328","","","PUBLICADO","","","sim"
"Navegantes","Autismo (TEA)","Recurso para reforma da nova sede da APAE Navegantes, permitindo avanço das obras e da infraestrutura","300000.00","emendas#327","","","PENDENTE","","","sim"
"Morro da Fumaça","Social, esporte e lazer","Recurso para construir o Complexo Esportivo da Mina Fluorita e realizar melhorias no entorno","500000.00","emendas#326","","","PAGO","","","sim"
"Morro da Fumaça","Autismo (TEA)","APAE – Recursos para qualificar atendimentos, adquirir materiais úteis diversos e apoiar ações de saúde local","150000.00","emendas#325","","","EM ANALISE","","","sim"
"Morro da Fumaça","Outros","PAP: recursos para ações essenciais, materiais, insumos, medicamentos e manutenção básica","100000.00","emendas#324","","","PUBLICADO","","","validar"
"Meleiro","Saúde e assistência social","Recurso para a Saúde realizar exames e procedimentos de média e alta complexidade (MAC)","100000.00","emendas#323","","","PAGO","","","sim"
"Maracajá","Social, esporte e lazer","Recurso para reforma da Praça Frei Euzébio, criando espaço inclusivo","100000.00","emendas#322","","","PAGO","","","sim"
"Macieira","Educação e inovação","Aquisição de 285 kits de carteiras e cadeiras para as escolas Pequenos Brilhantes e Cândida Bertotto","100000.00","emendas#321","","","PAGO","","","sim"
"Luzerna","Outros","Recurso para aquisição de medicamentos, materiais de consumo e combustível para transporte de pacientes da Atenção Básica","100000.00","emendas#320","","","PUBLICADO","","","validar"
"Leoberto Leal","Outros","Construção do Centro de Eventos no município","200000.00","emendas#319","","","PAGO","","","validar"
"Laguna","Infraestrutura e obras","Obra de pavimentação na rua José Antônio Pedro na comunidade de Caputera","400000.00","emendas#318","","","PAGO","","","sim"
"Laguna","Outros","CASA ACOLHIDA FILHOS PREDILETOS - Recurso para compra de veiculo","100000.00","emendas#317","","","AGUARDANDO DOCUMENTACAO","","","validar"
"Laguna","Outros","Recurso para reforma e manutenção da estrutura física da sede da ACUSTRA","100000.00","emendas#316","","","EM ANALISE","","","validar"
"Laguna","Outros","PAULÃO VÔLEI","100000.00","emendas#315","","","PAGO","","","validar"
"José Boiteux","Autismo (TEA)","Recurso para adquirir equipamentos e implantar uma Sala Sensorial no CEI Branca de Neve","100000.00","emendas#314","","","PAGO","","","sim"
"Jaguaruna","Saúde e assistência social","Recurso para ampliar e qualificar os atendimentos do Hospital de Caridade de Jaguaruna no SUS","400000.00","emendas#313","","","EM ANALISE","","","sim"
"Jaguaruna","Autismo (TEA)","CONSELHO COMUNITÁRIO DE JAGUARUNA - Para Entidade custear o Programa de Atendimento ao Público TEA","150000.00","emendas#312","","","AGUARDANDO DOCUMENTACAO","","","sim"
"Jaguaruna","Infraestrutura e obras","PAVIMENTAÇÃO VIA QUE LIGA OS BAIRROS BOA VISTA À COSTA DA LAGOA","200000.00","emendas#311","","","PAGO","","","sim"
"Jaguaruna","Saúde e assistência social","Recurso para Ampliação da Unidade de Saúde da Comunidade de Olho D'Água","150000.00","emendas#310","","","PAGO","","","sim"
"Jaborá","Educação e inovação","Recursos para a execução de melhorias na Escola Básica Municipal Alberto Bordin","150000.00","emendas#309","","","PAGO","","","sim"
"Ituporanga","Educação e inovação","Recurso para ampliar e qualificar o atendimento escolar com melhorias, equipamentos e projetos pedagógicos","500000.00","emendas#308","","","PAGO","","","sim"
"Itaiópolis","Infraestrutura e obras","Recurso para aquisição e instalação de iluminação LED","200000.00","emendas#307","","","PAGO","","","sim"
"Imbuia","Educação e inovação","Recurso para aquisição de ônibus para uso da educação","300000.00","emendas#306","","","PAGO","","","sim"
"Imbituba","Infraestrutura e obras","Recurso para a Pavimentação e drenagem pluvial do trecho 1, da Rua Izidoro João Manoel da Silva","450000.00","emendas#305","","","PAGO","","","sim"
"Imbituba","Social, esporte e lazer","ASSOCIACAO DE VOLEIBOL DE IMBITUBA - Recurso para continuidade e expansão do Projeto Esportivo ASVI em 2026, ampliando ações e treinos","100000.00","emendas#304","","","EM ANALISE","","","sim"
"Imbituba","Social, esporte e lazer","Para custear as atividades culturais executadas pela Cia Desmontagem Cênica de Imbituba","100000.00","emendas#303","","","EM ANALISE","","","sim"
"Imaruí","Saúde e assistência social","Recurso para adquirir equipamentos hospitalares","250000.00","emendas#302","","","EM ANALISE","","","sim"
"Içara","Saúde e assistência social","HOSPITAL SÃO DONATO - Recurso para Custeio e Manutenção dos Serviços de Saúde, destinados ao pagamento dos plantonistas médicos do pronto socorro","300000.00","emendas#301","","","PAGO","","","sim"
"Gravatal","Social, esporte e lazer","AQUISIÇÃO DE VEÍCULO PARA SECRETARIA DE ESPORTES","140000.00","emendas#300","","","PAGO","","","sim"
"Gravatal","Agricultura","AQUISIÇÃO DE IMPLEMENTOS AGRÍCOLAS","100000.00","emendas#299","","","PAGO","","","sim"
"Grão-Pará","Outros","AQUISIÇÃO VEÍCULO PARA ZOONOSES","150000.00","emendas#298","","","PAGO","","","validar"
"Gaspar","Outros","Recurso para castrações, atendimentos veterinários, vacinação, adoção e apoio à proteção animal","100000.00","emendas#297","","","PAGO","","","validar"
"Garopaba","Entidades","Recurso para aquisição de recursos para manutenção da associação Abraço Fraterno","100000.00","emendas#296","","","EM ANALISE","","","sim"
"Forquilhinha","Educação e inovação","Recurso para a Construção de um CENTRO DE EDUCAÇÃO INFALTIL (C.E.I.) no Bairro Ouro Negro","900000.00","emendas#295","","","PAGO","","","sim"
"Florianópolis","Autismo (TEA)","LIRA TENIS CLUBE - Recurso para manutenção e ampliação do serviço especializado e apresentação de Projeto para Natação para Portadores do TEA","100000.00","emendas#294","","","EM ANALISE","","","sim"
"Florianópolis","Outros","AABB - PROJETO SOCIAL DE VÔLEI SACA ESSA","100000.00","emendas#293","","","EM ANALISE","","","validar"
"Cocal do Sul","Educação e inovação","Construção de salas de aula na rede municipal de ensino de Cocal do Sul","350000.00","emendas#292","","","PAGO","","","sim"
"Chapadão do Lageado","Social, esporte e lazer","Recursos para a aquisição de um Trator Agrícola, para apoio a Secretaria da agricultura de nosso Município","200000.00","emendas#291","","","PAGO","","","sim"
"Capivari de Baixo","Outros","Recurso para aquisição de um veículo modelo FIAT STRADA VOLCANO CABINE DUPLA 1.3","130000.00","emendas#290","","","EM ANALISE","","","validar"
"Capivari de Baixo","Educação e inovação","TROCA OBJETO -> Custeio das atividades esportivas e recreativas da Sociedade Esportiva Recreativa Aparecida ERA -> Aquisição de materiais do projeto Escola de Campeões, que oferece aulas gratuitas de karatê -> Custeio das atividades esportivas e recreativas da Sociedade Esportiva Recreativa Aparecida","100000.00","emendas#289","","","SOLICITADO TROCA","","","sim"
"Capivari de Baixo","Social, esporte e lazer","Solicitação de emenda para compra de material esportivo","100000.00","emendas#288","","","EM ANALISE","","","sim"
"Capivari de Baixo","Saúde e assistência social","TROCA OBJETO -> Custeio de consultas e exames ERA -> Aquisição de veiculo utilitário 4x4 para defesa civil","250000.00","emendas#287","","","SOLICITADO TROCA","","","sim"
"Capivari de Baixo","Saúde e assistência social","REDE FEMININA - Recursos para custear atividades, manter serviços, adquirir materiais e ampliar ações de prevenção","100000.00","emendas#286","","","EM ANALISE","","","sim"
"Capivari de Baixo","Entidades","CLUBE DE MÃES - Aquisição de insumos para as atividades a serem desenvolvidas pelos grupos e turmas","100000.00","emendas#285","","","AGUARDANDO DOCUMENTACAO","","","sim"
"Capinzal","Infraestrutura e obras","Recursos para pavimentar a Rua Pica-Pau, no Recanto dos Pássaros, melhorando tráfego e segurança.","500000.00","emendas#284","","","PAGO","","","sim"
"Brusque","Educação e inovação","SOLICITADO TROCA -> Melhorias na Escola de Ensino Fundamental Professora Georgina de Carvalho Ramos da Luz","100000.00","emendas#283","","","SOLICITADO TROCA","","","sim"
"Brusque","Educação e inovação","SOLICITADO TROCA -> melhorias Centro de Educação Infantil Tia Trude","100000.00","emendas#282","","","SOLICITADO TROCA","","","sim"
"Brusque","Educação e inovação","SOLICITADO TROCA -> melhorias da Centro de Educação Infantil Nova Brasília","100000.00","emendas#281","","","SOLICITADO TROCA","","","sim"
"Braço do Norte","Agricultura","FUNBAMA - Aquisição de um Drone para ações de monitoramento ambiental","100000.00","emendas#280","","","PAGO","","","sim"
"Braço do Norte","Educação e inovação","Recurso para aquisição de 20 abrigos para pontos de transporte escola","100000.00","emendas#279","","","PAGO","","","sim"
"Braço do Norte","Infraestrutura e obras","PAVIMENTAÇÃO RUA PADRE JACOB LUIZ NEIBEL - Bairro São francisco de Assis","450000.00","emendas#278","","","PAGO","","","sim"
"Braço do Norte","Saúde e assistência social","HOSPITAL SANTA TEREZINHA - Ampliação e construção de novo prédio para atendimentos","100000.00","emendas#277","","","EM ANALISE","","","sim"
"Bom Jesus","Saúde e assistência social","CUSTEIO SAÚDE - Insumos para atividades dos postos de saúde do município","100000.00","emendas#276","","","PAGO","","","sim"
"Biguaçu","Outros","Implantação de um sistema de câmeras de segurança no Município","250000.00","emendas#275","","","PAGO","","","validar"
"Balneário Rincão","Saúde e assistência social","Recursos para Rede Feminina de Combate ao Câncer de Balneário Rincão, destinados à construção da sede própria da entidade","100000.00","emendas#274","","","AGUARDANDO DOCUMENTACAO","","","sim"
"Balneário Gaivota","Infraestrutura e obras","Pavimentação asfáltica da Rua José delaudino dos Santos","140000.00","emendas#273","","","PAGO","","","sim"
"Arroio Trinta","Social, esporte e lazer","Aquisição de um veículo para uso da Secretaria Municipal de Esportes, utilizado para o transporte de atletas e equipes esportivas","300000.00","emendas#272","","","PAGO","","","sim"
"Armazém","Autismo (TEA)","COMPRA VEÍCULO SPIN PARA APAE - Adquirir um veículo com capacidade para sete (07) pessoas","150000.00","emendas#271","","","EM ANALISE","","","sim"
"Armazém","Infraestrutura e obras","Recurso para repavimentação de trecho da Rua Adolfo Steiner","280000.00","emendas#270","","","PAGO","","","sim"
"Araranguá","Infraestrutura e obras","Recurso para pavimentação da Rodovia Municipal ARA - 204, na comunidade de Sanga do Marco","370000.00","emendas#269","","","PAGO","","","sim"
"Antônio Carlos","Infraestrutura e obras","Pavimentação e Infraestrutura da Rua Alvina Martendal Richartz","360000.00","emendas#268","","","PAGO","","","sim"
"Agronômica","Infraestrutura e obras","Recurso para melhorias viárias e iluminação pública na Rua 7 de Setembro e imediações do Centro de Eventos","100000.00","emendas#267","","","PAGO","","","sim"
"Abdon Batista","Infraestrutura e obras","Incentivo para ações agrícolas, infraestrutura rural e aquisição de equipamentos, visando desenvolvimento","150000.00","emendas#266","","","PAGO","","","sim"
"Zortéa","Educação e inovação","MELHORIAS NA INFRAESTRUTURA DA ESCOLA MUNICIPAL HORIZONTE NÚCLEO I","150000.00","emendas#265","","","PAGO","","","sim"
"Witmarsum","Infraestrutura e obras","RECUPERAÇÃO DAS ESTRADAS VICINAIS NO RIBEIRÃO MARRECO","100000.00","emendas#264","","","EM ANALISE","","","sim"
"Vidal Ramos","Outros","AQUISIÇÃO DE UM VEÍCULO PARA O ABRIGO ALBERTINA BERKENBROCK","150000.00","emendas#263","","","PRONTO","","","validar"
"Urussanga","Infraestrutura e obras","PAVIMENTAÇÃO DA RUA DAVID SPRICIGO, RUA GIOVANI SALVADOR E DA CICLOVIA DO POLIESPORTIVO MUNICIPAL","250000.00","emendas#262","","","AGUARDANDO DOCUMENTACAO","","","sim"
"Urupema","Social, esporte e lazer","CONSTRUÇÃO DE PARQUE INFANTIL NA PRAÇA CENTRAL","250000.00","emendas#261","","","AGUARDANDO DOCUMENTACAO","","","sim"
"Urubici","Infraestrutura e obras","PAVIMENTAÇÃO DA RUA JUCELINO KUBITSCHEK","300000.00","emendas#260","","","AGUARDANDO DOCUMENTACAO","","","sim"
"Tubarão","Infraestrutura e obras","PAVIMENTAÇÃO","1500000.00","emendas#259","","","AGUARDANDO DOCUMENTACAO","","","sim"
"Treze de Maio","Social, esporte e lazer","INVESTIMENTO EM EQUIPAMENTO TURÍSTICO / ESPORTIVO","100000.00","emendas#258","","","AGUARDANDO DOCUMENTACAO","","","sim"
"Treviso","Saúde e assistência social","REFORMA E AMPLIAÇÃO DA UNIDADE DE SAÚDE DILNEI ZELINDO SÔNEGO","300000.00","emendas#257","","","AGUARDANDO DOCUMENTACAO","","","sim"
"Timbé do Sul","Educação e inovação","AQUISIÇÃO DE VEÍCULO UTILITÁRIO PARA SECRETARIA DE EDUCAÇÃO","350000.00","emendas#256","","","PAGO","","","sim"
"São Pedro de Alcântara","Saúde e assistência social","AMPLIAÇÃO DE VAGAS DE ESTACIONAMENTO DE POSTOS DE SAÚDE","130000.00","emendas#255","","","AGUARDANDO DOCUMENTACAO","","","sim"
"São José","Infraestrutura e obras","PAVIMENTAÇÃO EM PAVER E MANUTENÇÃO DA VIA MUNICIPAL RUA LEONEL FELISBINO DA SILVA","1000000.00","emendas#254","","","AGUARDANDO DOCUMENTACAO","","","sim"
"São Domingos","Outros","REFORMA DO PAVILHÃO DO CENTRO COMUNITÁRIO DO BAIRRO ESPERANÇA","120000.00","emendas#253","","","AGUARDANDO DOCUMENTACAO","","","validar"
"São Domingos","Educação e inovação","REFORMA NA ESCOLA INFANTIL MUNICIPAL PINGO DE GENTE E ESCOLA INFANTIL MUNICIPAL BRANCA DE NEVE","100000.00","emendas#252","","","AGUARDANDO DOCUMENTACAO","","","sim"
"São Bonifácio","Outros","AQUISIÇÃO DE PARQUINHOS","100000.00","emendas#251","","","AGUARDANDO DOCUMENTACAO","","","validar"
"São Bonifácio","Entidades","CONSTRUÇÃO DE SALAS PARA SECRETARIA DE ASSISTÊNCIA SOCIAL","100000.00","emendas#250","","","AGUARDANDO DOCUMENTACAO","","","sim"
"Sangão","Infraestrutura e obras","PAVIMENTAÇÃO NAS RUAS ZENIR SCREMIN, ROSINEI IDO PACHECO, LAURITA, ALEXANDRINA LUIZ, MAICON FRANCISCO MARTINS, ANTONIO ALMEIDA E BERTOLDO SANTANA NO BAIRRO MORRO GRANDE","500000.00","emendas#249","","","PUBLICADO","","","sim"
"Salto Veloso","Saúde e assistência social","CONSTRUÇÃO DE TOLDO METÁLICO E COBERTURA EM POLICARBONATO NA ENTRADA DA UNIDADE BÁSICA DE SAÚDE","100000.00","emendas#248","","","AGUARDANDO DOCUMENTACAO","","","sim"
"Rio Rufino","Entidades","MANUTENÇÃO DAS AÇÕES DA ASSISTÊNCIA SOCIAL","200000.00","emendas#247","","","AGUARDANDO DOCUMENTACAO","","","sim"
"Rio Fortuna","Outros","AQUISIÇÃO DE BALANÇAS PARA PESAR CAMINHÕES","200000.00","emendas#246","","","PAGO","","","validar"
"Rio Fortuna","Infraestrutura e obras","Aquisição de Retroescavadeira","200000.00","emendas#245","","","PAGO","","","sim"
"Presidente Nereu","Social, esporte e lazer","AQUISIÇÃO DE VEÍCULO UTILITÁRIO PARA FOMENTO DA AGRICULTURA","100000.00","emendas#244","","","PRONTO","","","sim"
"Presidente Getúlio","Infraestrutura e obras","DRENAGEM PLUVIAL, PAVIMENTAÇÃO E SINALIZAÇÃO DAS RUAS ISABEL WILHELM E EDGAR WILHELM","150000.00","emendas#243","","","PUBLICADO","","","sim"
"Praia Grande","Social, esporte e lazer","AQUISIÇÃO DE MATERIAIS ESPORTIVOS PARA SECRETARIA DE ESPORTE","100000.00","emendas#242","","","PAGO","","","sim"
"Ponte Alta","Entidades","AQUISIÇÃO DE VEÍCULO PARA SECRETARIA DE ASSISTÊNCIA SOCIAL","100000.00","emendas#241","","","AGUARDANDO DOCUMENTACAO","","","sim"
"Pinhalzinho","Educação e inovação","AQUISIÇÃO DE MICROONIBUS ACESSÍVEL PARA A EDUCAÇÃO","250000.00","emendas#240","","","AGUARDANDO DOCUMENTACAO","","","sim"
"Petrolândia","Infraestrutura e obras","PAVIMENTAÇÃO ASFÁLTICA RUA ARI DEUTTNER","200000.00","emendas#239","","","AGUARDANDO DOCUMENTACAO","","","sim"
"Pescaria Brava","Infraestrutura e obras","SOLICITADO TROCA -> Pavimentação em Lajotas da Rua Julio Gomes- Bairro Laranjeiras (era para RUA OSCAR DE ANDRADE POLUCENO)","150000.00","emendas#238","","","SOLICITADO TROCA","","","sim"
"Pescaria Brava","Social, esporte e lazer","RETIFICADO PARA -> REALIZAÇÃO DA SEMANA CULTURAL, A SER REALIZADA NO PERÍODO DE 21 À 25 DE OUTUBRO DE 2026 (ERA -> AQUISIÇÃO DE KITS DE ARTESANATO DESTINADOS A GRUPOS DE MULHERES)","100000.00","emendas#237","","","PRONTO","","","sim"
"Peritiba","Outros","AQUISIÇÃO DE COMBUSTÍVEL PARA ABASTECIMENTO DA FROTA DE MÁQUINAS E EQUIPAMENTOS","100000.00","emendas#236","","","PUBLICADO","","","validar"
"Pedras Grandes","Outros","AQUISIÇÃO DE VEÍCULO UTILITÁRIO 4X4","200000.00","emendas#235","","","AGUARDANDO DOCUMENTACAO","","","validar"
"Paulo Lopes","Outros","COBERTURA DE CANCHA NO CENTRO DE EVENTOS ABELARDO JUVÊNCIO RODRIGUES, BAIRRO SANTO CRUZ","900000.00","emendas#234","","","PUBLICADO","","","validar"
"Painel","Outros","CUSTEIO DO TRANSPORTE DE ALUNOS","150000.00","emendas#233","","","AGUARDANDO DOCUMENTACAO","","","validar"
"Nova Veneza","Social, esporte e lazer","COLOCAÇÃO DE PAVER NO COMPLEXО ESPORTIVO ANTÔNIO AMBONI","270000.00","emendas#232","","","PAGO","","","sim"
"Nova Veneza","Outros","AQUISIÇÃO DE VEÍCULOS UTILITÁRIOS PARA TRANSPORTE DE PASSAGEIROS TIPO VAN PARA CLUBES DE MÃES","280000.00","emendas#231","","","AGUARDANDO DOCUMENTACAO","","","validar"
"Nova Veneza","Social, esporte e lazer","COLOCAÇÃO DE GRAMADO SINTÉTICO NO COMPLEXO ESPORTIVO DO DISTRITO DE CARAVAGGIO","500000.00","emendas#230","","","PAGO","","","sim"
"Morro Grande","Outros","ESCAVADEIRA","250000.00","emendas#229","","","EM ANALISE","","","validar"
"Morro Grande","Infraestrutura e obras","DRENAGEM COM TUBULAÇÃO NA SANGA LATERAL DA ESTRADA SANGA DAS PEDRAS","150000.00","emendas#228","","","AGUARDANDO DOCUMENTACAO","","","sim"
"Maravilha","Social, esporte e lazer","AQUISIÇÃO DE VEÍCULO PARA O DESENVOLVIMENTO DAS ATIVIDADES DA SECRETARIA MUNICIPAL DE ESPORTES","200000.00","emendas#227","","","PAGO","","","sim"
"Lauro Müller","Autismo (TEA)","REABILITAÇÃO ATRAVÉS DE EQUOTERAPIA E TERAPIA OCUPACIONAL PARA PESSOAS COM TEA","300000.00","emendas#226","","","AGUARDANDO DOCUMENTACAO","","","sim"
"Lauro Müller","Infraestrutura e obras","PAVIMENTAÇÃO ASFÁLTICA RODOVIA MUNICIPAL GUATÁ DE BAIXO","300000.00","emendas#225","","","PAGO","","","sim"
"Lauro Müller","Saúde e assistência social","CUSTEIO DA SECRETARIA DE SAÚDE ATRAVÉS DE EXAMES MÉDICOS E LABORATORIAIS","100000.00","emendas#224","","","AGUARDANDO DOCUMENTACAO","","","sim"
"Laguna","Infraestrutura e obras","PAVIMENTAÇÃO ASFÁLTICA RUA VEREADOR JOSÉ TOMÉ MACHADO DE SOUZA. BAIRRO PONTA DA BARRA","1000000.00","emendas#223","","","AGUARDANDO DOCUMENTACAO","","","sim"
"Jacinto Machado","Saúde e assistência social","REFORMA DO POSTO DE SAÚDE","250000.00","emendas#222","","","AGUARDANDO DOCUMENTACAO","","","sim"
"Ituporanga","Infraestrutura e obras","CONSTRUÇÃO DA RUA COBERTA NA ÁREA CENTRAL DO MUNICÍPIO","1000000.00","emendas#221","","","AGUARDANDO DOCUMENTACAO","","","sim"
"Itaiópolis","Infraestrutura e obras","AQUISIÇÃO DE MATERIAL BRITADO PARA RECUPERAÇÃO DA ESTRADA GERAL NA LOCALIDADE DE SÃO PEDRO","300000.00","emendas#220","","","PAGO","","","sim"
"Imbituba","Infraestrutura e obras","PAVIMENTAÇÃO E DRENAGEM DA RUA MARCELINO JOVINO RODRIGUES - BAIRRO ALTO ARROIO","500000.00","emendas#219","","","AGUARDANDO DOCUMENTACAO","","","sim"
"Imaruí","Outros","TROCA OBJETO -> AQUISIÇÃO DE VEÍCULO PARA A SECRETARIA DE GOVERNO DO MUNICÍPIO","100000.00","emendas#218","","","AGUARDANDO DOCUMENTACAO","","","validar"
"Içara","Infraestrutura e obras","PAVIMENTAÇÃO DE RUAS NO BAIRRO VILA NOVA","1500000.00","emendas#217","","","EM ANALISE","","","sim"
"Içara","Infraestrutura e obras","PAVIMENTAÇÃO COM LAJOTAS SEXTAVADAS DA RUA MAX VENTURA","300000.00","emendas#216","","","PUBLICADO","","","sim"
"Içara","Infraestrutura e obras","PAVIMENTAÇÃO COM LAJOTAS SEXTAVADAS DA RUA SÃO FRANCISCO DE ASSIS","300000.00","emendas#215","","","AGUARDANDO DOCUMENTACAO","","","sim"
"Içara","Infraestrutura e obras","PAVIMENTAÇÃO COM LAJOTAS SEXTAVADAS DA RUA EGÍDIO NOVAK","300000.00","emendas#214","","","AGUARDANDO DOCUMENTACAO","","","sim"
"Içara","Infraestrutura e obras","REVITALIZAÇÃO DA RUA TEREZA FONTANA NO BAIRRO AURORA","100000.00","emendas#213","","","AGUARDANDO DOCUMENTACAO","","","sim"
"Içara","Infraestrutura e obras","PAVIMENTAÇÃO COM LAJOTAS SEXTAVADAS DA RUA JOÃO GHEDIN, BAIRRO POÇO TRÊS","200000.00","emendas#212","","","AGUARDANDO DOCUMENTACAO","","","sim"
"Içara","Social, esporte e lazer","REVITALIZAÇÃO DO CAMPO DE FUTEBOL DO BAIRRO DEMBOSKI","150000.00","emendas#211","","","AGUARDANDO DOCUMENTACAO","","","sim"
"Içara","Social, esporte e lazer","REVITALIZAÇÃO DA PRAÇA DO BAIRRO PRESIDENTE VARGAS","150000.00","emendas#210","","","AGUARDANDO DOCUMENTACAO","","","sim"
"Herval D'oeste","Outros","REALIZAÇÃO DE CONSTRUÇÃO DE ÁREA DE RECREAÇÃO NO BAIRRO ESTAÇÃO LUZERNA","150000.00","emendas#209","","","AGUARDANDO DOCUMENTACAO","","","validar"
"Herval D'oeste","Infraestrutura e obras","REALIZAÇÃO DE RECAPEAMENTO DE PARTE DA RUA 09 DE JULHO NO BAIRRO SANTO ANTONIO","150000.00","emendas#208","","","AGUARDANDO DOCUMENTACAO","","","sim"
"Gravatal","Saúde e assistência social","CUSTEIO DE EXAMES E CONSULTAS ESPECIALIZADAS","500000.00","emendas#207","","","PUBLICADO","","","sim"
"Frei Rogério","Outros","ADEQUAÇÃO E REVITALIZAÇÃO DA CASA DO ARTESÃO","150000.00","emendas#206","","","AGUARDANDO DOCUMENTACAO","","","validar"
"Fraiburgo","Infraestrutura e obras","PAVIMENTAÇÃO DA RUA ANTONIO BURDA, BAIRRO CENTRO","100000.00","emendas#205","","","EM ANALISE","","","sim"
"Cocal do Sul","Outros","CONSTRUÇÃO DE UMA PISTA DE SKATE COBERTA","150000.00","emendas#204","","","PUBLICADO","","","validar"
"Capivari de Baixo","Infraestrutura e obras","RECUPERAÇÃO ASFÁLTICA DE VIAS","1000000.00","emendas#203","","","PAGO","","","sim"
"Campos Novos","Social, esporte e lazer","AQUISIÇÃO DE VEÍCULO TIPO CAMIONETE, PARA ATENDIMENTO DAS DEMANDAS DA SECRETARIA DE AGRICULTURA","200000.00","emendas#202","","","PAGO","","","sim"
"Campos Novos","Social, esporte e lazer","COMPRA DE AUTOMÓVEL PARA SECRETARIA DE AGRICULTURA","100000.00","emendas#201","","","AGUARDANDO PORTARIA","","","sim"
"Bom Jesus","Educação e inovação","AMPLIAÇÃO/CONSTRUÇÃO DO ALMOXARIFADO E BANHEIROS DA ESCOLA MUNICIPAL GILBERTO TAVARES","150000.00","emendas#200","","","PAGO","","","sim"
"Armazém","Educação e inovação","COBERTURA DE QUADRA, REFORMA E AMPLIAÇÃO CEI TIA MONICA","150000.00","emendas#199","","","AGUARDANDO DOCUMENTACAO","","","sim"
"Witmarsum","Infraestrutura e obras","MANUTENÇÃO DE VIAS VICINAIS NA COMUNIDADE BUTINGA – PARTE 02, EXTENSÃO DE 12 KM","100000.00","emendas#198","","","EM ANALISE","","","sim"
"Witmarsum","Social, esporte e lazer","REFORMA DO GINASIO DE ESPORTES DA COMUNIDADE DE CATANGARA","100000.00","emendas#197","","","AGUARDANDO DOCUMENTACAO","","","sim"
"Tubarão","Infraestrutura e obras","Pav Sombrio - PAVIMENTAÇÃO DE VIAS","300000.00","emendas#196","","","AGUARDANDO DOCUMENTACAO","","","sim"
"Trombudo Central","Outros","MÁQUINA DE USINAGEM TRANSPORTÁVEL","300000.00","emendas#195","","","AGUARDANDO DOCUMENTACAO","","","validar"
"São Martinho","Infraestrutura e obras","AQUISIÇÃO DE RETROESCAVADEIRA 4X4","300000.00","emendas#194","","","PAGO","","","sim"
"São Ludgero","Autismo (TEA)","REABILITAÇÃO ATRAVÉS DE EQUOTERAPIA E TERAPIA OCUPACIONAL PARA PESSOAS COM TEA","260000.00","emendas#193","","","AGUARDANDO DOCUMENTACAO","","","sim"
"São José","Infraestrutura e obras","MANUTENÇÃO DE VIAS URBANAS NA RUA JOSÉ ALVES DE OLIVEIRA","300000.00","emendas#192","","","AGUARDANDO DOCUMENTACAO","","","sim"
"São Bonifácio","Social, esporte e lazer","REVITALIZAÇÃO DA PRAÇA HERÓIS DO COMBATE DA SERRA DA GARGANTA","300000.00","emendas#191","","","AGUARDANDO DOCUMENTACAO","","","sim"
"Sangão","Infraestrutura e obras","PAVIMENTAÇÃO DA RUA PROJETADA TOMÉ NO BAIRRO RIO SÃO CRISTÓVÃO","500000.00","emendas#190","","","PAGO","","","sim"
"Rio do Oeste","Infraestrutura e obras","PAVIMENTAÇÃO DA RUA ILDA CLAUDINO DOS SANTOS, COM EXTENSÃO DE 190m","150000.00","emendas#189","","","AGUARDANDO DOCUMENTACAO","","","sim"
"Rio do Campo","Saúde e assistência social","VEÍCULO DE TRANSPORTE DE PASSAGEIROS COM 14 LUGARES, FUNDO MUNICIPAL DE SAÚDE","200000.00","emendas#188","","","PRONTO","","","sim"
"Praia Grande","Outros","VEÍCULO TIPO VAN PARA TRANSPORTE DE PACIENTES","400000.00","emendas#187","","","PAGO","","","validar"
"Ponte Alta do Norte","Outros","CASTRAÇÃO ANIMAL","100000.00","emendas#186","","","AGUARDANDO DOCUMENTACAO","","","validar"
"Petrolândia","Agricultura","EQUIPAMENTOS AGRICOLAS","100000.00","emendas#185","","","AGUARDANDO DOCUMENTACAO","","","sim"
"Pedras Grandes","Autismo (TEA)","REABILITAÇÃO ATRAVÉS DE EQUOTERAPIA E TERAPIA OCUPACIONAL PARA PESSOAS COM TEA","110000.00","emendas#184","","","PAGO","","","sim"
"Passo de Torres","Infraestrutura e obras","INVESTIMENTO EM INFRAESTRUTURA","400000.00","emendas#183","","","PAGO","","","sim"
"Orleans","Autismo (TEA)","REABILITAÇÃO ATRAVÉS DE EQUOTERAPIA E TERAPIA OCUPACIONAL PARA PESSOAS COM TEA","240000.00","emendas#182","","","EM ANALISE","","","sim"
"Morro da Fumaça","Infraestrutura e obras","MACRODRENAGEM NA MARGEM DIREITA DA AVENIDA JOÃO NICOLAU DE SOUZA","500000.00","emendas#181","","","PAGO","","","sim"
"Jacinto Machado","Autismo (TEA)","REABILITAÇÃO ATRAVÉS DE EQUOTERAPIA E TERAPIA OCUPACIONAL PARA PESSOAS COM TEA","300000.00","emendas#180","","","PAGO","","","sim"
"Ituporanga","Infraestrutura e obras","INVESTIMENTO EM INFRAESTRUTURA","950000.00","emendas#179","","","PAGO PARCIAL","","","sim"
"Itapema","Entidades","AMPLIAÇÃO DO CENTRO DE CONVIVENCIA DO IDOSO DO BAIRRO MEIA PRAIA","100000.00","emendas#178","","","AGUARDANDO DOCUMENTACAO","","","sim"
"Imbuia","Infraestrutura e obras","ABRIGO PARA ANIMAIS EM SITUAÇÃO DE RUA","200000.00","emendas#177","","","PUBLICADO","","","sim"
"Gravatal","Autismo (TEA)","REABILITAÇÃO ATRAVÉS DE EQUOTERAPIA E TERAPIA OCUPACIONAL PARA PESSOAS COM TEA","210000.00","emendas#176","","","EM ANALISE","","","sim"
"Gravatal","Infraestrutura e obras","RECUPERAÇÃO E MANUTENÇÃO DAS ESTRADAS VICINAIS","400000.00","emendas#175","","","AGUARDANDO DOCUMENTACAO","","","sim"
"Gravatal","Infraestrutura e obras","PAVIMENTAÇÃO AUGUSTO VERONEZ, ALMERINDA LUNARDI MACHADO, JOAO MANOEL MENDES","400000.00","emendas#174","","","AGUARDANDO DOCUMENTACAO","","","sim"
"Garopaba","Infraestrutura e obras","PAVIMENTAÇÃO DE RUA PAVIMENTAÇÃO DE TRECHO DA RODOVIA ADILIO INÁCIO DE ABREU","500000.00","emendas#173","","","PAGO","","","sim"
"Capivari de Baixo","Saúde e assistência social","AQUISIÇÃO DE VEÍCULO DESTINADO À SAÚDE","300000.00","emendas#172","","","PAGO","","","sim"
"Capivari de Baixo","Social, esporte e lazer","CONSTRUÇÃO DE PRAÇA NO BAIRRO SANTA LÚCIA","300000.00","emendas#171","","","AGUARDANDO DOCUMENTACAO","","","sim"
"Capivari de Baixo","Outros","CONSTRUÇÃO DE GALPÃO PARA GARAGEM DE VEÍCULOS E MÁQUINAS NA NOVA SECRETARIA DE OBRAS","300000.00","emendas#170","","","SOLICITADO TROCA","","","validar"
"Braço do Norte","Autismo (TEA)","REABILITAÇÃO ATRAVÉS DE EQUOTERAPIA E TERAPIA OCUPACIONAL PARA PESSOAS COM TEA","180000.00","emendas#169","","","AGUARDANDO DOCUMENTACAO","","","sim"
"Braço do Norte","Agricultura","AQUISIÇÃO DE 2 TRATORES AGRÍCOLAS","400000.00","emendas#168","","","PRONTO","","","sim"
"Antônio Carlos","Infraestrutura e obras","CONSTRUÇÃO DE UMA PONTE SOBRE O RIO BIGUAÇU","500000.00","emendas#167","","","AGUARDANDO DOCUMENTACAO","","","sim"
"Agronômica","Infraestrutura e obras","AMPLIAÇÃO DA MALHA VIÁRIA DE ESTRADAS RURAIS E ADEQUAÇÃO DE TRAFEGABILIDADE","300000.00","emendas#166","","","PRONTO","","","sim"
"Witmarsum","Outros","AQUISIÇÃO DE MÁQUINA DE USINAGEM TRANSPORTÁVEL NOVA","150000.00","emendas#165","","","PUBLICADO","","","validar"
"São Ludgero","Educação e inovação","SOLICITADO TROCA -> INVESTIMENTOS PARA EDUCAÇÃO (ERA P/ REFORMA DA ESCOLA DE ENSINO FUNDAMENTAL HENRIQUE BUSS)","200000.00","emendas#164","","","SOLICITADO TROCA","","","sim"
"Orleans","Infraestrutura e obras","PAVIMENTAÇÃO DA ESTRADA GERAL BARRACÃO, EXTENSÃO DE 700 METROS (600 MIL PEPE + 600 MIL ZÉ MILTON)","600000.00","emendas#163","","","PAGO PARCIAL","","","sim"
"Nova Veneza","Infraestrutura e obras","MELHORIAS NA INFRAESTRUTURA DO GINÁSIO DE ESPORTES ALFREDO BORTOLUZZI","250000.00","emendas#162","","","PAGO","","","sim"
"Lauro Müller","Infraestrutura e obras","AQUISIÇÃO DE 01 CAMINHÃO COMPACTADOR DE COLETA DE LIXO PARA SECRETARIA DE OBRAS","400000.00","emendas#161","","","PAGO","","","sim"
"Laguna","Infraestrutura e obras","PAVIMENTAÇÃO 350M DA ESTRADA GERAL DO BAIRRO NOVA FAZENDA","400000.00","emendas#160","","","AGUARDANDO DOCUMENTACAO","","","sim"
"Jacinto Machado","Saúde e assistência social","AQUISIÇÃO DE EQUIPAMENTOS DE ENDOSCOPIA PARA SECRETARIA DE SAÚDE","400000.00","emendas#159","","","PUBLICADO","","","sim"
"Grão-Pará","Entidades","CONSTRUÇÃO DE CENTRO DOS IDOSOS NO DISTRITO DE AIURÊ","150000.00","emendas#158","","","PUBLICADO","","","sim"
"Garopaba","Infraestrutura e obras","PAVIMENTAÇÃO DE VIAS NO MUNICÍPIO","1000000.00","emendas#157","","","PAGO","","","sim"
"Criciúma","Saúde e assistência social","CONSULTAS E EXAMES EM OFTALMOLOGIA PARA OS USUÁRIOS DO SUS","400000.00","emendas#156","","","AGUARDANDO DOCUMENTACAO","","","sim"
"Cocal do Sul","Outros","AQUISIÇÃO DE EQUIPAMENTOS E MOBÍLIAS PARA USO NO PRONTO ATENDIMENTO","600000.00","emendas#155","","","AGUARDANDO DOCUMENTACAO","","","validar"
"Braço do Norte","Infraestrutura e obras","AQUISIÇÃO DE CAMINHÃO 6 X 4, COM CAÇAMBA BASCULANTE","500000.00","emendas#154","","","PRONTO","","","sim"
"São José","Infraestrutura e obras","INFRAESTRUTURA - MANUTENÇÃO DE VIAS MUNICIPAIS","700000.00","emendas#153","","","ARQUIVADO","","","sim"
"Sangão","Educação e inovação","EDUCAÇÃO - CONSTRUÇÃO NCE - NÚCLEO DE COOPERAÇÃO EDUCACIONAL","600000.00","emendas#152","","","PAGO","","","sim"
"Pedras Grandes","Autismo (TEA)","SAÚDE - REABILITAÇÃO DE PESSOAS COM ESPECTRO AUTISTA ATRAVÉS DE EQUOTERAPIA","150000.00","emendas#151","","","AGUARDANDO DOCUMENTACAO","","","sim"
"Orleans","Autismo (TEA)","SAÚDE - REABILITAÇÃO DE PESSOAS COM ESPECTRO AUTISTA ATRAVÉS DE EQUOTERAPIA","150000.00","emendas#150","","","EM ANALISE","","","sim"
"Laguna","Autismo (TEA)","SAÚDE - REABILITAÇÃO DE PESSOAS COM ESPECTRO AUTISTA ATRAVÉS DE EQUOTERAPIA","250000.00","emendas#149","","","AGUARDANDO DOCUMENTACAO","","","sim"
"Gravatal","Autismo (TEA)","SAÚDE - REABILITAÇÃO DE PESSOAS COM ESPECTRO AUTISTA ATRAVÉS DE EQUOTERAPIA","150000.00","emendas#148","","","AGUARDANDO DOCUMENTACAO","","","sim"
"Vitor Meireles","Infraestrutura e obras","INVESTIMENTO EM INFRAESTRUTURA","100000.00","emendas#147","","","PAGO","","","sim"
"Urussanga","Entidades","AQUISIÇÃO DE MOBILIÁRIOS E EQUIPAMENTOS PARA A ASSOCIAÇÃO AMICI DELLA POLENTA (era reforma da sede da associação)","150000.00","emendas#146","","","SOLICITADO TROCA","","","sim"
"Tubarão","Social, esporte e lazer","AQUISIÇAO MOBILIA E EQUIP DE SOM E VIDEO ORQUESTRA SANTA TERESINHA DO MENINO JESUS","150000.00","emendas#145","","","EM ANALISE","","","sim"
"Treze Tílias","Infraestrutura e obras","INVESTIMENTO EM INFRAESTRUTURA","100000.00","emendas#144","","","PAGO","","","sim"
"Treviso","Saúde e assistência social","CUSTEIO SAUDE","100000.00","emendas#143","","","PAGO","","","sim"
"Timbé do Sul","Infraestrutura e obras","INVESTIMENTO EM INFRAESTRUTURA","100000.00","emendas#142","","","PAGO","","","sim"
"São João do Sul","Agricultura","AQUISIÇAO DE EQUIPAMENTOS AGRICOLAS","100000.00","emendas#141","","","PAGO","","","sim"
"Cocal do Sul","Educação e inovação","INFRAESTRUTURA ESCOLAR DO ENSINO FUNDAMENTAL","100000.00","emendas#140","","","SOLICITADO TROCA","","","sim"
"São Bonifácio","Social, esporte e lazer","CUSTEIO ESPORTE","100000.00","emendas#139","","","PAGO","","","sim"
"Sangão","Saúde e assistência social","CUSTEIO SAUDE","100000.00","emendas#138","","","PAGO","","","sim"
"Rio Rufino","Outros","REFORMA DO PARQUE DE EXPOSIÇAO CAETANO COSTA","200000.00","emendas#137","","","PAGO","","","validar"
"Rio Negrinho","Saúde e assistência social","AQUISIÇAO DE EQUIPAMENTOS SAUDE","100000.00","emendas#136","","","PAGO","","","sim"
"Presidente Getúlio","Saúde e assistência social","CUSTEIO SAUDE","300000.00","emendas#135","","","PAGO","","","sim"
"Praia Grande","Outros","INVESTIMENTO EM TURISMO","100000.00","emendas#134","","","PAGO","","","validar"
"Pedras Grandes","Infraestrutura e obras","PAVIMENTAÇAO","350000.00","emendas#133","","","PAGO","","","sim"
"Painel","Saúde e assistência social","AQUISIÇÃO DE EQUIPAMENTOS SAUDE","100000.00","emendas#132","","","PRONTO","","","sim"
"Morro Grande","Agricultura","IMPLEMENTOS AGRÍCOLAS","200000.00","emendas#131","","","PAGO","","","sim"
"Morro da Fumaça","Educação e inovação","CUSTEIO EM EDUCAÇÃO","450000.00","emendas#130","","","PAGO","","","sim"
"Lebon Régis","Infraestrutura e obras","INVESTIMENTO EM INFRAESTRUTURA","200000.00","emendas#129","","","PAGO","","","sim"
"Laguna","Autismo (TEA)","CUSTEIO PARA ATENDIMENTO DE PESSOAS COM TEA POR MEIO DE EQUOTERAPIA","290439.24","emendas#128","","","PAGO","","","sim"
"Lages","Outros","CASTRAÇÃO DE ANIMAIS NA SERRA CATARINENSE","100000.00","emendas#127","","","EM ANALISE","","","validar"
"Ituporanga","Infraestrutura e obras","INVESTIMENTO EM INFRAESTRUTURA","350000.00","emendas#126","","","PAGO","","","sim"
"Içara","Educação e inovação","CUSTEIO EDUCAÇAO","300000.00","emendas#125","","","PAGO","","","sim"
"Gaspar","Infraestrutura e obras","INVESTIMENTO EM INFRAESTRUTURA AQUISIÇÃO DE BOMBA P/ DIQUE (SERTÃO VERDE)","200000.00","emendas#124","","","PAGO","","","sim"
"Garopaba","Educação e inovação","CUSTEIO EDUCAÇAO","200000.00","emendas#123","","","PAGO","","","sim"
"Entre Rios","Saúde e assistência social","CUSTEIO SAUDE","100000.00","emendas#122","","","PAGO","","","sim"
"Entre Rios","Agricultura","IMPLEMENTOS AGRÍCOLAS","100000.00","emendas#121","","","PAGO","","","sim"
"Pinheiro Preto","Infraestrutura e obras","INVESTIMENTOS EM INFRAESTRUTURA","100000.00","emendas#120","","","SOLICITADO TROCA","","","sim"
"Capivari de Baixo","Infraestrutura e obras","INVESTIMENTOS EM INFRAESTRUTURA DE PAVIMENTAÇÕES","300000.00","emendas#119","","","PAGO","","","sim"
"Capivari de Baixo","Educação e inovação","Aquisição de veículo para secretaria de educação","250000.00","emendas#118","","","PAGO","","","sim"
"Campo Belo do Sul","Entidades","CUSTEIO PARA ASSISTENCIA SOCIAL","200000.00","emendas#117","","","PAGO","","","sim"
"Braço do Norte","Infraestrutura e obras","INVESTIMENTO EM INFRAESTRUTURA","200000.00","emendas#116","","","PAGO","","","sim"
"Benedito Novo","Infraestrutura e obras","INVESTIMENTO EM INFRAESTRUTURA","200000.00","emendas#115","","","PAGO","","","sim"
"Antônio Carlos","Infraestrutura e obras","PAVIMENTAÇÃO E COMPRA DE EQUIPAMENTOS PARA INFRAESTRUTURA","350000.00","emendas#114","","","PAGO","","","sim"
"Água Doce","Agricultura","AQUISIÇÃO DE EQUIPAMENTOS AGRICOLAS","100000.00","emendas#113","","","PAGO","","","sim"
"Witmarsum","Saúde e assistência social","CUSTEIO SAUDE","100000.00","emendas#112","","","PAGO","","","sim"
"Urussanga","Educação e inovação","CUSTEIO EDUCAÇAO","100000.00","emendas#111","","","PAGO","","","sim"
"Urupema","Educação e inovação","CUSTEIO EDUCAÇAO","100000.00","emendas#110","","","PAGO","","","sim"
"Urubici","Infraestrutura e obras","PAVIMENTAÇAO DAS VIAS DO MUNICIPIO","200000.00","emendas#109","","","PAGO","","","sim"
"Tubarão","Entidades","CUSTEIO STAN","117911.51","emendas#108","","","PAGO","","","sim"
"Tubarão","Entidades","CUSTEIO COMBEMTU","100000.00","emendas#107","","","PAGO","","","sim"
"Tubarão","Infraestrutura e obras","PAVIMENTAÇAO DAS VIAS DO MUNICIPIO","1000000.00","emendas#106","","","PAGO","","","sim"
"Trombudo Central","Educação e inovação","INVESTIMENTO EDUCAÇAO","241977.90","emendas#105","","","PAGO","","","sim"
"Treze Tílias","Infraestrutura e obras","INVESTIMENTO EM INFRAESTRUTURA","100000.00","emendas#104","","","PAGO","","","sim"
"Treze de Maio","Agricultura","CUSTEIO FUNDAÇAO MEDICO SOCIAL RURAL SÃO SEBASTIAO","100000.00","emendas#103","","","PAGO","","","sim"
"Timbé do Sul","Infraestrutura e obras","INSUMOS PARA PAVIMENTAÇAO","200000.00","emendas#102","","","PAGO","","","sim"
"Siderópolis","Autismo (TEA)","REFORMA DA APAE","100000.00","emendas#101","","","PAGO","","","sim"
"São Martinho","Outros","AQUISIÇAO DE VEICULO DE TRABALHO (MINI CARREGADEIRA)","100000.00","emendas#100","","","PAGO","","","validar"
"São Domingos","Saúde e assistência social","CUSTEIO SAUDE","100000.10","emendas#99","","","PAGO","","","sim"
"Presidente Getúlio","Saúde e assistência social","CUSTEIO SAUDE","100000.00","emendas#98","","","PAGO","","","sim"
"Praia Grande","Educação e inovação","CUSTEIO EDUCAÇAO","100000.00","emendas#97","","","PAGO","","","sim"
"Ponte Alta do Norte","Saúde e assistência social","CUSTEIO SAUDE","100000.00","emendas#96","","","PAGO","","","sim"
"Pescaria Brava","Infraestrutura e obras","PAVIMENTAÇAO DAS VIAS DO MUNICIPIO","1000000.00","emendas#95","","","PAGO","","","sim"
"Pedras Grandes","Infraestrutura e obras","PAVIMENTAÇAO DAS VIAS DO MUNICIPIO","600000.00","emendas#94","","","PAGO","","","sim"
"Paulo Lopes","Infraestrutura e obras","INVESTIMENTO EM INFRAESTRUTURA","900000.00","emendas#93","","","PAGO","","","sim"
"Passo de Torres","Infraestrutura e obras","PAVIMENTAÇÃO DAS VIAS DO MUNICÍPIO","100000.00","emendas#92","","","PAGO","","","sim"
"Painel","Educação e inovação","CUSTEIO EDUCAÇAO","100000.00","emendas#91","","","PRONTO","","","sim"
"Orleans","Infraestrutura e obras","PAVIMENTAÇAO DAS VIAS DO MUNICIPIO","500000.00","emendas#90","","","PAGO","","","sim"
"Nova Veneza","Saúde e assistência social","CUSTEIO SAÚDE","800000.00","emendas#89","","","PAGO","","","sim"
"Morro Grande","Educação e inovação","APOIO PARA EDUCAÇAO MUNICIPAL","200000.00","emendas#88","","","PAGO","","","sim"
"Morro da Fumaça","Social, esporte e lazer","OBRA NO MUNICIPIO PARA PRAÇA COBERTA","500000.00","emendas#87","","","PAGO","","","sim"
"Meleiro","Autismo (TEA)","AQUISIÇAO DE VEICULO PARA APAE","100000.00","emendas#86","","","PAGO","","","sim"
"Lebon Régis","Educação e inovação","INVESTIMENTO EM EDUCAÇAO","100000.00","emendas#85","","","PAGO","","","sim"
"Lauro Müller","Saúde e assistência social","APOIO FINANCEIRO A SAUDE DO MUNICIPIO","200000.00","emendas#84","","","PAGO","","","sim"
"Laguna","Infraestrutura e obras","PAVIMENTAÇÃO NAS VIAS MUNICIPAIS","600000.00","emendas#83","","","PAGO","","","sim"
"Ituporanga","Infraestrutura e obras","INVESTIMENTO EM INFRAESTRUTURA","400000.00","emendas#82","","","PRONTO","","","sim"
"Imaruí","Saúde e assistência social","CUSTEIO HOSPITAL SANTA CASA SÃO JOAO BATISTA","100000.00","emendas#81","","","PAGO","","","sim"
"Içara","Educação e inovação","CUSTEIO EDUCAÇAO","200000.00","emendas#80","","","PAGO","","","sim"
"Gravatal","Outros","AQUISIÇAO DE CAÇAMBA","350000.00","emendas#79","","","PAGO","","","validar"
"Grão-Pará","Infraestrutura e obras","SOLICITADO TROCA -> CONSTRUÇÃO DE CENTRO DOS IDOSOS NO AIURÊ (ERA PAVIMENTAÇÃO)","500000.00","emendas#78","","","PAGO","","","sim"
"Gaspar","Saúde e assistência social","CUSTEIO PARA SECRETARIA DA SAUDE","100000.00","emendas#77","","","PAGO","","","sim"
"Garopaba","Educação e inovação","CUSTEIO EDUCAÇAO","500000.00","emendas#76","","","PAGO","","","sim"
"Forquilhinha","Infraestrutura e obras","PAVIMENTAÇÃO NAS VIAS MUNICIPAIS","200000.00","emendas#75","","","PAGO","","","sim"
"Cordilheira Alta","Educação e inovação","INVESTIMENTO DA EDUCAÇAO","100000.00","emendas#74","","","PAGO","","","sim"
"Cocal do Sul","Educação e inovação","TROCA DE OBJETO -> INVESTIMENTOS NA SECRETARIA DE EDUCAÇÃO ERA -> PARQUE DE INCLUSAO MULTISSENSORIAL","300000.00","emendas#73","","","PAGO","","","sim"
"Cerro Negro","Social, esporte e lazer","AQUISIÇAO DE VEÍCULO PARA SECRETARIA DE AGRICULTURA","100000.00","emendas#72","","","PAGO","","","sim"
"Campo Belo do Sul","Agricultura","IMPLEMENTOS AGRÍCOLAS","100000.00","emendas#71","","","PAGO","","","sim"
"Água Doce","Saúde e assistência social","AQUISIÇAO DE VEÍCULO (VAN) PARA SAUDE DO MUNICIPIO","100000.00","emendas#70","","","PAGO","","","sim"
"Tubarão","Infraestrutura e obras","RUA NILO MANOEL LUIZ","200000.00","emendas#69","","","PAGO","","","sim"
"Pescaria Brava","Infraestrutura e obras","INFRAESTRUTURA PAVIMENTAÇÃO ASFÁLTICA DA AV. ELIETE DE SOUZA","550000.00","emendas#68","","","PAGO","","","sim"
"Paulo Lopes","Saúde e assistência social","SAÚDE","350000.00","emendas#67","","","PRONTO","","","sim"
"Laguna","Saúde e assistência social","SAÚDE","300000.00","emendas#66","","","PAGO","","","sim"
"Içara","Infraestrutura e obras","PAVIMENTAÇÃO RUA PRAIA GRANDE, BAIRRO NOSSA SENHORA DE FÁTIMA","200000.00","emendas#65","","","PAGO","","","sim"
"Herval D'oeste","Outros","CONSTRUÇÃO DA ESCADARIA NO BAIRRO JARDIM JOSÉ RUPP","100000.00","emendas#64","","","PAGO PARCIAL","","","validar"
"Gravatal","Infraestrutura e obras","PAVIMENTAÇÃO DA RUA FRANCISCA DA ROSA FERREIRA E RUA SÃO SEBASTIÃO","400000.00","emendas#63","","","PAGO","","","sim"
"Garopaba","Saúde e assistência social","SAÚDE","900000.00","emendas#62","","","PRONTO","","","sim"
"Pescaria Brava","Infraestrutura e obras","PAVIMENTAÇÃO DO TRECHO COMPLEMENTAR DA AV. ELIETE DE SOUZA - SERTÃO DE CIMA SIQUEIRO","2000000.00","emendas#61","","","PAGO","","","sim"
"Tubarão","Autismo (TEA)","PARQUE INFANTIL ADAPTADO PARA PESSOAS COM TRANSTORNO ESPECTRO AUTISTA","100000.00","emendas#60","","","ARQUIVADO","","","sim"
"Tubarão","Saúde e assistência social","CUSTEIO PARA O HOSPITAL","400000.00","emendas#59","","","PAGO","","","sim"
"Pescaria Brava","Outros","IMPLANTAR PORTAL DE ENTRADA DO MUNICIPIO, LOCALIZADO NO BAIRRO SANTIAGO","125000.00","emendas#58","","","PRONTO","","","validar"
"Pescaria Brava","Outros","IMPLANTAÇÃO DE ABRIGOS DE PASSAGEIROS EM ÁRES DE MAIOR CIRCULAÇÃO DA POPULAÇÃO","125000.00","emendas#57","","","PAGO","","","validar"
"Paulo Lopes","Infraestrutura e obras","PAVIMENTAÇÃO SERVIDÕES VENCESLAU DE JESUS E MANOEL ESTÁCIO GONÇALVES","150000.00","emendas#56","","","PRONTO","","","sim"
"Laguna","Infraestrutura e obras","PAVIMENTAÇÃO DA RUA LAURO CARNEIRO, LOCALIZADA NO BAIRRO ESPERANÇA","300000.00","emendas#55","","","AGUARDANDO DOCUMENTACAO","","","sim"
"Imbituba","Infraestrutura e obras","PAVIMENTAÇÃO DA RUA ARISTIDES COELHO, NO BAIRRO CAMPESTRE","200000.00","emendas#54","","","AGUARDANDO DOCUMENTACAO","","","sim"
"Gravatal","Infraestrutura e obras","RECUPERAÇÃO DAS ESTRADAS VICINAIS","100000.00","emendas#53","","","PAGO","","","sim"
"Garopaba","Infraestrutura e obras","INVESTIMENTO EM INFRAESTRUTURA ATRAVÉS DA PAVIMENTAÇÃO DE RUAS","300000.00","emendas#52","","","PUBLICADO","","","sim"
"Criciúma","Outros","REFORMA DO CENTRO COMUNITÁRIO","200000.00","emendas#51","","","AGUARDANDO DOCUMENTACAO","","","validar"
"Capivari de Baixo","Infraestrutura e obras","ENRONCAMENTO NO BAIRRO SANTO ANDRÉ","500000.00","emendas#50","","","AGUARDANDO DOCUMENTACAO","","","sim"
"Capivari de Baixo","Infraestrutura e obras","REPERFILAGEM C/ SINALIZAÇÃO DAS RUAS MANOEL PEDRO FLOR, JOÃO GOULART E JOSÉ DOMINGOS BITENCOURT","1500000.00","emendas#49","","","PAGO PARCIAL","","","sim"
"Urussanga","Infraestrutura e obras","PAVIMENTAÇÃO DA RUA FRANCISCO FELTRIN","200000.00","emendas#48","","","PAGO","","","sim"
"Urubici","Infraestrutura e obras","PAVIMENTAÇÃO DE RUAS DO MUNICÍPIO","500000.00","emendas#47","","","PRONTO","","","sim"
"Tubarão","Saúde e assistência social","REALIZAÇÃO DE EXAMES (TROCA OBJETO -> CUSTEIO REDE FEMININA DE COMBATE AO CÂNCER)","100000.00","emendas#46","","","PAGO","","","sim"
"Tubarão","Outros","REALIZAÇÃO DO ESTUDO PLANO DE NEGÓCIOS NA REGIÃO DA AMUREL","100000.00","emendas#45","","","EM ANALISE","","","validar"
"Tubarão","Infraestrutura e obras","SOLICITADO TROCA -> PAVIMENTAÇÃO DA RUA VIRGILIO PARISI DUARTE (ERA P/ CASTRAÇÃO DE ANIMAIS)","200000.00","emendas#44","","","PAGO","","","sim"
"Tubarão","Autismo (TEA)","APAE - CUSTEIO DA ORGANIZAÇÃO","100000.00","emendas#43","","","PAGO","","","sim"
"Tubarão","Outros","COMPRA DE 1 CAMIONETE TIPO SUV","140000.00","emendas#42","","","PAGO","","","validar"
"Tubarão","Segurança","ADQUIRIR UMA CAMIONETE 4X4-VIATURA ESSENCIAL PARA OPERAÇÕES DE RESGATE","360000.00","emendas#41","","","PAGO","","","sim"
"Tubarão","Entidades","AUXÍLIO FINANCEIRO PARA ATIVIDADES DO CLUBE DE MÃES","100000.00","emendas#40","","","PAGO","","","sim"
"Tubarão","Infraestrutura e obras","RUA IRINEU MENEGAZ - PAVIMENTAÇÃO E DRENAGEM","300000.00","emendas#39","","","PAGO","","","sim"
"Tubarão","Infraestrutura e obras","RUA ANASTÁCIO THEÓFILO TEIXEIRA - PAVIMENTAÇÃO","200000.00","emendas#38","","","PAGO","","","sim"
"Tubarão","Infraestrutura e obras","PAVIMENTAÇÃO JOÃO SILVA, JOVENCIO BERNARDO, LUIZ MATHEUS, ALMIRO J. SILVA E SILVIO MENEGAZ","200000.00","emendas#37","","","PAGO","","","sim"
"Tubarão","Infraestrutura e obras","PAVIMENTAÇÃO ODÁRIO BERNARDINHO E DORIVALDA BRISTOT, DO BAIRRO SÃO BERNARDO","200000.00","emendas#36","","","PAGO","","","sim"
"Tubarão","Infraestrutura e obras","PAVIMENTAÇÃO DA RUA CARURU","259175.54","emendas#35","","","PAGO","","","sim"
"Tubarão","Infraestrutura e obras","REVITALIZAÇÃO ASFÁLTICA DE VIAS DA CIDADE","200000.00","emendas#34","","","PAGO","","","sim"
"Tubarão","Infraestrutura e obras","PAVIMENTAÇÃO DA RUA ADOLFO JOSÉ DE SOUZA (LAGEADO)","750000.00","emendas#33","","","PAGO","","","sim"
"Tubarão","Infraestrutura e obras","REALIZAÇÃO DA REDE DE ESGOTO PLUVIAL DA RUA MANOEL AGOSTINHO PEREIRA","300000.00","emendas#32","","","PAGO","","","sim"
"Tubarão","Educação e inovação","CUSTEIO PARA MANUTENÇÃO DAS DEMANDAS DA EDUCAÇÃO","300000.00","emendas#31","","","PAGO","","","sim"
"Treze de Maio","Saúde e assistência social","CUSTEIO E MANUTENÇÃO DA UNIDADE HOSPITALAR SÃO SEBASTIÃO","150000.00","emendas#30","","","PAGO","","","sim"
"São Martinho","Infraestrutura e obras","MELHORIA DA INFRAESTRUTURA DO MUNICÍPIO","100000.00","emendas#29","","","PAGO","","","sim"
"São Joaquim","Infraestrutura e obras","PAVIMENTAÇÃO DA RUA ANTONIO AGUIAR NUNES","150000.00","emendas#28","","","PAGO","","","sim"
"Santa Rosa de Lima","Educação e inovação","INVESTIMENTO NA EDUCAÇÃO BÁSICA DO MUNICÍPIO","100000.00","emendas#27","","","PAGO","","","sim"
"Sangão","Educação e inovação","INVESTIMENTO NA EDUCAÇÃO BÁSICA DO MUNICÍPIO","200000.00","emendas#26","","","PAGO","","","sim"
"Rio Fortuna","Educação e inovação","INVESTIMENTO NA EDUCAÇÃO BÁSICA DO MUNICÍPIO","150000.00","emendas#25","","","PAGO","","","sim"
"Pescaria Brava","Infraestrutura e obras","PAVIMENTAÇÃO DE RUAS DO MUNICÍPIO","250000.00","emendas#24","","","PAGO","","","sim"
"Pedras Grandes","Educação e inovação","PAVIMENTAÇÃO RUAS DO MUNICÍPIO (TROCA OBJETO -> CENTRO EDUCACIONAL TORRE DE PISA)","300000.00","emendas#23","","","PUBLICADO","","","sim"
"Morro da Fumaça","Infraestrutura e obras","PAVIMENTAÇÃO DE RUAS DO MUNICÍPIO","300000.00","emendas#22","","","PAGO","","","sim"
"Laguna","Segurança","COMPRA DE VIATURA","150000.00","emendas#21","","","PRONTO","","","sim"
"Laguna","Entidades","PROJETOS, PROGRAMAS E SERVIÇOES DESENVOLVIDOS PELA ASSOCIAÇÃO SÃO JUDAS TADEU","100000.00","emendas#20","","","PAGO","","","sim"
"Laguna","Saúde e assistência social","AQUISIÇÃO DE UM VEÍCULO PARA SECRETÁRIA DE SAÚDE","100000.00","emendas#19","","","PRONTO","","","sim"
"Lages","Outros","REALIZAÇÃO DE CASTRAÇÃO DE CÃES E GATOS DO MUNICÍPIO","150000.00","emendas#18","","","PAGO","","","validar"
"Jaguaruna","Saúde e assistência social","CUSTEIO E MANUTENÇÃO DAS ATIVIDADES HOSPITALARES","100000.00","emendas#17","","","PAGO","","","sim"
"Jaguaruna","Infraestrutura e obras","PAVIMENTAÇÕES DE RUAS DO MUNICÍPIO","200000.00","emendas#16","","","PAGO","","","sim"
"Jaguaruna","Infraestrutura e obras","PAVIMENTAÇÃO DA RUA 1º DE MAIO","100000.00","emendas#15","","","PAGO","","","sim"
"Imbituba","Outros","CONSTRUÇÃO SEDE AMAI (SOLICITAR TROCA COMPRA DE MOBILIÁRIO A SEDE DA AMAI EM 2026)","100000.00","emendas#14","","","SOLICITADO TROCA","","","validar"
"Imbituba","Educação e inovação","REFORMA DA ESCOLA BÁSICA BASILEU JOSÉ DA SILVA","200000.00","emendas#13","","","PAGO","","","sim"
"Içara","Outros","COMPRA DE 1 VEÍCULO","100000.00","emendas#12","","","PAGO","","","validar"
"Içara","Outros","CONSTRUÇÃO DE NOVO CENTRO COMUNITÁRIO NO BAIRRO PRESIDENTE VARGAS","300000.00","emendas#11","","","PAGO","","","validar"
"Içara","Infraestrutura e obras","PAVIMENTAÇÃO DA RUA 17 DE DEZEMBRO","300000.00","emendas#10","","","PAGO","","","sim"
"Gravatal","Infraestrutura e obras","RUA COBERTA TERMAS (TROCA OBJETO -> CAMINHÃO SECRETARIA DE INFRAESTRUTURA)","400000.00","emendas#9","","","PAGO","","","sim"
"Grão-Pará","Saúde e assistência social","INTUITO DE DIMINUIR AS FILAS DO SUS DE CIRURGIAS ELETIVAS","200000.00","emendas#8","","","PAGO","","","sim"
"Gaspar","Autismo (TEA)","CONSULTAS MÉDICAS (TROCA OBJETO -> APOIO FINANCEIRO SAÚDE NEURO TEA","150000.00","emendas#7","","","PAGO","","","sim"
"Garopaba","Infraestrutura e obras","MELHORIA DA INFRAESTRUTURA DA REDE MUNICIPAL","800000.00","emendas#6","","","PAGO","","","sim"
"Criciúma","Infraestrutura e obras","PAVIMENTAÇÃO PARA O MUNICÍPIO","300000.00","emendas#5","","","PAGO","","","sim"
"Capivari de Baixo","Autismo (TEA)","APAE - SOLICITAÇÃO DE EDIFICAÇÃO DE DUAS SALAS DE AULA E BANHEIRO","100000.00","emendas#4","","","PRONTO","","","sim"
"Braço do Norte","Outros","CONSTRUÇÃO DE PONTOS DE PASSAGEIROS","100000.00","emendas#3","","","PAGO","","","validar"
"Braço do Norte","Infraestrutura e obras","PAVIMENTAÇÃO DA RUA SANTA DELLA GIUSTINA","150000.00","emendas#2","","","PAGO","","","sim"
"Braço do Norte","Infraestrutura e obras","APOIO FINANCEIRO PARA INFRAESTRUTURA","300000.00","emendas#1","","","PAGO","","","sim"
"Santa Catarina","Atuação legislativa","Altera o inciso VI do parágrafo único do art. 173 da Constituição do Estado de Santa Catarina, para incluir a Sociedade Musical União dos Artistas na concessão de apoio administrativo, técnico e financeiro, por parte do Estado, a entidades culturais.","","alesc#PEC/0006/2025","","","EM COMISSÕES","","","sim"
"Tubarão","Atuação legislativa","Revoga o item 84 referente ao Município de Tubarão do Anexo Único da Lei nº 18.278, de 2021, que ""Consolida os atos normativos que concedem o Título de Utilidade Pública estadual no âmbito do Estado de Santa Catarina"", para excluir do rol das entidades declaradas de utilidade pública estadual a Fundação Universidade do Sul de Santa Catarina (UNISUL)","","alesc#PL./0029/2023","","","LEI Nº 18.644/2023","","","sim"
"Santa Catarina","Atuação legislativa","Denomina Armando Machado o trecho da Rodovia Estadual SC-100, entre o entrocamento da SC-441 (Jaguaruna, SC- 100 KM, 34,130), e Balneário Arroio Corrente (Jaguaruna, SC-100) o Anexo II da Lei nº 16.720, de 2015, que ""Consolida as Leis que dispõem sobre denominação de bens públicos no âmbito do Estado de Santa Catarina"".","","alesc#PL./0049/2026","","","LEI Nº 19.927/2026","","","sim"
"São José","Atuação legislativa","Declara de utilidade pública o Instituto Conecta+ de São José e Altera o Anexo Único da Lei nº 18.278, de 2021, que ""Consolida os atos normativos que concedem o Título de Utilidade Pública estadual no âmbito do Estado de Santa Catarina"" para fazer constar nele o nome de tal entidade.","","alesc#PL./0050/2026","","","EM COMISSÕES","","","sim"
"Tubarão","Atuação legislativa","Declara de utilidade pública o Instituto Rota Sul de Ciência e Tecnologia, de Tubarão e Altera o Anexo Único da Lei nº 18.278, de 2021, que ""Consolida os atos normativos que concedem o Título de Utilidade Pública estadual no âmbito do Estado de Santa Catarina"" para fazer constar nele o nome de tal entidade.","","alesc#PL./0051/2026","","","LEI Nº 19.900/2026","","","sim"
"Santa Catarina","Atuação legislativa","Altera o parágrafo único do art. 24 da Lei nº 17.292, de 19 de outubro de 2017, que consolida a legislação que dispõe sobre os direitos das pessoas com deficiência, para estabelecer preferência na designação do segundo professor para estudante com Transtorno do Espectro Autista.","","alesc#PL./0052/2026","","","EM COMISSÕES","","","sim"
"Rio Rufino","Atuação legislativa","Declara de utilidade pública Associação de Pais e Amigos do Autista, de Rio Rufino - AMA e Altera o Anexo Único da Lei nº 18.278, de 2021, que ""Consolida os atos normativos que concedem o Título de Utilidade Pública estadual no âmbito do Estado de Santa Catarina"" para fazer constar nele o nome de tal entidade.","","alesc#PL./0054/2026","","","LEI Nº 20.032/2026","","","sim"
"Jaguaruna","Atuação legislativa","Institui a Festa da Melancia, no Município de Jaguaruna, e altera o Anexo Único da Lei nº 18.531, de 2022, que ""Consolida as leis que instituem datas e eventos alusivos no âmbito do Estado de Santa Catarina e estabelece o Calendário Oficial do Estado"", para incluir referida data alusiva no Calendário Oficial do Estado de Santa Catarina","","alesc#PL./0067/2023","","","LEI Nº 18.740/2023","","","sim"
"Rio Negrinho","Atuação legislativa","Declara de utilidade pública Grupo Escoteiro Arnaldo Almeida de Oliveira, de Rio Negrinho e Altera o Anexo Único da Lei nº 18.278, de 2021, que ""Consolida os atos normativos que concedem o Título de Utilidade Pública estadual no âmbito do Estado de Santa Catarina"" para fazer constar nele o nome de tal entidade.","","alesc#PL./0077/2025","","","LEI Nº 19.402/2025","","","sim"
"Capivari de Baixo","Atuação legislativa","Declara de utilidade pública a Associação dos Clubes de Mães de Capivari de Baixo, de Capivari de Baixo, e altera o Anexo Único da Lei nº 18.278, de 2021, que ""Consolida os atos normativos que concedem o Título de Utilidade Pública estadual no âmbito do Estado de Santa Catarina"", para fazer constar nele o nome de tal entidade.","","alesc#PL./0089/2026","","","LEI Nº 19.885/2026","","","sim"
"Antônio Carlos","Atuação legislativa","Declara de utilidade pública a Associação Coral Poesis, de Antônio Carlos, e altera o Anexo Único da Lei nº 18.278, de 2021, que ""Consolida os atos normativos que concedem o Título de Utilidade Pública estadual no âmbito do Estado de Santa Catarina"", para fazer constar nele o nome de tal entidade.","","alesc#PL./0090/2026","","","LEI Nº 19.987/2026","","","sim"
"Laguna","Atuação legislativa","Declara de utilidade pública a Associação Amigos da Praça Nelson Moreira Netto, de Laguna, e altera o Anexo Único da Lei nº 18.278, de 2021, que ""Consolida os atos normativos que concedem o Título de Utilidade Pública estadual no âmbito do Estado de Santa Catarina"", para fazer constar nele o nome de tal entidade.","","alesc#PL./0111/2026","","","LEI Nº 19.904/2026","","","sim"
"Garopaba","Atuação legislativa","Declara de utilidade pública o Grupo de Escoteiro Ilha Terceira, de Garopaba e Altera o Anexo Único da Lei nº 18.278, de 2021, que ""Consolida os atos normativos que concedem o Título de Utilidade Pública estadual no âmbito do Estado de Santa Catarina"" para fazer constar nele o nome de tal entidade","","alesc#PL./0121/2023","","","LEI Nº 18.729/2023","","","sim"
"Tubarão","Atuação legislativa","Declara de utilidade pública Associação de Voleibol Tubaronense - AVT, de Tubarão e Altera o Anexo Único da Lei nº 18.278, de 2021, que ""Consolida os atos normativos que concedem o Título de Utilidade Pública estadual no âmbito do Estado de Santa Catarina"" para fazer constar nele o nome de tal entidade.","","alesc#PL./0134/2024","","","LEI Nº 19.001/2024","","","sim"
"Braço do Norte","Atuação legislativa","Declara de utilidade pública o Centro de Reabilitação Luz e Vida - CVL, de Braço do Norte e Altera o Anexo Único da Lei nº 18.278, de 2021, que ""Consolida os atos normativos que concedem o Título de Utilidade Pública estadual no âmbito do Estado de Santa Catarina"" para fazer constar nele o nome de tal entidade.","","alesc#PL./0137/2025","","","LEI Nº 19.385/2025","","","sim"
"Santa Catarina","Atuação legislativa","Declara de utilidade pública Associação dos Padelistas Brasileiros e Altera o Anexo Único da Lei nº 18.278, de 2021, que ""Consolida os atos normativos que concedem o Título de Utilidade Pública estadual no âmbito do Estado de Santa Catarina"" para fazer constar nele o nome de tal entidade.","","alesc#PL./0213/2024","","","LEI Nº 19.066/2024","","","sim"
"Santa Catarina","Atuação legislativa","Declara de Patrimônio Cultural Imaterial do Estado o Tombo da Polenta, e Altera o Anexo Único da Lei nº 17.565, de 2018, que ""Consolida as Leis que dispõem sobre o Patrimônio Cultural do Estado de Santa Catarina"".","","alesc#PL./0220/2024","","","RESPONDIDA A DILIGÊNCIA","","","sim"
"Tijucas","Atuação legislativa","Declara de utilidade pública Associação de Pais e Amigos do Autista de Tijucas /SC - AMA, com sede em Tijucas e Altera o Anexo Único da Lei nº 18.278, de 2021, que ""Consolida os atos normativos que concedem o Título de Utilidade Pública estadual no âmbito do Estado de Santa Catarina"" para fazer constar nele o nome de tal entidade.","","alesc#PL./0221/2024","","","LEI Nº 19.049/2024","","","sim"
"Tubarão","Atuação legislativa","Declara de utilidade pública a Associação Atlética Banco do Brasil - AABB, de Tubarão, e altera o Anexo Único da Lei nº 18.278, de 2021, que ""Consolida os atos normativos que concedem o Título de Utilidade Pública estadual no âmbito do Estado de Santa Catarina"" para fazer constar nele o nome de tal entidade.","","alesc#PL./0228/2026","","","LEI Nº 19.889/2026","","","sim"
"Santa Catarina","Atuação legislativa","Altera o art. 10 da Lei nº 18.334, de 2022, que institui o Fundo Estadual de Promoção Social e Erradicação da Pobreza (FUNDO SOCIAL), para permitir a destinação alternativa de recursos vinculados a benefícios fiscais à instalação de sistemas fotovoltaicos em hospitais filantrópicos.","","alesc#PL./0257/2025","","","LEI Nº 19.785/2026","","","sim"
"Santa Catarina","Atuação legislativa","Acrescenta dispositivo à Lei nº 19.093, de 8 de novembro de 2024, para dispor sobre o ressarcimento de recursos próprios empregados pelos Municípios na execução de planos de trabalho em decorrência de atraso ou suspensão de repasses estaduais.","","alesc#PL./0259/2025","","","RETIRADO","","","sim"
"Santa Catarina","Atuação legislativa","Institui a Rota Turística das Águas Termais no Estado de Santa Catarina.","","alesc#PL./0265/2022","","","LEI Nº 18.673/2023","","","sim"
"Santa Catarina","Atuação legislativa","Dispõe sobre o incentivo à realização de sessão de cinema adaptada a crianças e adolescentes com Transtorno do Espectroautista (TEA) e suas famílias.","","alesc#PL./0266/2022","","","LEI Nº 19.160/2025","","","sim"
"Santa Catarina","Atuação legislativa","Institui a Política de Incentivo à Ovinocaprinocultura no âmbito do Estado de Santa Catarina.","","alesc#PL./0269/2022","","","LEI Nº 19.225/2025","","","sim"
"Santa Catarina","Atuação legislativa","Altera a Lei nº 16.473, de 2014, que ""Dispõe sobre a prestação de serviços farmacêuticos pelas farmácias e drogarias e adota outras providências"", para o fim de internalizar no Estado de Santa Catarina a Resolução da Agência Nacional de Vigilância Sanitária (ANVISA) nº 786, de 10 de janeiro de 2023, que estabelece condições seguras para a execução dos Exames de Análises Clínicas (EAC) em farmácias","","alesc#PL./0281/2023","","","LEI Nº 19.011/2024","","","sim"
"São José","Atuação legislativa","Declara de utilidade pública a Associação Josefense de Judô - IPPON, de São José e altera o Anexo Único da Lei nº 18.278, de 2021, que ""Consolida os atos normativos que concedem o Título de Utilidade Pública estadual no âmbito do Estado de Santa Catarina"" para fazer constar nele o nome de tal entidade.","","alesc#PL./0297/2026","","","EM COMISSÕES","","","sim"
"Santa Catarina","Atuação legislativa","Dispõe sobre Protocolo Individualizado de Avaliação (PIA) para os alunos com Transtornos Globais do Desenvolvimento, incluindo-se Transtorno do Espectro Autista - TEA, nas Instituições de Ensino do Estado de Santa Catarina","","alesc#PL./0322/2023","","","EM COMISSÕES","","","sim"
"Santa Catarina","Atuação legislativa","Concede o Título de Cidadã Catarinense à Vivian Garcia Selig.","","alesc#PL./0324/2024","","","LEI Nº 19.068/2024","","","sim"
"Paulo Lopes","Atuação legislativa","Reconhece o Município de Paulo Lopes como Capital Catarinense da Lagoa do Coração e altera o Anexo Único da Lei nº 16.722, de 2015, que ""Consolida as Leis que conferem denominação adjetiva aos Municípios catarinenses"".","","alesc#PL./0370/2025","","","LEI Nº 19.599/2025","","","sim"
"Nova Veneza","Atuação legislativa","Declara de utilidade pública a Associação Cultural - Camerata Di Venezia, de Nova Veneza, e altera o Anexo Único da Lei nº 18.278, de 2021, que ""Consolida os atos normativos que concedem o Título de Utilidade Pública estadual no âmbito do Estado de Santa Catarina"", para fazer constar nele o nome de tal entidade.","","alesc#PL./0379/2026","","","LEI Nº 20.066/2026","","","sim"
"Tubarão","Atuação legislativa","Declara de utilidade pública o Centro de Tradição Gaúcha Alma da Tradição, de Tubarão, e altera o Anexo Único da Lei nº 18.278, de 20 de dezembro de 2021, que ""Consolida os atos normativos que concedem o Título de Utilidade Pública estadual no âmbito do Estado de Santa Catarina"", para fazer constar nele o nome de tal entidade.","","alesc#PL./0397/2026","","","EM COMISSÕES","","","sim"
"Laguna","Atuação legislativa","Declara de utilidade pública Associação São Judas Tadeu - Casa da Gente, de Laguna e Altera o Anexo Único da Lei nº 18.278, de 2021, que ""Consolida os atos normativos que concedem o Título de Utilidade Pública estadual no âmbito do Estado de Santa Catarina"" para fazer constar nele o nome de tal entidade.","","alesc#PL./0421/2024","","","EM COMISSÕES","","","sim"
"Capivari de Baixo","Atuação legislativa","Declara de utilidade pública a Associação de Pais e Amigos do Centro de Futebol Zuco, de Capivari de Baixo, e altera o Anexo Único da Lei nº 18.278, de 20 de dezembro de 2021, que ""Consolida os atos normativos que concedem o Título de Utilidade Pública estadual no âmbito do Estado de Santa Catarina"", para fazer constar nele o nome de tal entidade.","","alesc#PL./0457/2026","","","EM COMISSÕES","","","sim"
"Santa Catarina","Atuação legislativa","Declara de utilidade pública a Rede Caixa Solidária Brasil, de e Altera o Anexo Único da Lei nº 18.278, de 2021, que ""Consolida os atos normativos que concedem o Título de Utilidade Pública estadual no âmbito do Estado de Santa Catarina"" para fazer constar nele o nome de tal entidade.","","alesc#PL./0498/2024","","","LEI Nº 19.217/2025","","","sim"
"Santa Catarina","Atuação legislativa","Dispõe sobre a inclusão da Educação Moral e Cívica como conteúdo transversal no currículo da educação básica das escolas públicas e privadas do Estado de Santa Catarina e dá outras providências.","","alesc#PL./0542/2024","","","EM COMISSÕES","","","sim"
"Santa Catarina","Atuação legislativa","Concede o Título de Cidadão Catarinense a Rubens Renato Angelotti.","","alesc#PL./0577/2025","","","LEI Nº 19.477/2025","","","sim"
"Santa Catarina","Atuação legislativa","Altera o Anexo I da Lei no 16.720, de 2015, que ""Consolida as Leis que dispõe sobre denominação de bens públicos no âmbito do Estado de Santa Catarina"", para o fim de denominar Michael Carvalho de Sousa a Quadra Poliesportiva Coberta da E.E.B. Machado Luz no município de Jaguaruna.","","alesc#PL./0662/2025","","","LEI Nº 19.925/2026","","","sim"
"Tubarão","Atuação legislativa","Declara de utilidade pública a Associação Conexão Comunitária, de Tubarão e Altera o Anexo Único da Lei nº 18.278, de 2021, que ""Consolida os atos normativos que concedem o Título de Utilidade Pública estadual no âmbito do Estado de Santa Catarina"" para fazer constar nele o nome de tal entidade.","","alesc#PL./0665/2025","","","LEI Nº 19.908/2026","","","sim"
"Capivari de Baixo","Atuação legislativa","Declara de utilidade pública a Associação de Amparo Aos Necessitados de Capivari de Baixo -SC - ASANC, de Capivari de Baixo e Altera o Anexo Único da Lei nº 18.278, de 2021, que ""Consolida os atos normativos que concedem o Título de Utilidade Pública estadual no âmbito do Estado de Santa Catarina"" para fazer constar nele o nome de tal entidade.","","alesc#PL./0742/2025","","","LEI Nº 19.895/2026","","","sim"
"Tubarão","Atuação legislativa","Declara de utilidade pública o Conselho Comunitário de Sertão dos Corrêas, de Tubarão e Altera o Anexo Único da Lei nº 18.278, de 2021, que ""Consolida os atos normativos que concedem o Título de Utilidade Pública estadual no âmbito do Estado de Santa Catarina"" para fazer constar nele o nome de tal entidade.","","alesc#PL./0921/2025","","","EM COMISSÕES","","","sim"
"Treze de Maio","Atuação legislativa","Declara de utilidade pública Associação Trilheiros do Treze, de Treze de Maio e Altera o Anexo Único da Lei nº 18.278, de 2021, que ""Consolida os atos normativos que concedem o Título de Utilidade Pública estadual no âmbito do Estado de Santa Catarina"" para fazer constar nele o nome de tal entidade.","","alesc#PL./0922/2025","","","EM COMISSÕES","","","sim"
