"Identificação do post","Identificação da conta","Nome de usuário da conta","Nome da conta",Descrição,"Duração (s)","Horário de publicação","Link permanente","Tipo de post","Comentário de dados",Data,Visualizações,Curtidas,Compartilhamentos,Comentários,Salvamentos,Alcance,Seguimentos
18066972350364107,17841401444333135,pepecollaco,"Pepê Collaço","“Made in China” AQUI É MADE IN BRASIL!!!🇧🇷⚡

A EIKTO, instalada em Laguna, começou com boa parte da produção vindo de fora. Agora, o cenário já mudou: peças, estrutura e etapas da fabricação passam a ser feitas no Brasil e a tendência é nacionalizar cada vez mais a produção.

O crescimento também impressiona: a empresa já chegou a 100 empregos e agora vai ampliar para 150 colaboradores, além de iniciar a produção de baterias para caminhões em Santa Catarina saindo da nossa Laguna. 🚛

É desenvolvimento, tecnologia e oportunidade chegando pra nossa região. Porque quando a indústria cresce aqui, o futuro também fica aqui. 🚀",73,"05/18/2026 05:54",https://www.instagram.com/reel/DYewg67grRe/,"Reel do Instagram",,Total,14892,209,19,8,4,17244,6
17897901354450290,17841401444333135,pepecollaco,"Pepê Collaço","MAIS QUALIDADE DE VIDA! 🚧👏

A Rua do Teixaco, em Braço do Norte, vai receber uma importante melhoria para a população: a retirada da lajota antiga para dar lugar ao asfalto! 🙌

Uma obra aguardada há muito tempo pelos moradores e que vai trazer mais conforto, segurança e mobilidade para quem passa diariamente pela região. 🛣️🚗

Menos poeira.
Menos transtorno.
Mais desenvolvimento para a comunidade. 💪

Parabéns ao vereador @demetrio_reginaldo pela luta e por estar sempre ouvindo as demandas da população. Seguimos trabalhando juntos para melhorar cada vez mais Braço do Norte! 🤝

Acompanhe nosso trabalho e compartilhe essa conquista! ✅

#PepeCollaço #BraçoDoNorte #RuaDoTeixaco #Infraestrutura #Asfalto Mobilidade SulDeSC SantaCatarina CompromissoComAsPessoas DesenvolvimentoRegional",58,"05/22/2026 08:35",https://www.instagram.com/reel/DYpVlVOAFlj/,"Reel do Instagram",,Total,7954,102,18,7,1,8401,3
17877883797599644,17841400657173502,cleinils.rodriguesdasilva,"Clei Rodrigues","Um sonho antigo da comunidade da Várzea das Canoas começa, oficialmente, a sair do papel! 🚧✨

Foi assinada a ordem de serviço para a tão esperada pavimentação asfáltica da comunidade, marcando um novo capítulo de desenvolvimento, mobilidade e qualidade de vida para os moradores.

Mais do que uma obra, este é um compromisso sendo cumprido, uma conquista construída com diálogo, trabalho e dedicação. Agradeço ao governo do Estado, aos deputados @deputadozemilton e @pepecollaco que muito nos ajudaram, ao @viceprefeito_marcoscorrea que está comigo nesta jornada, aos membros da equipe e todos que participaram para que esse sonho virasse realidade. 

Hoje, entrego ao Seu João Izidorio essa alegria, representando todos da comunidade. 

A Várzea das Canoas vai viver uma nova realidade. E esse é só o começo! 💙🙌",77,"05/23/2026 10:34",https://www.instagram.com/reel/DYsIjMVxPyv/,"Reel do Instagram",,Total,6361,158,19,5,0,,
18163721599429965,17841401444333135,pepecollaco,"Pepê Collaço","FORTALECENDO NOSSAS RAÍZES 🌾✨

Que alegria participar dessa linda feira agropecuária em Tubarão! 🙌
Um evento cheio de tradição, trabalho, cultura e pessoas que fazem a nossa região crescer todos os dias.

Foi muito gratificante acompanhar de perto a dedicação dos expositores, o talento do nosso artesanato e a força do comércio local. 👏🧑‍🌾

Eventos como esse movimentam a economia, valorizam quem produz e fortalecem ainda mais o desenvolvimento da nossa região. 💪

Parabéns a todos os envolvidos por proporcionarem um momento tão especial, bonito e acolhedor. Foi realmente muito legal fazer parte disso! 🚜🐄🌽

Vamos seguir valorizando quem trabalha, empreende e mantém viva a essência do nosso interior. ❤️

#FeiraAgropecuária #Tubarão #Agronegócio #Artesanato #ComércioLocal DesenvolvimentoRegional SantaCatarina PepêCollaço TradiçãoECrescimento",0,"05/24/2026 15:07",https://www.instagram.com/p/DYvNMOEAP9N/,"Carrossel do Instagram",,Total,5384,109,5,2,2,2158,1
18009298289863585,17841401444333135,pepecollaco,"Pepê Collaço","Tem coisa que só quem é Catarina compreende. E a gente tem orgulho de ser assim, né!

E você, é catarinense demais para…?

#SantaCatarina #OrgulhoCatarinense",0,"05/26/2026 08:59",https://www.instagram.com/p/DYzsqQ2gO3n/,"Carrossel do Instagram",,Total,5519,74,22,15,0,2594,0
18108383446913089,17841401444333135,pepecollaco,"Pepê Collaço","156 anos de uma cidade feita por gente forte. ❤️

Tubarão já enfrentou desafios que marcaram sua história. E foi justamente nesses momentos que mostrou sua maior qualidade: a força do seu povo.

Uma cidade que cresce no trabalho, no comércio, no desenvolvimento e no cuidado com as pessoas.

Nosso mandato tem orgulho de fazer parte dessa construção, com investimentos em infraestrutura, mobilidade, inclusão e apoio às instituições que fazem a diferença todos os dias na vida de tantas famílias.

Parabéns, Tubarão, pelos seus 156 anos.
Tenho orgulho de ser daqui. E ainda mais orgulho de trabalhar por essa cidade.

#Tubarão156Anos #TubarãoSC #OrgulhoDeSerTubaronense #CidadeAzul #SulDeSC",0,"05/27/2026 05:15",https://www.instagram.com/p/DY130ZBAG5i/,"Carrossel do Instagram",,Total,2321,59,8,7,1,1187,0
18591510112014083,17841401444333135,pepecollaco,"Pepê Collaço","Feliz aniversário, Tubarão! 💙

São 156 anos de uma cidade cheia de história, força, cultura e orgulho.

Hoje celebramos tudo aquilo que faz de Tubarão uma cidade tão especial: o trabalho, a união, a coragem e o jeito acolhedor do povo tubaronense.

Parabéns, Cidade Azul! Que essa história siga sendo escrita com desenvolvimento, cuidado e muito amor por Tubarão.",43,"05/27/2026 17:05",https://www.instagram.com/reel/DY3I1OGMHrm/,"Reel do Instagram",,Total,23925,973,35,21,8,13102,10
17864449188629223,17841401444333135,pepecollaco,"Pepê Collaço","ONDE A DONA ALZA FALOU, TÁ FALADO! 🚜🛣️

Mais uma conquista importante para Gravatal! 🙌

A comunidade da Várzea das Canoas vai receber mais de 2 quilômetros de asfalto, transformando uma estrada histórica em uma importante ligação para o desenvolvimento de Gravatal.

Essa é uma parceria construída com trabalho e união: ao lado do deputado estadual Zé Milton, do prefeito Clei e de tantas lideranças da comunidade, estamos tirando esse projeto do papel. 🤝

Além de melhorar a mobilidade e a segurança, a obra vai fortalecer o crescimento da região, gerar oportunidades e conectar ainda mais as pessoas.

Quando a comunidade participa e aponta o caminho, o resultado aparece! 💪

Acompanhe nosso trabalho e compartilhe essa conquista! 🚀

#Gravatal #VarzeaDasCanoas #Infraestrutura #DesenvolvimentoRegional #PepeCollaco ZeMilton SantaCatarina TrabalhoQueDaResultado",75,"05/29/2026 13:05",https://www.instagram.com/reel/DY72zyzOl2L/,"Reel do Instagram",,Total,5682,86,30,4,2,3757,1
18140189095472938,17841401444333135,pepecollaco,"Pepê Collaço","JUDÔ E VALORES 🥋❤️

O esporte ensina muito mais do que técnica. Ensina disciplina, respeito, perseverança e confiança.

É uma alegria ver a Lelê se desenvolvendo no judô, aprendendo a cada treino e construindo valores que vai levar para a vida toda.

Como pai, não tem satisfação maior do que acompanhar esse crescimento e incentivar hábitos que fazem bem para o corpo, para a mente e para o futuro.

Que cada vez mais crianças tenham a oportunidade de descobrir no esporte um caminho de aprendizado e superação. 💪✨

#Judô #EsporteÉEducação #Família #Disciplina #Respeito SantaCatarina",0,"05/30/2026 07:59",https://www.instagram.com/p/DY946lRgCGN/,"Carrossel do Instagram",,Total,3719,148,1,14,0,1426,0
18082004774518305,17841401444333135,pepecollaco,"Pepê Collaço","🎉 FÉ, FORÇA, FUTURO
Que 2026 seja o ano em que a esperança se transforma em conquistas e a união faz a diferença na vida de todos! 🌟

Com gratidão por tudo que construímos juntos até aqui, desejo um novo ciclo repleto de saúde, amor, paz e realizações para você e sua família. 🙌💙

Vamos seguir firmes, trabalhando por um estado mais justo, inclusivo e com oportunidades para todos os catarinenses. 🚜🏥📚

Feliz Ano Novo! 🎇

🔁 Comente o que você deseja para 2026 e acompanhe nossas ações por Santa Catarina!

#BoasFestas #Feliz2026 #SantaCatarina #PepêCollaço #PolíticaComPropósito ViradaDoAno TrabalhoQueTransforma",0,"12/31/2025 10:50",https://www.instagram.com/p/DS8EHVSgDVl/,"Imagem do Instagram",,Total,5143,39,13,5,0,3192,0
18111932266559003,17841401444333135,pepecollaco,"Pepê Collaço","🇻🇪 VENEZUELA: DO OURO NEGRO À CRISE HUMANITÁRIA 🛢️🔥

Já foi chamada de “Suíça da América Latina”, com uma economia pujante, padrão de vida alto e as maiores reservas de petróleo do mundo. 💸

Mas o que era prosperidade virou fome, migração em massa e caos institucional. O que aconteceu?

👉 De aliado cultural e econômico dos EUA, a Venezuela mergulhou num regime autoritário com o chavismo.

❌ Nacionalizações mal planejadas, corrupção, populismo e alianças perigosas com ditaduras tudo isso transformou um país rico em uma tragédia anunciada.

💥 E por trás de discursos sobre liberdade, há também interesses internacionais por petróleo, ouro e posição estratégica.
Geopolítica não tem mocinho… tem disputa por poder.

📲 Deslize o carrossel e entenda como um país pode perder décadas de avanço em poucos anos.

#Geopolítica #Venezuela #Chavismo #CriseHumanitária #Petróleo PoderGlobal HistóriaRecente ConsciênciaPolítica Populismo AmericaLatina ReelsEducativo DepPepeExplica",0,"01/04/2026 09:30",https://www.instagram.com/p/DTGOIhkgN1D/,"Carrossel do Instagram",,Total,12310,85,19,18,2,6095,0
18163008562362698,17841401444333135,pepecollaco,"Pepê Collaço","🛢️ DITADURA, OURO E INTERESSES ESCONDIDOS 💰

Sim, Maduro é um ditador. Censura a imprensa, prende opositores e manipula eleições. A Venezuela mergulhou em uma crise política e humanitária sob um regime autoritário e isso ninguém pode negar. ⚠️

Mas… você realmente acredita que Trump e os EUA intervieram só para “salvar o povo”? 🤨

🎯 Por trás do discurso de libertação, há um subsolo avaliado em trilhões de dólares:
🌍 As maiores reservas de petróleo do mundo, minas de ouro, gás e minerais estratégicos.

Esse vídeo mostra um trecho forte de um filme que ajuda a entender o jogo real: não é só sobre ideologia, é sobre poder, recursos e controle global.

🧠 Questione a narrativa. Sempre que falarem em “missão de paz”, pergunte: quem lucra com a guerra?

📽️ Assista, pense e compartilhe 👇

#Geopolítica #Venezuela #Petróleo #Ouro #Maduro Trump Intervenção RiquezasNaturais CriseVenezuelana PoderGlobal GatilhoMental ConsciênciaPolítica",108,"01/04/2026 15:09",https://www.instagram.com/reel/DTG0zjyDUvf/,"Reel do Instagram",,Total,13975,437,209,8,59,17815,15
18199337572328012,17841401444333135,pepecollaco,"Pepê Collaço","Começando o ano com o pé direito! 🙌

Gravatal avança com a inauguração do novo asfalto da Rua São Sebastião, na comunidade de Tiradentes. Uma obra muito aguardada, entregue durante a tradicional Festa de São Sebastião, que valoriza a igreja centenária, melhora os acesso com segurança pela SC-370 e transforma o local em um verdadeiro cartão-postal religioso.

Nosso gabinete destinou R$ 400 mil, tornando esse sonho da comunidade realidade. Seguimos trabalhando por mais desenvolvimento para Gravatal! 🚧✨",0,"01/14/2026 14:59",https://www.instagram.com/reel/DTgihs4CSe_/,"Reel do Instagram",,Total,28492,391,14,12,5,20425,4
17971395962987352,17841401444333135,pepecollaco,"Pepê Collaço","SE EU PUDESSE, EU RESOLVIA TUDO! 💪🏼

Se fosse só pela vontade, tava tudo feito.
Mas tem coisa que não é papel do deputado…

👉 Mesmo assim, eu escuto, acolho e ajo.
Porque entender o problema é o primeiro passo pra buscar solução.
E tudo que está ao meu alcance, eu faço — com trabalho sério e amor pela missão que escolhi.

📍Quando a oportunidade aparece, eu abro as portas.
Porque política boa é aquela que constrói caminho de verdade.

#TrabalhoComResultado #PepêCollaço #EmpregoÉDesenvolvimento #InfraestruturaQueTransforma #SCemMovimento SantaCatarinaQueDáCerto",0,"01/15/2026 10:54",https://www.instagram.com/reel/DTish1nAU9M/,"Reel do Instagram",,Total,8809,207,34,19,2,5703,10
17849816700657322,17841401444333135,pepecollaco,"Pepê Collaço","AQUI NÃO PARA e o ASFALTO CHEGOU! 🚧🔥

O cheirinho de asfalto novo que a comunidade tanto esperava já está no ar aqui na Sanga!

Essa pavimentação é resultado de uma emenda do nosso mandato, em parceria com o prefeito Sorato, pra garantir mais segurança e qualidade de vida pra quem vive aqui.

📍Quando a gente promete, a gente entrega.
📍E o trabalho não para por aqui!

➡️ Acompanhe nosso mandato pelas redes e compartilhe essa conquista!

#SCLevadoASério #InfraestruturaÉPrioridade #PepêCollaço #ObraEntregue #AsfaltoNovo SantaCatarina TrabalhoQueFazADiferença",0,"01/16/2026 12:52",https://www.instagram.com/reel/DTleyCLgepb/,"Reel do Instagram",,Total,51077,485,31,38,4,35198,10
17948534988089425,17841401444333135,pepecollaco,"Pepê Collaço","A MELHOR COISA QUE TEM: Ver a obra pronta do recurso que enviamos! 🚀

Gravatal com o prefeito @cleinils.rodriguesdasilva não para de inaugurar obras e essa é só mais uma delas.. vem coisas boas por aí!",86,"01/19/2026 05:20",https://www.instagram.com/reel/DTsZKEEgHwo/,"Reel do Instagram",,Total,18809,170,19,5,3,14310,2
18153553147427809,17841401444333135,pepecollaco,"Pepê Collaço","🚀 Rio Fortuna segue avançando!
Mais investimentos chegando para fazer a cidade crescer: carro novo para a educação 🚗📚, R$ 200 mil em infraestrutura 🏗️ e uma balança que fortalece o desenvolvimento do município.

Compromisso reafirmado com trabalho, parceria e resultados concretos.
👉 E vem muito mais por aí! 💪",51,"01/23/2026 03:24",https://www.instagram.com/reel/DT2e9D7gLOL/,"Reel do Instagram",,Total,26958,183,13,8,2,18865,12
18408438373123622,17841400515169097,ducazata,"Duca Zata","🚧 Agora é realidade: a pavimentação chegou!

A Rua São Francisco de Assis está saindo do papel, ligando os bairros Liri, Casagrande e Mareli e atendendo uma demanda antiga dos moradores. Um avanço que traz mais mobilidade, segurança e qualidade de vida para quem passa por aqui todos os dias.

Essa conquista só é possível graças aos recursos do deputado federal Pepê Collaço, reforçando a parceria que transforma pedidos da comunidade em obras de verdade.

✅ Mais infraestrutura
✅ Mais desenvolvimento
✅ Mais respeito com a população

👉 Trabalho sério que vira resultado e chega onde a população mais precisa.

#içara #infraestrutura #pavimentação",68,"01/27/2026 10:16",https://www.instagram.com/reel/DUBhoXjkTNR/,"Reel do Instagram",,Total,7259,218,28,55,0,,
17909652429322575,17841401444333135,pepecollaco,"Pepê Collaço","⚽️ Investir no esporte é investir no futuro.
São R$ 500 mil para o gramado sintético do Caravaggio FC, fortalecendo o clube e a formação de novos talentos.
Seguimos trabalhando por Santa Catarina! 💪",96,"01/28/2026 01:30",https://www.instagram.com/reel/DUDKUDBDeAN/,"Reel do Instagram",,Total,72523,836,57,18,14,45584,14
18255322288295000,17841401444333135,pepecollaco,"Pepê Collaço","Ex-ministra da Suprema Corte do Chile, Ángela Vivanco, foi presa em Santiago acusada de suborno, tráfico de influência e lavagem de dinheiro. O caso é considerado um dos maiores escândalos do Judiciário chileno nos últimos anos.

Segundo a investigação, ela teria usado o cargo para interferir em decisões judiciais e favorecer empresários e advogados em troca de vantagens financeiras. Parte dos pagamentos teria passado por intermediários e pelo marido da ex-ministra, com movimentações milionárias sob suspeita.

O nome de Vivanco aparece ligado ao chamado “Caso Hermosilla” ou “Caso dos Áudios”, que revelou uma rede de influência envolvendo advogados, empresários e autoridades para manipular decisões da Justiça, especialmente em processos contra a estatal de mineração Codelco.

A Justiça decretou prisão preventiva, alegando risco de obstrução das investigações e gravidade dos crimes. Mensagens, transferências bancárias e documentos seguem sendo analisados para identificar outros envolvidos.

A Suprema Corte informou que colabora com as apurações. O caso aprofunda a crise de confiança no sistema judicial chileno e reacende o debate sobre corrupção, controle e responsabilidade de magistrados.

Fontes:
🗞 O Antagonista – 27 jan. 2026
🗞 Gazeta do Povo – 27 jan. 2026
🗞 R7 Notícias – 26 jan. 2026
🗞 El País (Chile)
🗞 La Tercera (Chile)",0,"01/28/2026 08:14",https://www.instagram.com/p/DUD4IRrgMM6/,"Imagem do Instagram",,Total,3838,21,7,0,0,2219,0
17899687746225672,17841401444333135,pepecollaco,"Pepê Collaço","ENTREGA QUE VALORIZA QUEM CUIDA DE TODOS 💙🚐

Mais do que uma van: é um reconhecimento ao trabalho silencioso e incansável das mulheres do Clube de Mães de Nova Veneza.

Uma voltinha especial junto com a prefeita @angelaghislandi e a vereadora @carmenmalgarise , fizemos essa entrega com o coração cheio de gratidão e compromisso! Essa conquista é delas! 💖

Seguimos juntos fortalecendo quem transforma a vida da comunidade com afeto, cuidado e união. 🤝✨

👉 Acompanhe nosso trabalho e compartilhe iniciativas como essa!
⠀",114,"01/29/2026 13:08",https://www.instagram.com/reel/DUG-karAWrd/,"Reel do Instagram",,Total,33834,680,39,18,6,24113,10
18165828118401926,17841401444333135,pepecollaco,"Pepê Collaço","🚨 Bilhões em risco.
🏦 Um banco colapsa.
⚖️ O sistema falha.

O caso Banco Master escancara o que acontece quando poder, dinheiro e influência se misturam sem responsabilização.

💰 Trabalhadores, investidores , aposentadorias, fundos de previdência e a confiança no sistema ficaram expostos.
📉 Quando um banco desse tamanho quebra, o prejuízo não é privado. É coletivo.

🇨🇱 No Chile, houve investigação e prisão.
🇧🇷 No Brasil, o silêncio institucional ainda fala mais alto.

Isso não é disputa ideológica.
É defesa do Estado de Direito.
É proteção da sociedade.
É exigência de Justiça.

#Justiça #BancoMaster #Responsabilização #EstadoDeDireito #Transparência Brasil",0,"01/30/2026 13:11",https://www.instagram.com/p/DUJkFJsgfXg/,"Carrossel do Instagram",,Total,5544,44,15,4,0,2950,0
17935357260015848,17841401444333135,pepecollaco,"Pepê Collaço","R$ 33,9 MILHÕES. OFFSHORE. SIGILO. 🕵️‍♂️

O caso precisa ser investigado com urgência e seriedade.
Segundo reportagem, um fundo ligado a familiares de um ministro do STF foi encerrado e teve todos os ativos transferidos para uma offshore nas Ilhas Virgens Britânicas — um paraíso fiscal onde não é possível identificar os donos do dinheiro. 💰🌴

A operação envolveu supervalorização de cotas em mais de 44.000% e aponta semelhanças com o esquema investigado no caso Banco Master. O Banco Central já decretou a liquidação da gestora envolvida, por “graves violações regulatórias”.

🔍 Transparência não pode ter lado. Justiça precisa valer para todos.

📢 O cidadão exige respostas. E o Congresso deve agir com independência e firmeza.

#TransparênciaJá #Fiscalização #PolíticaComResponsabilidade #DinheiroPúblico #Offshore",60,"01/31/2026 06:39",https://www.instagram.com/reel/DULb_F_AI6L/,"Reel do Instagram",,Total,1206,18,1,0,0,900,0
18049256462695352,17841401444333135,pepecollaco,"Pepê Collaço","TRABALHO SEM PAUSA 🚧✈️

Praia? Quase não se vê…
Quando o compromisso é com Santa Catarina, o tempo é outro.
Seguimos firmes, cobrando obras, atraindo investimentos e defendendo quem mais precisa! 💪

📍 De Laguna à China, do Morro dos Cavalos às rotas alternativas…
É trabalho que atravessa fronteiras pra trazer resultado pra nossa gente!

➡️ Acompanhe o mandato!
#SCLevadoASério #TrabalhoPeloSul #InfraestruturaJá #DeputadoPepê #SantaCatarina PolíticaQueTransforma",70,"02/02/2026 14:28",https://www.instagram.com/reel/DURbC3cAEh2/,"Reel do Instagram",,Total,5406,103,16,7,2,14413,0
17880373440461396,17841401444333135,pepecollaco,"Pepê Collaço","ANO LEGISLATIVO COMEÇOU NA ALESC ▶️

O ano legislativo começou oficialmente aqui na Alesc.
A verdade é que a nossa correria nunca parou.. 🏃

Mas agora os trabalhos em plenário, nas comissões e no diálogo com as regiões ganham ainda mais ritmo.
Seguimos firmes na construção de políticas públicas que façam a diferença na vida das pessoas. 💡

Acompanhe.

#Alesc #SantaCatarina #DeputadoPepê #PolíticaComPropósito #MandatoPresente",0,"02/03/2026 12:30",https://www.instagram.com/p/DUTx445AXqf/,"Imagem do Instagram",,Total,4070,91,11,8,1,2570,0
17905623456185498,17841401444333135,pepecollaco,"Pepê Collaço","OBRA QUE TRANSFORMA VIDAS EM IÇARA 🚧

A Rua 17 de Dezembro, no Loteamento Casa Grande, agora está pavimentada! 🛣️
Obra linda, feita com recursos do nosso mandato, atendendo três bairros importantes: Marili, Liri e Casa Grande.

O prefeito em exercício Zata destacou a importância da pavimentação para o acesso à unidade de saúde da região.
Fim da lama, fim da poeira. Início de mais dignidade! 👏

Seguimos investindo na infraestrutura do Sul de Santa Catarina.
Obras que melhoram a vida de quem vive aqui.

➡️ Tem muito mais por vir. Tamo junto, Içara!

#PepêPorSantaCatarina #Içara #ObraConcluída #Infraestrutura #SulCatarinense",67,"02/04/2026 06:46",https://www.instagram.com/reel/DUVuUh_gCd0/,"Reel do Instagram",,Total,19421,185,6,4,2,15147,3
18104934442834678,17841401444333135,pepecollaco,"Pepê Collaço","QUANDO A JUSTIÇA TEM SOBRENOME… ⚖️🧐

Parentes diretos de 8 dos 10 ministros do STF tiveram um salto de atuação em tribunais superiores depois que os familiares chegaram à mais alta corte do país.

📊 70% dos processos com participação desses advogados foram protocolados após a posse dos ministros.

Isso é o que chamam de “coincidência”?
O povo brasileiro está cansado de um Judiciário que se protege, mas não se explica.

👁‍🗨 Impedimento técnico não basta. O que está em jogo é a credibilidade de uma instituição que deveria ser exemplo de moralidade pública.

📣 Justiça de verdade precisa ser neutra, ética e acessível — não um clube fechado para famílias influentes.

➡️ Siga e compartilhe: a gente vai continuar cobrando.
#STF #JustiçaComNomeESobrenome #TransparênciaJá #BrasilReal #ChegaDePrivilégio PepêCollaço

📸🔁 Arte: Gisele Cristiane de Oliveira e Regina Elisabeth da Silva / @estadao",0,"02/05/2026 12:30",https://www.instagram.com/p/DUY8LPWkcdM/,"Carrossel do Instagram",,Total,5953,69,38,5,3,3225,1
18054955535416618,17841401444333135,pepecollaco,"Pepê Collaço","CARRO NOVO PARA CAPIVARI DE BAIXO 🚗💪

Mais uma conquista chegando para melhorar a vida da nossa gente!

Em parceria com o vereador @ezequielcorreazico garantimos a entrega de um veículo novinho para Capivari de Baixo. Um reforço importante para o atendimento da comunidade, que agora terá mais mobilidade, agilidade e segurança no serviço público.

💙 Nosso mandato é isso: resultado, trabalho conjunto e presença nos municípios.

Seguimos firmes, levando recursos onde realmente fazem a diferença!

📍Capiva, conte sempre com a gente!

➡️ Acompanhe o mandato do deputado Pepê Collaço e fique por dentro das conquistas da sua região.

#SantaCatarina #PepêCollaço #MandatoPresente #SCLevadoASério CaratipaDebaixo PolíticaQueEntrega TrabalhoNosMunicípios",73,"02/06/2026 10:46",https://www.instagram.com/reel/DUbUjoyiahu/,"Reel do Instagram",,Total,21972,184,15,5,2,26196,3
18105793510703975,17841401444333135,pepecollaco,"Pepê Collaço","O TRABALHO CONTINUA… mas quem vai curtir o final de semana de sol ☀️ aproveita as dicas! 

VAI APROVEITAR A PRAIA? Me conta",0,"02/07/2026 06:37",https://www.instagram.com/p/DUddW9KgAHz/,"Carrossel do Instagram",,Total,3750,24,6,2,0,2222,0
18052194983469967,17841401444333135,pepecollaco,"Pepê Collaço","ESPORTES COM ESTRUTURA ⚽️🏟️

Mais que futebol: é convivência, saúde e orgulho comunitário! 💚

A revitalização do Complexo Esportivo Antônio Amboni, em Nova Veneza, representa o nosso compromisso com quem faz o esporte acontecer todos os dias, na base, na várzea e na arquibancada.

Espaços assim são fundamentais para fortalecer o lazer, apoiar nossos jovens e valorizar o que temos de melhor: as pessoas. 👏

Seguimos trabalhando por mais investimentos como esse em todas as regiões de Santa Catarina! 🚀

👉 Acompanhe o mandato.",119,"02/08/2026 06:35",https://www.instagram.com/reel/DUgBjIcgMSH/,"Reel do Instagram",,Total,20113,426,46,25,3,11477,9
18305409223277982,17841401444333135,pepecollaco,"Pepê Collaço","Seja feliz com a festa que é a cara do BRASIL! 🇧🇷",0,"02/13/2026 15:37",https://www.instagram.com/p/DUt3_FhjeTI/,"Imagem do Instagram",,Total,4717,26,12,7,0,3274,0
18132719599509427,17841401444333135,pepecollaco,"Pepê Collaço","LINDA DEMAIS! 🎉

Ontem a passarela Negro Querido estava simplesmente espetacular!

Foi uma alegria enorme participar desse momento tão especial e receber o convite da escola @academicosdosuldailha para desfilar. Que energia incrível! ✨🥁

Foi lindo, divertido e emocionante ver tanta dedicação transformada em espetáculo em homenagem ao @liratenisclube . 💃🕺

Parabéns a todos os envolvidos! Estava tudo lindo, a festa linda, o povo animado… um verdadeiro show de cultura e tradição!

E podem ter certeza: estamos só começando! 🚀

Acompanhe, compartilhe e venha viver esses momentos com a gente! 🙌

#Cultura #Tradição #SantaCatarina #Carnaval #NegroQuerido PepêCollaço SC",0,"02/14/2026 09:38",https://www.instagram.com/p/DUvzqesgOox/,"Carrossel do Instagram",,Total,15551,280,14,12,2,8248,0
18094195078789798,17841401444333135,pepecollaco,"Pepê Collaço","NÃO É MILAGRE. É MECANISMO. 🧠🔬

Quando a ciência entende a causa, ela deixa de tratar no escuro.

Nos Estados Unidos, pesquisadores colocaram luz sobre um caminho que pode ajudar parte das pessoas com TEA: o ácido folínico (leucovorina), derivado da vitamina B9.

⚠️ Não estamos falando em cura.

Os estudos indicam possível benefício em um subgrupo específico, especialmente em aspectos ligados à linguagem e comunicação — principalmente quando há alteração no transporte ou metabolismo do folato.

Ou seja: não é para todos.
E ainda há debate científico e necessidade de pesquisas maiores.

Mas aqui está o ponto que realmente importa 👇

✅ Quando você acerta o mecanismo biológico, você aumenta as chances de oferecer um cuidado mais direcionado, mais responsável e baseado em evidência.

Autismo exige seriedade.
Exige dados.
Exige política pública com base científica — não achismo.

Conhecer para incluir. Sempre. 💙

Comente sua opinião e compartilhe informação de qualidade.

#AutismoÉPrioridade #AbrilAzul #ConhecerParaIncluir #EvidênciaCientífica",54,"02/15/2026 07:31",https://www.instagram.com/reel/DUyJsSoAIz2/,"Reel do Instagram",,Total,13969,185,143,11,14,10193,5
18093782258073617,17841401444333135,pepecollaco,"Pepê Collaço","CARNAVAL OU CAMPANHA? 🎭

O que aconteceu neste domingo foi inédito e, sim, absurdo! 🤬

Um Presidente em exercício virou enredo em ano pré-eleitoral, com verba pública envolvida e transmissão em rede nacional. Isso nunca aconteceu antes.

Não é sobre festa.
É sobre limite.

Quando dinheiro público entra em cena e o homenageado é quem está no poder, a pergunta muda de tom.

É cultura ou é vitrine política?

O debate não é partidário.
É constitucional.

Leia o carrossel até o fim e tire sua própria conclusão. 👀

Compartilhe com quem precisa entender o que está em jogo.",0,"02/16/2026 08:58",https://www.instagram.com/p/DU04ub-AJr2/,"Carrossel do Instagram",,Total,20236,321,79,30,4,9069,1
17874186462532390,17841401444333135,pepecollaco,"Pepê Collaço","O trabalho não para e as entregas também não! 😉",0,"02/19/2026 12:47",https://www.instagram.com/p/DU9BO4LAbef/,"Carrossel do Instagram",,Total,6473,100,4,2,0,2216,0
18095094550796988,17841401444333135,pepecollaco,"Pepê Collaço","O MAIOR FURO ECONÔMICO DA NOSSA HISTÓRIA?

Bilhões sob investigação.
Banco liquidado.
Comissão do Banco Central em andamento.

E enquanto isso… outras pautas ocupam o noticiário.

A CPI do Banco Master não é espetáculo.
É transparência.

Quando o impacto pode atingir até estruturas vistas como intocáveis, o silêncio deixa de ser coincidência.

O Brasil precisa investigar antes que a conta chegue.

Acompanhe. Compartilhe. Fique atento. 🇧🇷",0,"02/23/2026 05:56",https://www.instagram.com/p/DVGlb4ygNZO/,"Carrossel do Instagram",,Total,5969,33,14,3,0,7214,0
18109347232707484,17841401444333135,pepecollaco,"Pepê Collaço","DEBATE COM RESPONSABILIDADE ⏱️🇧🇷

Alguns países já testam jornadas diferentes de trabalho.

Mas estamos falando de economias muito mais estruturadas que a nossa.

O Brasil tem dimensão continental, desafios regionais e precisa fortalecer sua base econômica antes de dar passos maiores.

O debate é importante.
Mas precisa ser feito com os pés no chão.

E você, o que pensa sobre isso? 👇
#Economia #MercadoDeTrabalho #SantaCatarina #Desenvolvimento #Responsabilidade",50,"02/27/2026 12:26",https://www.instagram.com/reel/DVRk8JUgXJ_/,"Reel do Instagram",,Total,14520,105,8,10,0,11884,5
18111345607678272,17841401444333135,pepecollaco,"Pepê Collaço","Meu senador é CATARINENSE “DA GEMA!” 

O melhor senador do Brasil é nosso e vamos trabalhar juntos pra que Santa Catarina tenha representantes que conheçam o nosso estado!",55,"02/28/2026 08:01",https://www.instagram.com/reel/DVTrSTMDfG_/,"Reel do Instagram",,Total,27076,972,47,27,5,33016,28
18081055358041453,17841401444333135,pepecollaco,"Pepê Collaço","ASSISTA ATÉ O FINAL, é tudo que eu peço! 😉

Começamos a semana com uma reflexão bem importante sobre as percepções e acessos aos adolescentes. 

Comente sua opinião! 😳

🔁 @facundoguerra",0,"03/02/2026 09:29",https://www.instagram.com/reel/DVY9JopAHO2/,"Reel do Instagram",,Total,12591,336,165,24,6,22096,6
18058266275395424,17841401444333135,pepecollaco,"Pepê Collaço","Por que todas as mensagens trocadas entre Moraes e Vorcaro eram apagadas?

QUAL A SUA OPINIÃO A ESSE ESCÂNDALO DO BANCO MASTER? 

Faltam palavras para descrever isso aqui. Escândalo é pouco. Baita furo da @malugaspar.jornalista e do Rafael Moraes Moura.",0,"03/05/2026 14:36",https://www.instagram.com/p/DVhQoOWgP7x/,"Imagem do Instagram",,Total,10105,100,22,15,3,5555,0
18190302202314986,17841401444333135,pepecollaco,"Pepê Collaço","COMUNIDADE UNIDA 🤝

Foi uma alegria participar da inauguração do Centro Comunitário em Içara, a convite dos vereadores e da prefeita @dalvaniacardoso 

Um evento muito bonito, com a comunidade reunida celebrando mais um espaço importante para encontros, atividades e fortalecimento da nossa gente.

Fico feliz em contribuir com esse projeto, tanto com emenda quanto estando presente nesse momento especial. Seguimos trabalhando juntos por mais conquistas para a região! 🙌

#SantaCatarina #TrabalhoQueAparece #Municipalismo #PepêCollaço",52,"03/06/2026 06:12",https://www.instagram.com/reel/DVi7hANjcWN/,"Reel do Instagram",,Total,7320,126,5,16,0,9383,3
17905467252203575,17841401444333135,pepecollaco,"Pepê Collaço","O MAIOR ESCÂNDALO DA REPÚBLICA?

O caso do Banco Master é um absurdo.

Pode ser o maior escândalo de corrupção da história recente do Brasil — e envolve gente de todos os lados: STF, direita, esquerda e centro.

Isso precisa ser investigado a fundo.
O Brasil não aguenta mais corrupção.

📢 O que você pensa sobre isso?

#Transparência #CombateÀCorrupção #PolíticaComResponsabilidade #Brasil #PepêCollaço",0,"03/07/2026 07:46",https://www.instagram.com/reel/DVlrAdIjUL-/,"Reel do Instagram",,Total,8609,186,7,4,3,16571,3
17977673156825554,17841401444333135,pepecollaco,"Pepê Collaço","FELIZ DIA DAS MULHERES 🌷

Hoje é dia de celebrar todas as mulheres.
E eu represento essa homenagem através da minha esposa e das minhas filhas, que são inspiração diária na minha vida.

Mas neste dia eu não desejo apenas flores, carinho ou atenção.

Desejo respeito.
Desejo segurança.
Desejo dignidade.

Que nenhuma mulher precise viver com medo, violência ou desrespeito.

Que todos os dias sejam de valorização, proteção e reconhecimento.

Feliz Dia das Mulheres! 💜

#DiaDaMulher #RespeitoÀsMulheres #ViolênciaNuncaMais #8DeMarço #PepêCollaço",0,"03/08/2026 05:40",https://www.instagram.com/p/DVn6sU8gL36/,"Imagem do Instagram",,Total,8184,263,0,11,0,5582,5
17954650377085498,17841401444333135,pepecollaco,"Pepê Collaço","PROTEGER TAMBÉM É CUIDAR 🚨📱

Muita gente ainda acha que é “só um jogo”.
Mas hoje, a violência também acontece no ambiente virtual.

A aproximação começa de forma silenciosa, com conversa, elogio e falsa confiança.
Quando os pais percebem, o dano já pode estar feito.

Nosso dever é orientar, acompanhar e proteger nossas crianças e adolescentes.
Internet não é terra sem lei.

Falar sobre isso é prevenção.
Denunciar é responsabilidade.

Compartilhe esse alerta com mais famílias. 🤝

#ProteçãoDigital #SegurançaOnline #InfânciaProtegida #AdolescênciaSegura",0,"03/09/2026 08:36",https://www.instagram.com/p/DVq0B1iDZIA/,"Carrossel do Instagram",,Total,17852,85,34,8,1,11092,2
18108905053813827,17841401444333135,pepecollaco,"Pepê Collaço","BOA NOTÍCIA PRA URUPEMA ❄️🏙️

Mesmo com a noitinha chegando, não deixamos de passar por Urupema para trazer notícia boa pra cidade! Ao lado da prefeita Cris e da presidente da Câmara, Jheny, anunciamos mais uma conquista importante para a população. 🙌

Em breve, a Praça Central vai receber um parque infantil pensado para esse complexo tão especial, que está ficando cada vez mais bonito e preparado para receber as famílias. 🛝💙

Fico muito grato pelo carinho, pela parceria e por poder contribuir com a educação e com melhorias que fazem a diferença na vida das pessoas. Esse é o nosso compromisso: estar presente nos municípios e ajudar a transformar boas ideias em realidade. 🤝

E já ficou o convite: voltar a Urupema, mais perto do frio, para inaugurar esse novo espaço junto com a comunidade! 🧥✨

Acompanhe, comente e compartilhe. 📲

#PepêCollaço #Urupema #SerraCatarinense #SantaCatarina #MandatoPresente",80,"03/10/2026 14:17",https://www.instagram.com/reel/DVt_YclDc1n/,"Reel do Instagram",,Total,14845,232,19,12,1,9764,6
18091080524173786,17841401827177081,assembleiasc,ALESC,"O deputado @pepecollaco (PP) é o convidado do podcast “Ordem do Dia”. Ele falou sobre o projeto de lei que propõe a inclusão da Educação Moral e Cívica no currículo da educação básica das redes pública e privada de SC. Confira!

#OrdemDoDia #EducaçãoMoraleCívica #Alesc",378,"03/11/2026 15:00",https://www.instagram.com/reel/DVwpjnvCVkE/,"Reel do Instagram",,Total,2703,47,4,2,0,,
18076342364419956,17841401444333135,pepecollaco,"Pepê Collaço","VÍNCULO TAMBÉM ENSINA 💙

Uma criança com autismo não precisa recomeçar todo ano.

Ela precisa de vínculo, confiança e segurança para aprender.

Por isso, nosso projeto aprovado na CCJ garante preferência para que o aluno com TEA continue sendo acompanhado pelo mesmo segundo professor do ano anterior.

Pode parecer um detalhe. Mas faz toda a diferença no desenvolvimento.

Agora o projeto segue para as próximas comissões. Seguimos trabalhando por mais inclusão e respeito. 💙

#AutismoÉPrioridade #AbrilAzul #Inclusão #TEA #PepêCollaço SantaCatarina",0,"03/12/2026 15:04",https://www.instagram.com/reel/DVzNyB_gEee/,"Reel do Instagram",,Total,24002,347,118,38,8,13451,67
17963427510026071,17841401444333135,pepecollaco,"Pepê Collaço","🚨OLHOS ABERTOS, VITÓRIA DO BRASIL 🇧🇷

O STF formou maioria para manter Daniel Vorcaro preso.

E fica a pergunta: ele seria solto se não houvesse pressão popular?

Quando o povo acompanha, cobra e não se cala, fica mais difícil tudo acontecer no silêncio.

Seguiremos atentos a cada passo de um dos maiores casos de corrupção do Brasil. 👀

Acompanhe, comente e compartilhe.

#SantaCatarina #Brasil #Politica #CombateACorrupcao #Justica Transparencia Fiscalizacao DeOlho PepeCollaco",0,"03/13/2026 10:00",https://www.instagram.com/p/DV1QlTGAD5a/,"Imagem do Instagram",,Total,5894,74,7,4,0,11994,0
18072122804199977,17841401444333135,pepecollaco,"Pepê Collaço","JUSTIÇA PARA O CASO ORELHA! 🚨

Votei SIM pela federalização do Caso Orelha.✅

Esse episódio chocou Santa Catarina e todo o Brasil. Um ato de violência cruel contra um animal indefeso, que mobilizou a sociedade e levantou um debate urgente: até quando crimes assim ficarão impunes?

A federalização é um passo importante para garantir uma investigação mais ampla, rigorosa e transparente, assegurando que todos os responsáveis sejam identificados e punidos.

Não se trata apenas de um caso isolado.
Trata-se de combater os maus-tratos, proteger os animais e dar uma resposta clara à sociedade de que a violência não pode ser tolerada.

Quem maltrata um animal comete um crime grave e precisa responder por isso.

Seguirei defendendo justiça, proteção aos animais e conscientização da população.

📢 Justiça precisa ser feita.

Acompanhe, comente e compartilhe para que essa causa siga ganhando força.

#Justiça #CasoOrelha #ContraMausTratos #ProteçãoAnimal #SantaCatarina Alesc PepêCollaço",0,"03/14/2026 05:24",https://www.instagram.com/p/DV3VpfeAM5g/,"Imagem do Instagram",,Total,8046,100,19,24,0,5287,1
18110509987759914,17841401444333135,pepecollaco,"Pepê Collaço","AUTISMO É PRIORIDADE 💙

Participei da inauguração da AMA em Rio Rufino, um espaço que nasce para acolher, apoiar e transformar a vida de muitas famílias.

A causa do autismo precisa de atenção, estrutura e políticas públicas de verdade. Cada iniciativa como essa fortalece a rede de apoio e mostra que estamos avançando no caminho da inclusão.

Seguimos firmes na defesa das pessoas com TEA, trabalhando por mais diagnóstico, atendimento especializado e apoio às famílias. Porque incluir é compromisso com a dignidade e com o futuro.

Parabéns a todos que lutaram para tornar esse sonho realidade! 👏

Acompanhe, compartilhe e siga fortalecendo essa causa conosco. 💙

#AutismoÉPrioridade #AbrilAzul #ConhecerParaIncluir #PepêPeloAutismo #Inclusão RioRufino SantaCatarina",89,"03/15/2026 11:25",https://www.instagram.com/reel/DV6jzptANP3/,"Reel do Instagram",,Total,9759,101,14,9,1,7215,0
18386796589156322,17841401444333135,pepecollaco,"Pepê Collaço","É UMA HONRA! 🤝

É uma honra receber o reconhecimento como o deputado que mais destinou recursos para a Amurel, mesmo que de brincadeira! 🤭

Mais do que um prêmio, isso representa algo muito importante: a palavra que demos lá na campanha sendo cumprida.

Desde o início do mandato, nosso objetivo sempre foi claro:
ajudar a desenvolver as cidades da nossa região e melhorar a vida das pessoas de forma concreta.

Cada recurso destinado significa mais obras, mais serviços e mais oportunidades para quem vive aqui.

Seguimos firmes, trabalhando por cada município e por todas as pessoas que fazem parte dessa região.

O reconhecimento é importante, mas o que realmente importa é continuar entregando resultado para a nossa gente.

Vamos em frente! 🚀

#Amurel #SulCatarinense #SantaCatarina #TrabalhoQueEntrega #PepêCollaço DeputadoEstadual DesenvolvimentoRegional MandatoPresente",8,"03/15/2026 16:50",https://www.instagram.com/reel/DV7Io-KjQU4/,"Reel do Instagram",,Total,22708,102,43,13,1,13652,0
17943740796137856,17841401444333135,pepecollaco,"Pepê Collaço","UNIDOS PELO RIO URUSSANGA 🌊

Quando falamos em redragagem do Rio Urussanga, falamos de prevenção, segurança e cuidado com a nossa região.

O assoreamento do rio aumenta o risco de enchentes e prejudica famílias, lavouras, estradas e toda a economia local. Por isso, defender a limpeza e a recuperação do rio é uma pauta urgente.

Seguimos unidos por essa causa, buscando soluções para proteger nossas cidades e garantir mais tranquilidade para quem vive e trabalha no Sul de Santa Catarina.

Cuidar dos rios é cuidar das pessoas. 🤝

#RioUrussanga #RedragagemJá #SulCatarinense #Infraestrutura #PrevençãoDeEnchentes SantaCatarina PepeCollaço",0,"03/16/2026 07:08",https://www.instagram.com/p/DV8rEJIjcGz/,"Imagem do Instagram",,Total,3110,45,2,2,0,1933,0
18079216631091028,17841476564631074,portaldonnadanoticia,"𝘋𝘰𝘯𝘯𝘢 𝘥𝘢 𝘕𝘰𝘵𝘪𝘤𝘪𝘢","O deputado estadual Pepê Collaço destacou, em entrevista à Jovem Pan Tubarão, que já destinou mais de R$ 60 milhões para municípios da Amurel nos três primeiros anos de mandato, sendo R$ 20 milhões apenas para Tubarão.",65,"03/16/2026 07:15",https://www.instagram.com/reel/DV8sQN7ElFm/,"Reel do Instagram",,Total,3232,71,2,7,0,,
17915584965318386,17841401444333135,pepecollaco,"Pepê Collaço","MENOS CUSTO, MAIS CUIDADO COM OS HOSPITAIS☀️🏥

Aprovamos na Alesc um projeto importante para os hospitais filantrópicos de Santa Catarina.

A proposta permite o uso de recursos do Fundo Social para a instalação de painéis solares nessas instituições, ajudando a reduzir a conta de energia e dando mais fôlego financeiro para quem salva vidas todos os dias.

É uma medida que une responsabilidade, economia e cuidado com as pessoas. Com menos despesas, os hospitais podem direcionar mais recursos para manter e qualificar o atendimento à população.

Seguimos trabalhando por soluções concretas para fortalecer a saúde em Santa Catarina. 🤝

#PepeCollaço #SantaCatarina #Alesc #HospitaisFilantrópicos #SaúdeSC",0,"03/18/2026 14:06",https://www.instagram.com/p/DWCkUfKgRkT/,"Imagem do Instagram",,Total,8840,145,33,18,2,5761,0
18056565071467436,17841401444333135,pepecollaco,"Pepê Collaço","MENOS DISCURSO, MAIS RESULTADO 🏥✅

A nova máquina de endoscopia já chegou em Jacinto Machado e eu fui conferir pessoalmente se está tudo pronto pra começar a atender a população.

É assim que a gente acredita na política:
buscar o recurso, acompanhar de perto e garantir que ele vire resultado de verdade na vida das pessoas.

Esse equipamento vai trazer mais agilidade nos exames e ampliar o atendimento pra quem precisa. Mais saúde, mais dignidade e mais eficiência! 👏

E essa conquista tem parceria! Trabalho sério junto com a vereadora Grazi e a vice-prefeita Noeli, sempre pensando no melhor pra nossa gente.

Nosso compromisso é claro:
menos discurso e mais resultado.

Acompanhe, compartilhe e siga nosso trabalho! 🤝

#SaúdePública #JacintoMachado #MaisSaúde #ResultadoDeVerdade #TrabalhoQueAparece PepêCollaço SantaCatarina",0,"03/19/2026 10:34",https://www.instagram.com/reel/DWExUaWgHZf/,"Reel do Instagram",,Total,7378,109,4,6,0,6215,0
18114721429730594,17841406141274821,felipedordete,"Felipe Dordete","Hoje compartilho uma grande conquista para nossa cidade de Forquilhinha! 🙌

Com muito trabalho, diálogo e compromisso com a população, conseguimos viabilizar novos recursos para a educação do nosso município. Esse investimento vai contribuir diretamente para melhorar a qualidade do ensino, oferecer mais estrutura às escolas e dar melhores condições para nossos alunos e professores.

Acredito que a educação é a base de tudo, e seguir lutando por ela é investir no futuro da nossa gente. 💙📚

Seguimos trabalhando com seriedade e responsabilidade para trazer mais avanços para Forquilhinha!

#forquilhinhas #educação #trabalhoquedáresultado #compromissocomagente",0,"03/20/2026 05:43",https://www.instagram.com/p/DWG0_pMEfVi/,"Carrossel do Instagram",,Total,10228,115,15,21,0,,
17995812554923670,17841401444333135,pepecollaco,"Pepê Collaço","A última vai te surpreender! 👀🍍

Comenta aqui a que você achou mais curiosa! 🤭",0,"03/20/2026 14:48",https://www.instagram.com/p/DWHzUh1gdmZ/,"Carrossel do Instagram",,Total,9231,192,21,22,5,4188,2
18099978394766972,17841401444333135,pepecollaco,"Pepê Collaço","ENERGIA SOLAR PARA QUEM SALVA VIDAS ☀️❤️

Reduzir custos e dar mais fôlego financeiro aos hospitais filantrópicos também é cuidar das pessoas.

Nosso projeto permite que recursos do Fundo Social sejam destinados à instalação de painéis solares nessas instituições. Menos conta de luz, mais recursos para manter serviços, estrutura e atendimento de qualidade.

Esse é o tipo de medida que gera economia, fortalece os hospitais e ajuda quem mais precisa.

#PepeCollaço #Alesc #SantaCatarina #HospitaisFilantrópicos #EnergiaSolar SaúdeSC FundoSocial TrabalhoQueDáResultado PolíticaSC CuidarDasPessoas",0,"03/22/2026 11:27",https://www.instagram.com/reel/DWMlY0GgGV-/,"Reel do Instagram",,Total,5885,78,20,8,1,12880,0
18084682163585820,17841401444333135,pepecollaco,"Pepê Collaço","REDRAGAGEM É PRIORIDADE

Essa é uma luta antiga.
E eu sempre estive do mesmo lado: o lado das pessoas.

Muito antes defendíamos a redragagem dos rios Tubarão e Urussanga e a atualização desses projetos.

Porque quem vive nessas regiões sabe o que é passar por isso…
a cada chuva forte, volta o medo. 😔

É água entrando em casa.
É família perdendo o que construiu a vida inteira.

Não dá mais pra aceitar que isso se repita.

A redragagem é uma ação essencial.
É prevenção, é segurança e é respeito com quem mais sofre.

Seguimos cobrando, atualizando os projetos e buscando solução de verdade.
Porque cuidar das pessoas também é antecipar problemas. 🙏

Acompanhe, comente e compartilhe.
#Infraestrutura #Prevenção #RioTubarão #RioUrussanga #SantaCatarina PepêCollaço",0,"03/24/2026 14:10",https://www.instagram.com/reel/DWSB0lWAfTj/,"Reel do Instagram",,Total,11399,85,6,3,0,9536,3
18116830186649172,17841401444333135,pepecollaco,"Pepê Collaço","ORGULHO PROGRESSISTA! 💙",0,"03/25/2026 18:36",https://www.instagram.com/p/DWVFbCkjZde/,"Carrossel do Instagram",,Total,11995,187,10,15,0,4891,5
17872569948578753,17841401444333135,pepecollaco,"Pepê Collaço","#TBT QUE VIRA COMPROMISSO 🐾

Hoje é dia de lembrar… mas também de reforçar aquilo que a gente acredita.

Esse #TBT é da ação de castração animal que acompanhamos em Lages 🐶🐱Um trabalho sério, que ajuda a controlar a população, evita abandono e garante mais dignidade aos nossos animais. 

E em tempos em que vemos tantos casos de maus-tratos, é importante lembrar: a gente não se cala.

✔️ Incentivamos políticas públicas de castração
✔️ Destinamos recursos para diversos municípios
✔️ Defendemos a investigação e punição de crimes contra os animais

Seguimos firmes, porque cuidar dos animais também é cuidar da nossa sociedade.

Vamos juntos nessa causa 🤝🐾Comente, compartilhe e acompanhe nosso trabalho.

#TBT #ProteçãoAnimal #CastraçãoResponsável SantaCatarina BemEstarAnimal ChegaDeMausTratos PolíticaQueF",50,"03/26/2026 16:20",https://www.instagram.com/reel/DWXZ9N9DTsn/,"Reel do Instagram",,Total,4393,106,15,7,3,3235,2
18176512939382317,17841401444333135,pepecollaco,"Pepê Collaço","ENERGIA SOLAR PARA FORTALECER QUEM SALVA VIDAS ☀️❤️

A conta de luz pesa no orçamento dos hospitais filantrópicos e afeta diretamente a saúde financeira dessas instituições.

Nosso projeto aprovado na Alesc cria uma alternativa concreta: permitir que recursos do Fundo Social sejam destinados à instalação de painéis solares.

Com menos gasto com energia, os hospitais podem ganhar mais equilíbrio financeiro e mais capacidade para seguir atendendo com qualidade.

É assim que a boa política funciona: com soluções práticas, economia e cuidado com as pessoas.

Acompanhe o carrossel e entenda essa proposta. ➡️

#PepeCollaço #Alesc #SantaCatarina #EnergiaSolar #HospitaisFilantrópicos SaúdeSC FundoSocial TrabalhoQueDáResultado PolíticaComPropósito",0,"03/27/2026 08:34",https://www.instagram.com/p/DWZKHHEgFri/,"Carrossel do Instagram",,Total,11678,43,19,7,0,7802,3
18075091364539833,17841401444333135,pepecollaco,"Pepê Collaço","O pau que rola nas redes é que vale a pena ter deputado na região… será? 🤔

Quando a conversa sai da internet e vai pra vida real, a resposta aparece no trabalho feito, na cobrança e no resultado.

São mais de 60 ruas com ação, articulação e encaminhamento por quem conhece de perto a realidade de Tubarão. 🛣️📍

Porque mandato de verdade não vive só de discurso.
Vive de presença, compromisso e entrega.
Acompanhe e compartilhe. 📲

#PepêCollaço #SantaCatarina #SulDeSC #MandatoPresente",96,"03/29/2026 11:23",https://www.instagram.com/reel/DWemlKZkQn7/,"Reel do Instagram",,Total,171506,1441,478,137,25,102431,128
18094544249017782,17841401444333135,pepecollaco,"Pepê Collaço","INVESTIMENTO QUE TRANSFORMA 🧩

No mês do Abril Azul, reforçamos uma pauta que precisa ser permanente: o cuidado, a inclusão e o investimento em políticas públicas para as pessoas com autismo.

Temos destinado emendas para projetos em várias regiões de Santa Catarina. E o projeto de natação para crianças carentes com autismo, desenvolvido pelo @liratenisclube , é um deles.

É muito bonito acompanhar de perto o retorno desse trabalho. Ver o desenvolvimento das crianças, a evolução em cada etapa e o impacto positivo na vida das famílias mostra que investir em inclusão é investir em futuro, dignidade e qualidade de vida.

Seguimos firmes, apoiando iniciativas que fazem a diferença na prática e ajudam a construir um estado mais humano e mais inclusivo. 💙

Acompanhe e compartilhe.

#AbrilAzul #AutismoÉPrioridade #ConhecerParaIncluir #PepêPeloAutismo #TEA",102,"04/01/2026 06:28",https://www.instagram.com/reel/DWlyjIAgJDv/,"Reel do Instagram",,Total,34801,515,37,29,5,20536,7
18197882929342048,17841411983817586,lzindaial87,"Luiz Alberto Tonet","Hoje é  dia 02 de abril,  dia enfatizar avanços e lutas ainda temos ter sobre autismo,  mitos e verdades, @pepecollaco vem anos fazendo eximo trabalho, como outros parlamentares da @assembleiasc que  reconhece necessidade de um olhar mais afetivo 

Aqui reconhece Indaial,  temos  @maesatipicasdeindaial sem muita visibilidade,  mas muita garra, parabéns!",68,"04/02/2026 02:55",https://www.instagram.com/reel/DWn_f1ajtCb/,"Reel do Instagram",,Total,1991,64,6,1,0,,
18103987951915347,17841401444333135,pepecollaco,"Pepê Collaço","RECONHECIMENTO QUE NOS MOVE 💙

Recebi com muita gratidão uma moção de aplausos da Câmara de Vereadores de Tubarão pelos projetos voltados ao autismo, entregue pelo vereador Maurício.

Esse reconhecimento é, acima de tudo, um sinal de que estamos no caminho certo: trabalhando por políticas públicas que realmente fazem a diferença na vida das pessoas.

As ações e leis voltadas ao autismo têm sido uma das nossas prioridades porque incluir é mais do que um dever, é um compromisso com o futuro.

Meu muito obrigado a todos os vereadores pela homenagem e pela parceria nessa causa tão importante.

Seguimos firmes! 💙

#AutismoÉPrioridade #AbrilAzul #Inclusão #PolíticasPúblicas #SantaCatarina TubarãoSC PepêCollaço",0,"04/03/2026 14:21",https://www.instagram.com/p/DWrzXfMAS8D/,"Carrossel do Instagram",,Total,6330,128,10,7,0,2976,0
18179185780386402,17841401444333135,pepecollaco,"Pepê Collaço","RECONHECIMENTO QUE NOS MOTIVA 🙏✨

Receber essa homenagem da STAN (Associação Tubaronense de Apoio às Famílias) é mais do que uma honra… é a certeza de que estamos no caminho certo.

Cada ação, cada projeto e cada luta têm um propósito: cuidar das pessoas, fortalecer as famílias e construir uma sociedade mais inclusiva.

Seguimos firmes, com ainda mais responsabilidade e compromisso! 🤝

Vamos juntos fazer a diferença! 💙

#Gratidão #TrabalhoQueTransforma #Inclusão #Família #SantaCatarina PepêCollaço",0,"04/06/2026 08:39",https://www.instagram.com/p/DWy6VG0APMa/,"Imagem do Instagram",,Total,4992,129,15,20,1,3304,3
17953011665962132,17841403377296401,radiocidadetb,"Rádio Cidade Tubarão","O deputado @pepecollaco destacou o mês de conscientização do autismo e o trabalho da Frente Parlamentar na discussão de políticas públicas para o tema. Ele enfatizou a importância do diagnóstico precoce, do apoio às famílias e da ampliação de profissionais especializados nas áreas de saúde, educação e assistência social.

Também apresentou um projeto que propõe a continuidade do professor auxiliar para alunos autistas ao longo da vida escolar, evitando a quebra de vínculo. Além disso, citou iniciativas como salas sensoriais nas escolas e terapias assistidas com animais como formas de apoio ao desenvolvimento e bem-estar dessas crianças.

#autismo #tea #jornalismo #politica #lei",51,"04/06/2026 09:24",https://www.instagram.com/reel/DWy_mNHgfh3/,"Reel do Instagram",,Total,2708,71,7,8,0,,
18405435850181700,17841401444333135,pepecollaco,"Pepê Collaço","AUTISMO É PRIORIDADE 💙

Abril é o mês de conscientização, mas o nosso compromisso é o ano inteiro.

Aqui na Alesc, estamos trabalhando com projetos que fazem a diferença na vida das pessoas com TEA e suas famílias 👇

📚 Inclusão nas escolas com o PIA, garantindo aprendizado mais justo
🎬 Cine Azul, já aprovado, promovendo lazer adaptado
👨‍🏫 Continuidade do Professor 2, trazendo mais segurança e vínculo para os alunos

Mais do que falar, é agir.
Política pública de verdade é aquela que transforma vidas.

Seguimos firmes por mais inclusão, respeito e oportunidades 💙

👉 Acompanhe, comente e compartilhe para fortalecer essa causa!

#AbrilAzul #AutismoÉPrioridade #ConhecerParaIncluir #Inclusão #TEA SantaCatarina Alesc PepêPeloAutism",0,"04/08/2026 10:12",https://www.instagram.com/p/DW4OzcjAOBh/,"Carrossel do Instagram",,Total,6181,58,31,14,0,6670,1
18087554342214810,17841406794096441,gazetamais,Gazeta+,"Deputado Estadual Pepê Collaço cumpre agenda no Vale Norte e visita usina de concreto em Witmarsum

Na oportunidade, o parlamentar também firmou importantes parcerias para o desenvolvimento do município.",229,"04/09/2026 15:22",https://www.instagram.com/reel/DW7WQxiDGLm/,"Reel do Instagram",,Total,3541,92,6,8,0,,
18088439765520125,17841401444333135,pepecollaco,"Pepê Collaço","MAIS PAVIMENTAÇÃO, MAIS QUALIDADE DE VIDA 🛣️

Uma máquina que vai acelerar obras, reduzir custos e levar mais infraestrutura pra quem vive aqui.

Isso é investimento que vira resultado de verdade na ponta.

Seguimos trabalhando, junto com o prefeito @prefeitopauli_vicesergio para melhorar a vida das pessoas e desenvolver nossa região 🤝

Acompanhe, compartilhe e siga nosso trabalho!

#InfraestruturaSC #Witmarsum #AltoVale #TrabalhoQueDáResultado #SantaCatarina PepeCollaço",42,"04/10/2026 08:23",https://www.instagram.com/reel/DW9LIjfgFbP/,"Reel do Instagram",,Total,6961,146,38,12,3,20243,3
18117306994636956,17841401444333135,pepecollaco,"Pepê Collaço","AUTISMO E O PAPEL DO PAI 🧩

A ciência começa a mostrar que o cuidado vai além da gestação.

A saúde do pai antes da concepção também pode influenciar o desenvolvimento da criança.

Não é sobre culpa. É sobre consciência. 💙

👉 Compartilhe e leve informação.

#AbrilAzul #AutismoÉPrioridade #ConhecerParaIncluir #PepêPeloAutismo",0,"04/11/2026 13:59",https://www.instagram.com/p/DXAXQawkeNH/,"Carrossel do Instagram",,Total,18187,96,68,8,9,8381,17
17933329614215534,17841401444333135,pepecollaco,"Pepê Collaço","AUTISMO 🧩",111,"04/13/2026 12:47",https://www.instagram.com/reel/DXFXtFciYUT/,"Reel do Instagram",,Total,16172,91,39,11,3,9401,6
18570686446056302,17841401444333135,pepecollaco,"Pepê Collaço","NÃO É SÓ TECNOLOGIA ⚠️

Parece inovação. 
Parece só evolução. 

Mas por trás, tem algo maior: coleta de dados em escala real.

Do jogo ao carro conectado… 
quem entende isso, sai na frente. 

Tecnologia, sim. 
Mas com consciência e estratégia. 

👉 E você, já tinha pensado nisso? Comente e compartilhe.

#Inovação #Tecnologia #Dados #InteligênciaArtificial #Futuro SantaCatarina PepêCollaço",0,"04/14/2026 11:00",https://www.instagram.com/p/DXHxENNkagh/,"Carrossel do Instagram",,Total,3402,33,12,0,0,1815,0
18168561904411390,17841401444333135,pepecollaco,"Pepê Collaço","AUTISMO É PRIORIDADE 💙

Todo pai e toda mãe de uma criança com autismo já se fez essa pergunta:

Será que meu filho vai ser bem tratado na escola?
Vai ter acompanhamento de verdade?

Essas inseguranças são reais — e precisam acabar.

Por isso, estamos trabalhando em projetos que garantem mais inclusão, como a criação de protocolos nas escolas, com atividades adaptadas e mais estabilidade no aprendizado. 📚

Também avançamos com iniciativas como o Cine Azul, garantindo lazer com acolhimento para crianças com TEA e suas famílias. 🎬

Porque no fim, não é só sobre política.
É sobre dar segurança, dignidade e respeito para quem mais precisa.

Acompanhe, compartilhe e participe dessa causa. 👇

#AutismoÉPrioridade #AbrilAzul #Inclusão #EducaçãoInclusiva #TEA SantaCatarina PepeCollaco",54,"04/15/2026 13:20",https://www.instagram.com/reel/DXKkyJECden/,"Reel do Instagram",,Total,10062,169,33,17,2,6702,18
18089561423242692,17841468196131313,teatapera,"PROJETO TEA TAPERA","Hoje recebemos a visita do vereador de Florianópolis @mama_floripa , dos deputados estaduais @pepecollaco e o presidente da Assembleia Legislativa @juliogarciasc 
Vocês serão sempre bem vindos no nosso projeto! 
Foi um momento muito importante para apresentar de perto o trabalho que vem sendo desenvolvido, compartilhar nossas lutas, conquistas e, principalmente, reforçar a importância de iniciativas que transformam vidas todos os dias.

✨🧩",0,"04/15/2026 17:01",https://www.instagram.com/p/DXK-vcQD-8a/,"Imagem do Instagram",,Total,10816,220,16,30,0,,
17862235158620270,17841407156512145,folharegionalwebtv,"Folha Regional","A equoterapia tem se mostrado extremamente benéfica quando usada como intervenção complementar para as pessoas com transtorno do espectro autista. Os cavalos são capazes de ajudar de verdade a promover o desenvolvimento físico, emocional e social.

Os projetos desenvolvidos com este tipo de terapia na região de Tubarão têm alcançado resultados de sucesso.  Alguns deles ocorrem no Centro de Terapia Integrada e Intensiva Ecosonhos, com sede em Laguna e unidades em Santa Rosa do Sul, Jacinto Machado, Pedras Grandes, Orleans e Lauro Müller.

Mais de 200 praticantes com TEA de várias cidades e de todas as idades participam. Mãe do pequeno Miguel Fortunato Domingos, de 7 anos, a pescadora Cintia da Silva Fortunato Domingos confirma a evolução do filho após o início das sessões de equoterapia.

Miguel foi diagnosticado com TEA aos 2 anos e 4 meses e, desde então, Cintia faz de tudo o que é possível para que ele tenha melhor qualidade de vida. “Depois que o Miguel começou a ter contato com os cavalos, passou a interagir mais, demonstrar o que sente. Se soltou e fez novos amiguinhos”, relata a mãe.

📲 LEIA A MATÉRIA COMPLETA EM FOLHAREGIONALWEBTV.COM. Link na bio.",0,"04/16/2026 08:18",https://www.instagram.com/reel/DXMm4aaDinh/,"Reel do Instagram",,Total,6991,98,13,1,0,,
18113246866764507,17841401444333135,pepecollaco,"Pepê Collaço","RESULTADO QUE APARECE 👷‍♂️

Aqui não é promessa.
É investimento que sai do papel e vira realidade. ✅

Em Ituporanga, já são mais de R$ 3 milhões em pavimentação, além de investimentos na educação e novas obras chegando.

💰 Mais ruas
📚 Mais estrutura
📈 Mais desenvolvimento

E essa rua coberta é mais um passo pra fortalecer o turismo e valorizar ainda mais a terra da cebola, orgulho de Santa Catarina! 🧅

Seguimos trabalhando, junto com o prefeito, pra fazer acontecer de verdade. 🤝

👉 Acompanhe e compartilhe.

#Ituporanga #SantaCatarina #Infraestrutura #Investimento #Desenvolvimento TurismoSC TerraDaCebola TrabalhoQueAparece PepeCollaço",40,"04/17/2026 12:12",https://www.instagram.com/reel/DXPmqjdkRsv/,"Reel do Instagram",,Total,22283,227,15,15,6,24417,6
18092004025920056,17841401444333135,pepecollaco,"Pepê Collaço","NÃO FOI SORTE. FOI TRABALHO 💪

Falar que Santa Catarina “ganhou tudo” é ignorar a realidade.
Aqui teve fome, isolamento, promessa não cumprida… e muito trabalho.

Nada veio fácil. Você concorda?",147,"04/17/2026 15:07",https://www.instagram.com/reel/DXP619fAG0C/,"Reel do Instagram",,Total,49277,1082,58,59,10,43610,12
18096879533276749,17841401444333135,pepecollaco,"Pepê Collaço","Um jogo de tênis com o mestre @esperidiaoamin! 🎾",0,"04/18/2026 16:39",https://www.instagram.com/reel/DXSpzuzDbPb/,"Reel do Instagram",,Total,13412,285,45,35,0,22060,3
17936072847211722,17841401444333135,pepecollaco,"Pepê Collaço","DESENVOLVIMENTO QUE CHEGA NA PONTA 🚧

Mais uma conquista para Orleans! 🙌
Com recurso destinado pelo nosso mandato, o asfalto já está fazendo a diferença no dia a dia da comunidade.

Menos poeira, mais qualidade de vida.
Mais acessibilidade, mais dignidade para quem vive aqui.

Seguimos firmes como parceiros de Orleans e de todo o Sul, trabalhando por uma região mais desenvolvida, conectada e com oportunidades para todos. 🤝

Esse é o nosso compromisso: transformar investimento em resultado real na vida das pessoas.

Acompanhe, compartilhe e siga para ver mais ações como essa! 🚀

#Orleans #SulCatarinense #Infraestrutura #DesenvolvimentoRegional #TrabalhoQueDáResultado SantaCatarina PepêCollaço",0,"04/19/2026 13:43",https://www.instagram.com/reel/DXU6Z_DAQ_z/,"Reel do Instagram",,Total,23609,244,16,10,1,16434,15
18122907250620732,17841401444333135,pepecollaco,"Pepê Collaço","TRADIÇÃO QUE SEGUE VIVA 🤠

Não é só um galpão.

É história.
É identidade.
É a cultura gaúcha sendo passada de geração em geração.

Aqui em Braço do Norte, o CTG é ponto de encontro, é raiz, é orgulho da nossa gente.

E é por isso que a gente investe.
Porque estrutura faz a diferença.
É ela que mantém viva aquilo que não pode se perder.

Seguimos trabalhando por quem preserva a nossa cultura todos os dias.

👉 Conte comigo.

#BraçoDoNorte #CulturaGaúcha #Tradição #CTG #SantaCatarina InvestimentoPúblico MandatoPresente PepeCollaço",0,"04/20/2026 13:44",https://www.instagram.com/reel/DXXfaTDgYUU/,"Reel do Instagram",,Total,44203,603,246,10,9,29164,24
18006979136715125,17841401444333135,pepecollaco,"Pepê Collaço","AUTISMO NÃO É TUDO IGUAL 🧩💙

Você sabia que existem níveis de autismo?
E que eles indicam o quanto de apoio cada pessoa precisa no dia a dia?

Entender isso muda tudo.

📌 Não é sobre rótulos.
É sobre garantir o suporte certo, na medida certa.

Quando a gente ignora essas diferenças, dois erros acontecem:
➡️ cobrar além do que a pessoa consegue
➡️ ou não oferecer o apoio necessário

E inclusão de verdade só acontece com informação, estrutura e respeito.

Na escola.
Na saúde.
Na sociedade.

💙 Conhecer é o primeiro passo para incluir.

Compartilhe esse conteúdo e ajude mais pessoas a entenderem!

#AutismoÉPrioridade #AbrilAzul #ConhecerParaIncluir #Inclusão #TEA SantaCatarina PepêPeloAutismo PolíticasPúblicas RespeitoAoAutist

::",0,"04/22/2026 14:03",https://www.instagram.com/p/DXcscZTALQ3/,"Carrossel do Instagram",,Total,4454,42,25,6,0,2946,1
18101691781783751,17841401444333135,pepecollaco,"Pepê Collaço","INVESTIMENTO QUE CHEGA NA PONTA 🚜

Hoje estive em Presidente Nereu fazendo a entrega de um veículo que já está fazendo a diferença no dia a dia de quem trabalha no campo 🙌

E é isso que importa: esse carro sendo usado pra agricultura, sao recursos bem aplicados, chegando onde precisa e ajudando a fortalecer a nossa agricultura 🌱

Esse pedido veio do vereador, passou pelo nosso gabinete e virou resultado de verdade pra comunidade 🤝

Seguimos trabalhando por mais investimentos, mais apoio aos municípios e mais desenvolvimento para Santa Catarina!

Acompanhe, compartilhe e siga para ficar por dentro 👍

#SantaCatarina #AgriculturaForte #DesenvolvimentoRegional #PepeCollaço #TrabalhoQueDáResultado InteriorForte SC",58,"04/23/2026 15:18",https://www.instagram.com/reel/DXfY_UJADqI/,"Reel do Instagram",,Total,6133,87,15,8,1,16273,1
17858620893596965,17841400889620437,angelaghislandi,"Ângela Ghislandi",,0,"04/25/2026 08:26",https://www.instagram.com/reel/DXjzVg-ABXu/,"Reel do Instagram",,Total,27567,1007,41,61,0,,
18065478617342975,17841401444333135,pepecollaco,"Pepê Collaço","AUTISMO E IPVA: UM DIREITO QUE MUITA GENTE AINDA NÃO SABE 🚗💙

Muita gente acredita que existe uma lei específica só para autismo garantindo a isenção do IPVA… mas não é bem assim 👇

Em Santa Catarina, a base desse direito vem de legislações mais antigas, como a Lei nº 7.543/1988, que já previa a isenção para pessoas com deficiência.

Com o avanço da sociedade e do entendimento jurídico, o autismo passou a ser reconhecido como deficiência para fins legais — e é por isso que hoje pessoas com TEA têm esse direito garantido ✅

📌 Na prática, o que você precisa saber:

✔️ O veículo deve ser utilizado pela pessoa com autismo
✔️ Pode estar no nome dela ou do responsável legal
✔️ Não precisa ser conduzido pela própria pessoa
✔️ É obrigatório apresentar laudo médico comprovando o TEA

⚠️ Um ponto muito importante:
👉 O que define se há direito à isenção não é o nível do autismo, e sim se há incapacidade de dirigir, comprovada por laudo médico.

Esse é um direito que faz diferença real na vida das famílias 💙

E muita gente ainda não sabe disso…

📲 Compartilhe essa informação e ajude mais pessoas a conhecerem seus direitos!

#AutismoÉPrioridade #DireitosPcD #Inclusão #SantaCatarina #IPVA TEA ConhecerParaIncluir PepêPeloAut",11,"04/27/2026 13:37",https://www.instagram.com/reel/DXpg2Nqgewx/,"Reel do Instagram",,Total,24434,158,75,22,6,18211,3
18393800704152928,17841401444333135,pepecollaco,"Pepê Collaço","IMPOSTO QUE FICA NA CIDADE 💰

Você sabia que pode destinar parte do seu imposto de renda para ajudar projetos sociais aqui mesmo em Tubarão?

Essa é uma forma simples de fazer a diferença, fortalecendo iniciativas que cuidam das nossas crianças e adolescentes, através do Fundo da Infância e Adolescência.

Eu já fiz a minha parte e você também pode fazer a sua. Vamos manter esse recurso aqui, ajudando quem mais precisa na nossa cidade 🙌

Contem comigo nessa causa!

➡️ Compartilhe e incentive mais pessoas a participarem!

#Tubarão #ImpostoDeRenda #FIA #Cidadania #SantaCatarina",30,"04/29/2026 10:17",https://www.instagram.com/reel/DXuTuKagIZM/,"Reel do Instagram",,Total,16094,211,26,14,3,11493,5
18000978434934061,17841401444333135,pepecollaco,"Pepê Collaço","INVESTIMENTO QUE TRANSFORMA 🌟

Uma obra que vai mudar a cara de Ituporanga!

Mais estrutura, mais movimento e mais turismo para a cidade valorizando ainda mais a nossa gente e a nossa economia. 💼🚀

A terra da cebola, orgulho de Santa Catarina, segue avançando com trabalho sério e parcerias que geram resultado. 🧅👏

Seguimos juntos, construindo oportunidades e desenvolvimento para toda a região!

👉 Acompanhe, compartilhe e faça parte dessa transformação.

#Ituporanga #SantaCatarina #Desenvolvimento #Infraestrutura #TurismoSC TrabalhoQueDáResultado PepêCollaço",32,"04/30/2026 13:43",https://www.instagram.com/reel/DXxPuwKhZLj/,"Reel do Instagram",,Total,50044,1206,967,27,44,36883,44
17905513992413205,17841401444333135,pepecollaco,"Pepê Collaço","MAIS INVESTIMENTO NO CAMPO 🚜

Seguimos trabalhando e entregando resultado!

Dessa vez, garantimos mais um caminhão zero km e dois tratores para fortalecer a agricultura de Braço do Norte. 💪🌱

É investimento direto no produtor, mais estrutura para quem trabalha e mais desenvolvimento para o nosso interior.

Nosso compromisso é esse: estar presente e fazer acontecer!

Conta sempre com o nosso trabalho 🤝

#AgriculturaForte #DesenvolvimentoRegional #BraçoDoNorte #SantaCatarina #Infraestrutura TrabalhoQueEntrega",49,"05/02/2026 13:54",https://www.instagram.com/reel/DX2bA8eBzyP/,"Reel do Instagram",,Total,23640,218,17,12,1,17584,6
18110499196678145,17841401444333135,pepecollaco,"Pepê Collaço","ENERGIA QUE MOVE SANTA CATARINA ⚡

Hoje foi dia de reconhecer uma história que faz parte do desenvolvimento do nosso estado.

A Assembleia Legislativa prestou uma homenagem ao Complexo Termelétrico Jorge Lacerda o maior da América Latina e a todos que fazem parte dessa engrenagem essencial para Santa Catarina e para o Brasil.

Mais do que geração de energia, estamos falando de segurança energética, de estabilidade para a nossa economia e de milhares de famílias que dependem dessa cadeia produtiva.

O carvão aqui no Sul é trabalho, é renda e é desenvolvimento regional.

Valorizar essa história é valorizar quem constrói o presente e garante o futuro do nosso estado.

👉 Acompanhe e compartilhe.

#SantaCatarina #Energia #DesenvolvimentoRegional #Infraestrutura #EconomiaSC JorgeLacerda EnergiaQueMove SulDeSC Alesc PepêCollaço",81,"05/04/2026 16:22",https://www.instagram.com/reel/DX71SHmtdk6/,"Reel do Instagram",,Total,9278,162,12,22,1,12823,3
18098654588322981,17841401444333135,pepecollaco,"Pepê Collaço","Estamos escalados pra esse ano! 🇧🇷

🛡️Saíram as figurinhas do time que trabalha por Santa Catarina! E eu tô pronto, preparado e querendo marcar muitos gols pelo nosso estado e pela nossa gente. Vamo pra cima!

#PepêCollaço #SantaCatarina #TrabalhoDeVerdade #VamoPraCima",0,"05/05/2026 13:10",https://www.instagram.com/p/DX-EPz4mQ3_/,"Imagem do Instagram",,Total,6936,190,24,21,1,4275,0
18124359430552514,17841428532012157,amaiteaitaiopolis,AMAI,"🧩 AMAI EM AÇÃO: DIÁLOGO E RECONHECIMENTO EM PROL DO AUTISMO 🧩
 
Hoje, a AMAI – Associação Mais Amor Itaiópolis esteve presente em encontro com o Deputado Estadual @pepecollaco , representada pela nossa presidente @taniawerka e por duas mães @danidbk @simone.pscheidt que fazem parte da nossa diretoria, no qual representamos todas as famílias TEA de Itaiópolis.
 
Na ocasião, entregamos ao parlamentar o nosso ofício, onde apresentamos a nossa associação, expusemos a realidade que vivem as pessoas com autismo e suas famílias em nosso município — como a falta de estrutura específica, a limitação no atendimento e a escassez de terapias — e solicitamos o seu apoio e parceria para fortalecer políticas públicas e transformar essa realidade.
 
Gostaríamos também de mencionar o Deputado Estadual  @fernando.krelling com quem tivemos contato recentemente e que já demonstrou seu apoio de forma muito especial: desejando sucesso para a AMAI, colocando seu gabinete a disposição e também ele protocolou na Assembleia Legislativa uma Moção de  Aplausos em nome de nossa presidente @taniawerka como a primeira presidente oficial da AMAI,  reconhecendo seu trabalho e dedicação em prol da causa e no trabalho que estamos construindo com tanto carinho e dedicação. Esse gesto nos emociona muito e mostra o quanto a nossa causa é importante para todos.
 
É fundamental lembrar: a nossa luta é pela causa do autismo, acima de qualquer sigla partidária. Estamos abertos ao diálogo e contamos com o apoio de todos os representantes que queiram trabalhar por uma Itaiópolis mais inclusiva, digna e acolhedora para todos.
 
O autismo não tem partido, tem gente, tem história, tem direitos! 💙
 
#AMAIItaiópolis #AutismoÉDireito #InclusãoEmPrimeiroLugar #ItaiópolisPorTodos",0,"05/07/2026 16:16",https://www.instagram.com/p/DYDjmk4DV-R/,"Carrossel do Instagram",,Total,2965,78,0,7,0,,
18102261668113906,17841401444333135,pepecollaco,"Pepê Collaço","ITAIÓPOLIS E SUAS RAÍZES 🇵🇱❤️

Hoje tivemos a alegria de visitar a tradicional Casa Poloski, em Itaiópolis, ao lado dos vereadores e lideranças da cidade. Um espaço que preserva a história, a cultura e as tradições do povo polonês que ajudou a construir a identidade da nossa região. ✨

Mais do que um museu, a Casa Poloski é um verdadeiro patrimônio cultural de Santa Catarina. Um lugar que nos faz valorizar ainda mais as nossas origens, a força das famílias e o legado deixado pelas gerações que vieram antes de nós. 👏

Também é motivo de orgulho poder contribuir com o desenvolvimento de Itaiópolis através das emendas e recursos que destinamos para o município. Nosso compromisso é seguir trabalhando para fortalecer a cidade, apoiar as demandas da população e valorizar quem faz a diferença no dia a dia da comunidade. 🤝

Fica aqui o nosso agradecimento pela recepção tão acolhedora e as boas-vindas à querida Itaiópolis, uma cidade rica em cultura, história e pessoas incríveis. 🚀

Seguimos juntos, valorizando a cultura, preservando a história e investindo no futuro da nossa gente! ❤️

#Itaiópolis #SantaCatarina #CulturaPolonesa #CasaPoloski #PepêCollaço Tradição",50,"05/08/2026 14:10",https://www.instagram.com/reel/DYF5ONIMPKD/,"Reel do Instagram",,Total,6840,89,7,8,1,18354,2
17888076150485997,17841401444333135,pepecollaco,"Pepê Collaço","AQUI É O BRASIL QUE QUEREMOS! 🇧🇷

#flaviobolsonaro #brasil #santacatarina #bolsonaro",0,"05/08/2026 18:25",https://www.instagram.com/p/DYGWgb8jdi7/,"Imagem do Instagram",,Total,22218,770,57,33,5,13238,31
18085067798526167,17841401444333135,pepecollaco,"Pepê Collaço","Hoje é dia de homenagear quem é o alicerce da minha família. ❤️

@brubrunelcollaco você é uma mãe maravilhosa, dedicada e cheia de amor, que faz a diferença todos os dias com seu cuidado e carinho com nossas meninas.🌷

Por ela, desejo um Feliz Dia das Mães a todas as mães que transformam o mundo através do amor.

Que nunca faltem reconhecimento, carinho e amor para vocês. 💐",0,"05/10/2026 06:07",https://www.instagram.com/p/DYKMSKsgIiP/,"Carrossel do Instagram",,Total,7870,218,2,8,3,3532,0
17885194002550245,17841401444333135,pepecollaco,"Pepê Collaço","TUBARÃO MERECE MAIS! 

Tenho muito orgulho de representar essa cidade que cresce, se desenvolve e segue sendo referência para toda a nossa região. 🚀

E comemorar o aniversário de Tubarão também é reafirmar o nosso compromisso com o futuro da cidade. Já são mais de R$ 20 milhões destinados para investimentos, obras, saúde, infraestrutura e desenvolvimento. 💰🏗️

E podem ter certeza: isso é só parte do presente que a Cidade Azul merece. Seguiremos trabalhando, buscando recursos e lutando por mais conquistas para Tubarão e para toda a nossa gente. 🤝

#Tubarão #CidadeAzul #ParabénsTubarão #SantaCatarina #PepêCollaço TrabalhoQueDáResultado Desenvolvimento SulDeSC",15,"05/12/2026 04:17",https://www.instagram.com/reel/DYPI4gPAXfs/,"Reel do Instagram",,Total,14826,149,19,18,2,14778,0
17894296074459796,17841405600273213,mama_floripa,Mamá,"Hoje apresento a vocês meus pré-candidatos a deputado estadual e federal, pelas causas e bandeiras pelas quais vamos lutar juntos.

Tmj e Bora trabalhar 👊🏻",118,"05/12/2026 14:08",https://www.instagram.com/reel/DYQLzD8PC0B/,"Reel do Instagram",,Total,21737,603,145,137,0,,
17883686862559785,17841405588025845,eduardoguollo,"Eduardo Sartor Guollo","Mais um compromisso assumido com a nossa gente saindo do papel! 🚜🛣️

Assinamos hoje a Ordem de Serviço para a pavimentação da Rodovia Tranquilo Sartor – Trecho 2, em Linha Torrens. Serão mais de 4,4 quilômetros de pavimentação, garantindo mais segurança, mobilidade e desenvolvimento para a comunidade e para todo o município.

Essa importante conquista faz parte do maior pacote de investimentos da história de Morro da Fumaça.

Nosso agradecimento ao governador Jorginho Mello e aos deputados estaduais Pepê Collaço e José Milton Scheffer pela parceria e pelo apoio a mais este investimento para a cidade.",101,"05/15/2026 03:00",https://www.instagram.com/reel/DYWu16rpSTY/,"Reel do Instagram",,Total,25389,694,84,51,0,,
18067300955362165,17841401444333135,pepecollaco,"Pepê Collaço","🏗️ MORRO DA FUMAÇA AVANÇANDO

O que hoje é projeto, amanhã será realidade. 🚧✨

A nova rua coberta vai transformar esse espaço em um ponto de encontro para as famílias, eventos e desenvolvimento da cidade. 🙌

E obra importante acontece com parceria, trabalho e investimento. 🤝

Seguimos apoiando os municípios e buscando recursos para tirar projetos do papel e melhorar a vida das pessoas.

Morro da Fumaça merece crescer cada vez mais! 🚀

#MorroDaFumaça #Infraestrutura #Desenvolvimento #PepêCollaço",42,"05/15/2026 14:16",https://www.instagram.com/reel/DYX79IHOOxS/,"Reel do Instagram",,Total,44935,1003,241,19,9,30779,21
