id,nome,campaign_id,campanha,otimizacao,status,gasto_brl,impressoes,alcance,cliques,cpm_brl,ctr_pct,orcamento_diario_brl,orcamento_total_brl
120238311838700716,"CAPIVARI DE BAIXO veiculo esporte[view][INSTAGRAN][R$50,00 23/12/2025",120216242475770716,CAMP | 2025 | Institucional | Engajamento | Tubarao,THRUPLAY,CAMPAIGN_PAUSED,159.6,40843,25821,776,3.91,1.9,20.0,0.0
120214124204700716,[ovinocaprinocultura][video view][Região Sul][R$100][INST],120213903594780716,JFJ - [Engajamento][Video View][Aumentar Visualização de video][02/12/24],THRUPLAY,Not available,150.0,17743,13533,37,8.45,0.21,0.0,0.0
120239395651880716,"tubarão[view][INSTAGRAN][R$150,00 16/1/2026",120216242475770716,CAMP | 2025 | Institucional | Engajamento | Tubarao,THRUPLAY,CAMPAIGN_PAUSED,149.94,39125,29628,103,3.83,0.26,0.0,150.0
120243918868590716,"SERÁ?[view][INSTAGRAN][R$150,00 03/05/2026",120216242475770716,CAMP | 2025 | Institucional | Engajamento | Tubarao,THRUPLAY,CAMPAIGN_PAUSED,149.86,36097,31492,207,4.15,0.57,0.0,150.0
120242272123330716,"AUTISMO - [ENGAJAMENTO] - INSTAGRAN R$120,00",120242272123350716,CAMP | 2026 | Autismo | Engajamento | SC,POST_ENGAGEMENT,CAMPAIGN_PAUSED,119.99,26622,14021,135,4.51,0.51,0.0,120.0
120213903594960716,[no anuncio][video view][regiao sul][R$100][IG],120213903594780716,JFJ - [Engajamento][Video View][Aumentar Visualização de video][02/12/24],THRUPLAY,Not available,99.98,35226,29055,51,2.84,0.14,0.0,0.0
120242106312730716,"SERÁ?[view][INSTAGRAN][R$100,00 30/03/2026",120216242475770716,CAMP | 2025 | Institucional | Engajamento | Tubarao,THRUPLAY,Not available,99.96,31846,26208,184,3.14,0.58,0.0,0.0
120213929397540716,PODA COM URGÊNCIA - [no anuncio][video view][regiao sul][R$100][IG] — Cópia,120213903594780716,JFJ - [Engajamento][Video View][Aumentar Visualização de video][02/12/24],THRUPLAY,Not available,99.95,23739,21648,58,4.21,0.24,0.0,0.0
120214213372900716,[AIRTON[AIRTON SENA][video view][Região Sul][R$100][INST],120213903594780716,JFJ - [Engajamento][Video View][Aumentar Visualização de video][02/12/24],THRUPLAY,Not available,99.93,36934,34071,105,2.71,0.28,0.0,0.0
120242625108530716,"SERÁ?[view][INSTAGRAN][R$100,00 10/04/2026",120216242475770716,CAMP | 2025 | Institucional | Engajamento | Tubarao,THRUPLAY,Not available,99.91,29441,26284,226,3.39,0.77,0.0,0.0
120243120909250716,"SERÁ?[view][INSTAGRAN][R$100,00 20/04/2026",120216242475770716,CAMP | 2025 | Institucional | Engajamento | Tubarao,THRUPLAY,Not available,95.97,25165,24054,136,3.81,0.54,0.0,0.0
120245142304620716,"SERA[view][INSTAGRAN][R$100,00 22/05/2026",120216242475770716,CAMP | 2025 | Institucional | Engajamento | Tubarao,THRUPLAY,Not available,72.45,19507,19144,72,3.71,0.37,0.0,0.0
120241878808350716,"ENERGIA SOLAR [ VISUALIZAÇÃO INSTA] [26-03-2926 R$ 70,00",120240075562730716,CAMP | 2026 | Institucional | Engajamento | SC,POST_ENGAGEMENT,Not available,70.0,14894,9034,104,4.7,0.7,0.0,0.0
120239359676140716,"GRAVATAL[view][INSTAGRAN][R$50,00 15/1/2026",120216242475770716,CAMP | 2025 | Institucional | Engajamento | Tubarao,THRUPLAY,CAMPAIGN_PAUSED,70.0,17785,14854,49,3.94,0.28,0.0,70.0
120238735735470716,"SAO MARTINHO CARREGADEIRA[view][INSTAGRAN][R$50,00 23/12/2025 — Cópia — Cópia",120216242475770716,CAMP | 2025 | Institucional | Engajamento | Tubarao,THRUPLAY,CAMPAIGN_PAUSED,70.0,33242,21653,673,2.11,2.02,0.0,70.0
120238648624480716,"CAPIVARI DE BAIXO veiculo esporte[view][INSTAGRAN][R$50,00 23/12/2025 — Cópia",120216242475770716,CAMP | 2025 | Institucional | Engajamento | Tubarao,THRUPLAY,CAMPAIGN_PAUSED,70.0,27306,20525,427,2.56,1.56,0.0,70.0
120243986394020716,"BRACO DO NORTE[ VISUALIZAÇÃO INSTA] [04-05-2026 R$ 70,00",120240075562730716,CAMP | 2026 | Institucional | Engajamento | SC,THRUPLAY,CAMPAIGN_PAUSED,69.99,16333,13901,35,4.29,0.21,0.0,70.0
120243639227780716,"BRACO DO NORTE[ VISUALIZAÇÃO INSTA] [28-04-2026 R$ 70,00",120240075562730716,CAMP | 2026 | Institucional | Engajamento | SC,THRUPLAY,CAMPAIGN_PAUSED,69.99,16213,13714,30,4.32,0.19,0.0,70.0
120243357532030716,"PRESIDENTE NEREU[ VISUALIZAÇÃO INSTA] [24-04-2026 R$ 70,00",120240075562730716,CAMP | 2026 | Institucional | Engajamento | SC,THRUPLAY,CAMPAIGN_PAUSED,69.99,18256,13881,298,3.83,1.63,0.0,70.0
120245001290680716,"MORRO DA FUMAÇA[ VISUALIZAÇÃO INSTA] 20-05-2026 R$ 70,00",120240075562730716,CAMP | 2026 | Institucional | Engajamento | SC,THRUPLAY,CAMPAIGN_PAUSED,69.98,19135,15463,122,3.66,0.64,0.0,70.0
120244684683490716,"TUBARÃO AMANECEU DIFERENTE[view][INSTAGRAN][R$70,00 15/05/2026",120216242475770716,CAMP | 2025 | Institucional | Engajamento | Tubarao,THRUPLAY,CAMPAIGN_PAUSED,69.97,14630,11052,135,4.78,0.92,0.0,70.0
120243985442670716,"ITUPORANGA[ VISUALIZAÇÃO INSTA] [04-05-2026 R$ 70,00",120240075562730716,CAMP | 2026 | Institucional | Engajamento | SC,POST_ENGAGEMENT,CAMPAIGN_PAUSED,69.97,19015,15183,594,3.68,3.12,0.0,70.0
120237899120170716,"LEITE[view][INSTAGRAN][R$70,00 07/12/2025",120216242475770716,CAMP | 2025 | Institucional | Engajamento | Tubarao,THRUPLAY,CAMPAIGN_PAUSED,69.97,31714,25012,719,2.21,2.27,0.0,70.0
120244304728460716,"CAPIVARI DE BAIXO[ VISUALIZAÇÃO INSTA] [09-05-2026 R$ 70,00",120240075562730716,CAMP | 2026 | Institucional | Engajamento | SC,THRUPLAY,CAMPAIGN_PAUSED,69.96,13233,10692,154,5.29,1.16,0.0,70.0
120214005958280716,[SENSO AUT][video view][Região Sul][R$50][INST],120213903594780716,JFJ - [Engajamento][Video View][Aumentar Visualização de video][02/12/24],THRUPLAY,Not available,69.95,8013,7024,17,8.73,0.21,0.0,0.0
120243057190970716,"ITUPORANGA[ VISUALIZAÇÃO INSTA] [19-04-2026 R$ 70,00",120240075562730716,CAMP | 2026 | Institucional | Engajamento | SC,POST_ENGAGEMENT,CAMPAIGN_PAUSED,69.94,21166,17339,323,3.3,1.53,0.0,70.0
120242757736850716,"WITMARSUN[ VISUALIZAÇÃO INSTA] [13-04-2926 R$ 70,00 — Cópia",120240075562730716,CAMP | 2026 | Institucional | Engajamento | SC,POST_ENGAGEMENT,Not available,69.93,21723,15692,44,3.22,0.2,0.0,0.0
120240176808370716,"NOVA VENEZA Metropolitano [view][INSTAGRAN][R$70,00 09/02/2026",120216242475770716,CAMP | 2025 | Institucional | Engajamento | Tubarao,THRUPLAY,CAMPAIGN_PAUSED,69.93,19891,17988,77,3.52,0.39,0.0,70.0
120238735780780716,"NATAL[view][INSTAGRAN][R$50,00 26/12/2025",120216242475770716,CAMP | 2025 | Institucional | Engajamento | Tubarao,THRUPLAY,CAMPAIGN_PAUSED,69.93,18983,15526,42,3.68,0.22,0.0,70.0
120237106019010716,"TILAPIA [view][INSTAGRAN][R$70,00 24/11/2025",120216242475770716,CAMP | 2025 | Institucional | Engajamento | Tubarao,THRUPLAY,CAMPAIGN_PAUSED,69.89,17333,16543,27,4.03,0.16,0.0,70.0
120239801466600716,"NOVA VENEZA[view][INSTAGRAN][R$70,00 29/1/2026",120216242475770716,CAMP | 2025 | Institucional | Engajamento | Tubarao,THRUPLAY,CAMPAIGN_PAUSED,69.87,22080,18885,95,3.16,0.43,0.0,70.0
120240898834480716,"SENADOR AMIN[view][INSTAGRAN][R$70,00] 01/03/2026",120239970345540716,CAMP | 2026 | Institucional | Engajamento | AMUREL,THRUPLAY,CAMPAIGN_PAUSED,69.86,22551,18607,689,3.1,3.06,0.0,70.0
120239801416890716,"RIO FORTUNA[view][INSTAGRAN][R$70,00 29/1/2026",120216242475770716,CAMP | 2025 | Institucional | Engajamento | Tubarao,THRUPLAY,CAMPAIGN_PAUSED,69.78,19240,15181,93,3.63,0.48,0.0,70.0
120244305187040716,"ITAIOPOLIS[ VISUALIZAÇÃO INSTA] [09-05-2026 R$ 70,00",120240075562730716,CAMP | 2026 | Institucional | Engajamento | SC,POST_ENGAGEMENT,CAMPAIGN_PAUSED,69.75,18863,16312,383,3.7,2.03,0.0,70.0
120243057267490716,"GANHOU TERRA [ VISUALIZAÇÃO INSTA] [19-04-2926 R$ 50,00",120240075562730716,CAMP | 2026 | Institucional | Engajamento | SC,POST_ENGAGEMENT,CAMPAIGN_PAUSED,69.75,35644,35475,242,1.96,0.68,0.0,70.0
120239970345850716,"NOVA VENEZA[view][INSTAGRAN][R$70,00 03/02/2026",120239970345540716,CAMP | 2026 | Institucional | Engajamento | AMUREL,THRUPLAY,CAMPAIGN_PAUSED,69.74,16882,15272,65,4.13,0.39,0.0,70.0
120240075586680716,"IÇARA[view][INSTAGRAN][R$70,00 06/02/2026 R$ 70,00",120239970345540716,CAMP | 2026 | Institucional | Engajamento | AMUREL,THRUPLAY,CAMPAIGN_PAUSED,69.44,14419,12589,42,4.82,0.29,0.0,70.0
120240832527230716,"CAPIVARI DE BAIXO[view][INSTAGRAN][R$70,00] 27/02/2026",120239970345540716,CAMP | 2026 | Institucional | Engajamento | AMUREL,THRUPLAY,CAMPAIGN_PAUSED,69.42,22529,19857,156,3.08,0.69,0.0,70.0
120243356554800716,"ORLEANS[view][INSTAGRAN][ 24/04/2026 R$ 70,00",120239970345540716,CAMP | 2026 | Institucional | Engajamento | AMUREL,THRUPLAY,CAMPAIGN_PAUSED,66.48,16057,12553,53,4.14,0.33,0.0,70.0
120239032388050716,"TRUMP VENEZUELA [View] [reels]R$50,00",120239032107950716,PEPE [2026][Visualização][Reels],PROFILE_VISIT,Not available,58.85,8619,7692,427,6.83,4.95,0.0,0.0
120227514517150716,"PORTODASC[Video View SC][Visualização de Feed][08/06/25][INSTR$30,00]",120216047481540716,CAMP | 2025 | Feed-Institucional | Engajamento | Tubarao,POST_ENGAGEMENT,Not available,54.96,5537,3690,13,9.93,0.23,0.0,0.0
120235476396070716,"PESCARIA BRAVA 13 ANOS][Video View SC][Visualização de Feed][07/04/25][INSTR$50,00]",120216047481540716,CAMP | 2025 | Feed-Institucional | Engajamento | Tubarao,POST_ENGAGEMENT,Not available,54.93,6600,3618,62,8.32,0.94,0.0,0.0
120247804491690716,TUBARAO +JAGUA — Cópia,120246784137180716,CAMP | 2026 | Institucional | Reconhecimento | SC,THRUPLAY,ACTIVE,50.0,9475,7993,105,5.28,1.11,0.0,50.0
120243057175630716,AUTISMO - [ENGAJAMENTO] - INSTAGRAN R$50 19-04-2026,120242272123350716,CAMP | 2026 | Autismo | Engajamento | SC,PROFILE_AND_PAGE_ENGAGEMENT,CAMPAIGN_PAUSED,50.0,5227,3220,123,9.57,2.35,0.0,50.0
120241209110800716,"CRIANÇAS NA INTERNET [view][INSTAGRAN][R$50,00] 09/03/2026",120239970345540716,CAMP | 2026 | Institucional | Engajamento | AMUREL,THRUPLAY,CAMPAIGN_PAUSED,50.0,18334,17222,727,2.73,3.97,0.0,50.0
120239970345700716,"AMUREL[view][INSTAGRAN][R$50,00] 08/08/2025",120239970345540716,CAMP | 2026 | Institucional | Engajamento | AMUREL,THRUPLAY,Not available,50.0,14114,10834,145,3.54,1.03,0.0,0.0
120232686817240716,"BRACO DO NORTETUBARÃO[view][INSTAGRAN][R$50,00 06/09/2025 — Cópia",120216242475770716,CAMP | 2025 | Institucional | Engajamento | Tubarao,THRUPLAY,CAMPAIGN_PAUSED,50.0,18447,13364,254,2.71,1.38,0.0,50.0
120232574045850716,"PROERD TUBARÃO[view][INSTAGRAN][R$50,00 04/09/2025",120216242475770716,CAMP | 2025 | Institucional | Engajamento | Tubarao,THRUPLAY,CAMPAIGN_PAUSED,50.0,12231,9825,147,4.09,1.2,0.0,50.0
120231357951090716,"centro de inovação[view][INSTAGRAN][R$50,00] 13/08/2025",120216242475770716,CAMP | 2025 | Institucional | Engajamento | Tubarao,THRUPLAY,CAMPAIGN_PAUSED,50.0,9081,6642,132,5.51,1.45,0.0,50.0
120230778066950716,"GRAO PARA[view][INSTAGRAN][R$50,00] 30/07/2025",120216242475770716,CAMP | 2025 | Institucional | Engajamento | Tubarao,THRUPLAY,CAMPAIGN_PAUSED,50.0,16804,11409,293,2.98,1.74,0.0,50.0
120226642193710716,"[antonio carlos][Video View REGIAO][25/05/25][INSTR$50,00]",120213903594780716,JFJ - [Engajamento][Video View][Aumentar Visualização de video][02/12/24],THRUPLAY,Not available,50.0,12062,11179,38,4.15,0.32,0.0,0.0
120225416543370716,"[FERROVIAVideo View Brasil][Visualização de video][09/05/25][INSTR$50,00]",120214284225260716,CAMP | 2024 | Institucional | Engajamento | Brasil,THRUPLAY,CAMPAIGN_PAUSED,50.0,21179,21179,58,2.36,0.27,0.0,50.0
120224127099990716,"[azambuja][Video View REGIAO][29/04/25][INSTR$50,00]",120213903594780716,JFJ - [Engajamento][Video View][Aumentar Visualização de video][02/12/24],THRUPLAY,Not available,50.0,13034,12020,40,3.84,0.31,0.0,0.0
120223878585910716,"[PESCARIA BRAVA]-[Video View Brasil][27/04/25][INSTR$50,00]",120214284225260716,CAMP | 2024 | Institucional | Engajamento | Brasil,THRUPLAY,CAMPAIGN_PAUSED,50.0,16277,16254,57,3.07,0.35,0.0,50.0
120223585916190716,"[PAPA]-[Video View Brasil][24/04/25][INSTR$50,00]",120214284225260716,CAMP | 2024 | Institucional | Engajamento | Brasil,THRUPLAY,CAMPAIGN_PAUSED,50.0,16411,15992,48,3.05,0.29,0.0,50.0
120223251386110716,"[USA & CHINA]Video View Brasil][21/04/25][INSTR$50,00]",120214284225260716,CAMP | 2024 | Institucional | Engajamento | Brasil,THRUPLAY,CAMPAIGN_PAUSED,50.0,13328,12589,27,3.75,0.2,0.0,50.0
120223064397790716,"MORRO DOS CAVALOS][Video View SC][Visualização de Feed][07/04/25][INSTR$20,00] — Cópia",120216047481540716,CAMP | 2025 | Feed-Institucional | Engajamento | Tubarao,POST_ENGAGEMENT,Not available,50.0,13547,11144,20,3.69,0.15,0.0,0.0
120217704236950716,"[EIKTO VISITA][Video View REGIAO][Visualização de video][26/02/24][INSTR$50,00]",120213903594780716,JFJ - [Engajamento][Video View][Aumentar Visualização de video][02/12/24],THRUPLAY,Not available,50.0,9408,8662,40,5.31,0.43,0.0,0.0
120217154385530716,"[jagua][Video View REGIAO][Visualização de video][22/02/25][INSTR$50,00]",120213903594780716,JFJ - [Engajamento][Video View][Aumentar Visualização de video][02/12/24],THRUPLAY,Not available,50.0,8446,7577,17,5.92,0.2,0.0,0.0
120216868616390716,"[EIKTO][Video View REGIAO][Visualização de video][20/02/25][INSTR$50,00]",120213903594780716,JFJ - [Engajamento][Video View][Aumentar Visualização de video][02/12/24],THRUPLAY,Not available,50.0,9657,8614,46,5.18,0.48,0.0,0.0
120215581016920716,[RIO FORTUNA][Região Sul][R$50][INST][28/01/2025,120213903594780716,JFJ - [Engajamento][Video View][Aumentar Visualização de video][02/12/24],THRUPLAY,Not available,50.0,16132,15106,68,3.1,0.42,0.0,0.0
120215259814070716,[ORLENAS][video view][Região Sul][R$50][INST][21/01/2025,120213903594780716,JFJ - [Engajamento][Video View][Aumentar Visualização de video][02/12/24],THRUPLAY,Not available,50.0,11842,11151,49,4.22,0.41,0.0,0.0
120214409603280716,"[FELIZ NATAL][Video View Brasil][Visualização de video][22/12/24][INSTR$50,00]",120214284225260716,CAMP | 2024 | Institucional | Engajamento | Brasil,THRUPLAY,CAMPAIGN_PAUSED,50.0,25462,24802,89,1.96,0.35,0.0,50.0
120214379190100716,"[BOMBEIRO][Video View Brasil][Visualização de video][21/12/24][INSTR$50,00]",120214284225260716,CAMP | 2024 | Institucional | Engajamento | Brasil,THRUPLAY,CAMPAIGN_PAUSED,50.0,19107,19107,46,2.62,0.24,0.0,50.0
120237899153620716,"CAPIVARI DE BAIXO[view][INSTAGRAN][R$50,00 07/12/2025",120216242475770716,CAMP | 2025 | Institucional | Engajamento | Tubarao,THRUPLAY,CAMPAIGN_PAUSED,49.99,20475,16286,514,2.44,2.51,0.0,50.0
120232332381000716,"TUBARÃO[view][INSTAGRAN][R$50,00 31/08/2025",120216242475770716,CAMP | 2025 | Institucional | Engajamento | Tubarao,THRUPLAY,CAMPAIGN_PAUSED,49.99,16973,13790,183,2.95,1.08,0.0,50.0
120232332273980716,"TUBARÃO[view][INSTAGRAN][R$50,00 31/08/2025",120216242475770716,CAMP | 2025 | Institucional | Engajamento | Tubarao,THRUPLAY,CAMPAIGN_PAUSED,49.99,17092,13227,217,2.92,1.27,0.0,50.0
120231556145980716,"Almoço as 16[view][INSTAGRAN][R$50,00] 16/08/2025",120216242475770716,CAMP | 2025 | Institucional | Engajamento | Tubarao,THRUPLAY,CAMPAIGN_PAUSED,49.99,15641,14190,118,3.2,0.75,0.0,50.0
120230001029060716,[GRAVTAL ]Video View Brasil][21/07/25][INSTR$50,120214284225260716,CAMP | 2024 | Institucional | Engajamento | Brasil,THRUPLAY,CAMPAIGN_PAUSED,49.99,18055,13736,477,2.77,2.64,0.0,50.0
120228983526500716,"Braco do Norte][INSTAGRAN][R$50,00] 29/06/2025",120216242475770716,CAMP | 2025 | Institucional | Engajamento | Tubarao,THRUPLAY,CAMPAIGN_PAUSED,49.99,10130,9139,31,4.93,0.31,0.0,50.0
120228704293330716,[UNIVERCIDADE GRATUITA]Video View Brasil][25/06/25][INSTR$50,120214284225260716,CAMP | 2024 | Institucional | Engajamento | Brasil,THRUPLAY,CAMPAIGN_PAUSED,49.99,6844,6362,22,7.3,0.32,0.0,50.0
120228235830590716,[saude]Video View Brasil][17/06/25][INSTR$50,120214284225260716,CAMP | 2024 | Institucional | Engajamento | Brasil,THRUPLAY,CAMPAIGN_PAUSED,49.99,5295,4775,25,9.44,0.47,0.0,50.0
120227313178370716,"colegio Sao Jose-[view TUBARÃO][INSTAGRAN][R$50,00] 05/06/2025",120216242475770716,CAMP | 2025 | Institucional | Engajamento | Tubarao,THRUPLAY,CAMPAIGN_PAUSED,49.99,11807,10117,53,4.23,0.45,0.0,50.0
120221168140340716,"[Dark Story Autismo][Video View SC][Enquete][07/03/25][INSTR$20,00] — Cópia — Cópia",120214284225260716,CAMP | 2024 | Institucional | Engajamento | Brasil,POST_ENGAGEMENT,CAMPAIGN_PAUSED,49.99,7612,6223,26,6.57,0.34,0.0,50.0
120221168012020716,"LAJEADO[Video View REGIAO][Visualização de video][01/04/25][INSTR$50,00]",120213903594780716,JFJ - [Engajamento][Video View][Aumentar Visualização de video][02/12/24],THRUPLAY,Not available,49.99,12607,9923,25,3.97,0.2,0.0,0.0
120219292343110716,"[CHINA][Video View BRASIL][Visualização de video][20/03/25][INSTR$50,00]",120214284225260716,CAMP | 2024 | Institucional | Engajamento | Brasil,THRUPLAY,CAMPAIGN_PAUSED,49.99,11434,7901,13,4.37,0.11,0.0,50.0
120215721803480716,[MARGINASI][Região Sul][R$50][INST][31/01/2025,120213903594780716,JFJ - [Engajamento][Video View][Aumentar Visualização de video][02/12/24],THRUPLAY,Not available,49.99,12696,11924,52,3.94,0.41,0.0,0.0
120215633927140716,[RADIO REDRAGAGEM][Região Sul][R$50][INST][29/01/2025,120213903594780716,JFJ - [Engajamento][Video View][Aumentar Visualização de video][02/12/24],THRUPLAY,Not available,49.99,10674,9184,43,4.68,0.4,0.0,0.0
120215390856370716,[ONDE ÉQUE ESTA O SUL][Região Sul][R$50][INST][24/01/2025,120213903594780716,JFJ - [Engajamento][Video View][Aumentar Visualização de video][02/12/24],THRUPLAY,Not available,49.99,10098,9722,33,4.95,0.33,0.0,0.0
120214910043780716,[VISITA PAULO LOPES][video view][Região Sul][R$50][INST],120213903594780716,JFJ - [Engajamento][Video View][Aumentar Visualização de video][02/12/24],THRUPLAY,Not available,49.99,13646,11957,44,3.66,0.32,0.0,0.0
120243814104890716,"iMPOSTO DE RENDA[view][INSTAGRAN][R$50,00 01/05/2026",120216242475770716,CAMP | 2025 | Institucional | Engajamento | Tubarao,THRUPLAY,CAMPAIGN_PAUSED,49.98,6578,5999,14,7.6,0.21,0.0,50.0
120241422011190716,"LEI AUTISMO[view][INSTAGRAN][R$50,00] 14/03/2026",120239970345540716,CAMP | 2026 | Institucional | Engajamento | AMUREL,PROFILE_AND_PAGE_ENGAGEMENT,CAMPAIGN_PAUSED,49.98,10123,5589,146,4.94,1.44,0.0,50.0
120241209047800716,"URUPEMA][Video View SC][Visualização de Feed]13/03/26][INSTR$50,00]",120216047481540716,CAMP | 2025 | Feed-Institucional | Engajamento | Tubarao,PROFILE_AND_PAGE_ENGAGEMENT,CAMPAIGN_PAUSED,49.98,7919,6368,140,6.31,1.77,0.0,50.0
120236398774640716,"autismo][Video View SC][Visualização de Feed][11/11/25][INSTR$50,00]",120216047481540716,CAMP | 2025 | Feed-Institucional | Engajamento | Tubarao,POST_ENGAGEMENT,Not available,49.98,4009,2796,34,12.47,0.85,0.0,0.0
120235788492590716,"AUTISMO][ View BRASIL][Visualização de Feed][11/10/25][INSTR$40,00]",120216047481540716,CAMP | 2025 | Feed-Institucional | Engajamento | Tubarao,POST_ENGAGEMENT,CAMPAIGN_PAUSED,49.98,9210,6917,62,5.43,0.67,0.0,50.0
120233977420680716,[UDESC]Video View Brasil][02/10/25][INSTR$50,120214284225260716,CAMP | 2024 | Institucional | Engajamento | Brasil,THRUPLAY,CAMPAIGN_PAUSED,49.98,8799,7979,23,5.68,0.26,0.0,50.0
120229801669820716,[UNIVERSIDADE GRATUITA]Video View Brasil][16/07/25][INSTR$50,120214284225260716,CAMP | 2024 | Institucional | Engajamento | Brasil,THRUPLAY,CAMPAIGN_PAUSED,49.98,10309,9081,30,4.85,0.29,0.0,50.0
120223064207300716,"[REDRAGAGEM TUBARAO][Video View REGIAO][18/04/25][INSTR$50,00]",120213903594780716,JFJ - [Engajamento][Video View][Aumentar Visualização de video][02/12/24],THRUPLAY,Not available,49.98,10471,9032,32,4.77,0.31,0.0,0.0
120219150065190716,"[QUERRA COMERCIAL][Video View BRASIL][Visualização de video][18/03/25][INSTR$50,00]",120214284225260716,CAMP | 2024 | Institucional | Engajamento | Brasil,THRUPLAY,CAMPAIGN_PAUSED,49.98,9353,8929,20,5.34,0.21,0.0,50.0
120216242476850716,"TUBARÃO-[view TUBARÃO][INSTAGRAN][R$50,00]",120216242475770716,CAMP | 2025 | Institucional | Engajamento | Tubarao,THRUPLAY,CAMPAIGN_PAUSED,49.98,8669,8016,40,5.77,0.46,0.0,50.0
120216216496360716,"[CCR][Video View REGIAO][Visualização de video][11/02/24][INSTR$50,00]",120213903594780716,JFJ - [Engajamento][Video View][Aumentar Visualização de video][02/12/24],THRUPLAY,Not available,49.98,11736,11278,44,4.26,0.37,0.0,0.0
120242797950300716,AUTISMO - [ENGAJAMENTO] - INSTAGRAN R$50 14-04-2026,120242272123350716,CAMP | 2026 | Autismo | Engajamento | SC,PROFILE_AND_PAGE_ENGAGEMENT,CAMPAIGN_PAUSED,49.97,8176,4902,169,6.11,2.07,0.0,50.0
120231707777150716,"PESCARIA BRAVA [view][INSTAGRAN][R$50,00] 19/08/2025",120216242475770716,CAMP | 2025 | Institucional | Engajamento | Tubarao,THRUPLAY,CAMPAIGN_PAUSED,49.97,20292,14283,771,2.46,3.8,0.0,50.0
120225483588610716,[SERR]Video View Brasil][010/05/25][INSTR$50,120214284225260716,CAMP | 2024 | Institucional | Engajamento | Brasil,THRUPLAY,CAMPAIGN_PAUSED,49.97,11991,11443,37,4.17,0.31,0.0,50.0
120222533360760716,"[MORRO DOS CAVALOS][Video View REGIAO][15/04/25][INSTR$50,00]",120213903594780716,JFJ - [Engajamento][Video View][Aumentar Visualização de video][02/12/24],THRUPLAY,Not available,49.97,12890,11733,57,3.88,0.44,0.0,0.0
120218222794410716,"[Dark Story Autismo][Video View SC][Enquete][07/03/25][INSTR$20,00] — Cópia",120214284225260716,CAMP | 2024 | Institucional | Engajamento | Brasil,POST_ENGAGEMENT,CAMPAIGN_PAUSED,49.97,9341,7725,25,5.35,0.27,0.0,50.0
120217872595220716,"[MUSICA GABINETE][Video View SC][Visualização de video][01/03/25][INSTR$50,00]",120214284225260716,CAMP | 2024 | Institucional | Engajamento | Brasil,THRUPLAY,CAMPAIGN_PAUSED,49.97,14525,13277,56,3.44,0.39,0.0,50.0
120215302851400716,[VISITA PEDRAS GRANDES][Região Sul][R$50][INST][22/01/2025,120213903594780716,JFJ - [Engajamento][Video View][Aumentar Visualização de video][02/12/24],THRUPLAY,Not available,49.97,7414,7094,27,6.74,0.36,0.0,0.0
120214284225350716,LAP - [Engajamento][Video View Brasil][Aumentar Visualização de video][18/12/24],120214284225260716,CAMP | 2024 | Institucional | Engajamento | Brasil,THRUPLAY,CAMPAIGN_PAUSED,49.97,13000,12526,36,3.84,0.28,0.0,50.0
120235788293650716,"MARA [view][INSTAGRAN][R$50,00 01/11/2025",120216242475770716,CAMP | 2025 | Institucional | Engajamento | Tubarao,THRUPLAY,CAMPAIGN_PAUSED,49.96,10867,10505,139,4.6,1.28,0.0,50.0
120232332246490716,"icara[view][INSTAGRAN][R$50,00] 31/08/2025",120216242475770716,CAMP | 2025 | Institucional | Engajamento | Tubarao,THRUPLAY,CAMPAIGN_PAUSED,49.96,12617,9040,193,3.96,1.53,0.0,50.0
120227513386700716,"AUTISMO[view TUBARÃO][INSTAGRAN][R$50,00] 08/06/2025",120216242475770716,CAMP | 2025 | Institucional | Engajamento | Tubarao,THRUPLAY,CAMPAIGN_PAUSED,49.96,5560,4696,15,8.99,0.27,0.0,50.0
120227252530020716,"IMBITUBA[view TUBARÃO][INSTAGRAN][R$50,00]",120216242475770716,CAMP | 2025 | Institucional | Engajamento | Tubarao,POST_ENGAGEMENT,CAMPAIGN_PAUSED,49.96,8250,6856,11,6.06,0.13,0.0,50.0
120226196100790716,"[santa terezinha][Video View REGIAO][19/05/25][INSTR$50,00]",120213903594780716,JFJ - [Engajamento][Video View][Aumentar Visualização de video][02/12/24],THRUPLAY,Not available,49.96,11183,10546,35,4.47,0.31,0.0,0.0
120220156980390716,"[TAXAÇÃO][Video View Brasil][Visualização de video][27/03/25][INSTR$50,00]",120214284225260716,CAMP | 2024 | Institucional | Engajamento | Brasil,THRUPLAY,CAMPAIGN_PAUSED,49.96,11397,11079,21,4.38,0.18,0.0,50.0
120218793261580716,"[PREFEITOS SC][Video View SC][Visualização de video][13/03/25][INSTR$50,00]",120214284225260716,CAMP | 2024 | Institucional | Engajamento | Brasil,THRUPLAY,CAMPAIGN_PAUSED,49.96,9113,8256,29,5.48,0.32,0.0,50.0
120215102470310716,[VISITA Cocal Do sul][video view][Região Sul][R$50][INST][17/01/2025,120213903594780716,JFJ - [Engajamento][Video View][Aumentar Visualização de video][02/12/24],THRUPLAY,Not available,49.96,13403,12478,36,3.73,0.27,0.0,0.0
120214938524220716,[VISITA LAGUNA][video view][Região Sul][R$50][INST][12/01/2012,120213903594780716,JFJ - [Engajamento][Video View][Aumentar Visualização de video][02/12/24],THRUPLAY,Not available,49.96,10132,9251,37,4.93,0.37,0.0,0.0
120214388138690716,[EDUCAÇÃO][video view][Região Sul][R$50][INST],120213903594780716,JFJ - [Engajamento][Video View][Aumentar Visualização de video][02/12/24],THRUPLAY,Not available,49.96,7277,6225,17,6.87,0.23,0.0,0.0
120240898738060716,"escala 5x2[view][INSTAGRAN][R$50,00] 01/03/2026",120239970345540716,CAMP | 2026 | Institucional | Engajamento | AMUREL,THRUPLAY,CAMPAIGN_PAUSED,49.95,11075,10260,19,4.51,0.17,0.0,50.0
120229513424750716,[fluminense]Video View Brasil][09/07/25][INSTR$50,120214284225260716,CAMP | 2024 | Institucional | Engajamento | Brasil,THRUPLAY,CAMPAIGN_PAUSED,49.95,15124,15056,49,3.3,0.32,0.0,50.0
120227678781100716,"varzea das canoa[view varzea][INSTAGRAN][R$50,00] 10/06/2025",120216242475770716,CAMP | 2025 | Institucional | Engajamento | Tubarao,THRUPLAY,CAMPAIGN_PAUSED,49.95,11527,10294,49,4.33,0.43,0.0,50.0
120227513937710716,"FOGUEIRA[Video View SC][Visualização de Feed][08/06/25][INSTR$30,00]",120216047481540716,CAMP | 2025 | Feed-Institucional | Engajamento | Tubarao,POST_ENGAGEMENT,Not available,49.95,5832,3648,75,8.56,1.29,0.0,0.0
120226196510320716,[bebereborn]Video View Brasil][20/05/25][INSTR$50,120214284225260716,CAMP | 2024 | Institucional | Engajamento | Brasil,THRUPLAY,CAMPAIGN_PAUSED,49.95,8447,8323,21,5.91,0.25,0.0,50.0
120218222607290716,"[GABINETE34][Video View SC][Visualização de video][07/03/25][INSTR$50,00]",120214284225260716,CAMP | 2024 | Institucional | Engajamento | Brasil,THRUPLAY,CAMPAIGN_PAUSED,49.95,8988,7842,10,5.56,0.11,0.0,50.0
120215933335540716,"[CCJ MANU, LELE, BRUNA][Video View SC][Visualização de video][21/12/24][INSTR$50,00]",120214284225260716,CAMP | 2024 | Institucional | Engajamento | Brasil,THRUPLAY,CAMPAIGN_PAUSED,49.95,15539,14910,50,3.21,0.32,0.0,50.0
120215899915900716,[CENSO][video view][Região Sul][R$50][INST]05/02/2025,120213903594780716,JFJ - [Engajamento][Video View][Aumentar Visualização de video][02/12/24],THRUPLAY,Not available,49.95,11044,9091,21,4.52,0.19,0.0,0.0
120239537306700716,"GRAVATAL[view][INSTAGRAN][R$50,00 21/1/2026",120216242475770716,CAMP | 2025 | Institucional | Engajamento | Tubarao,THRUPLAY,CAMPAIGN_PAUSED,49.94,12781,10540,24,3.91,0.19,0.0,50.0
120238648892320716,"PAULO LOPES OBRAS[view][INSTAGRAN][R$50,00 23/12/2025",120216242475770716,CAMP | 2025 | Institucional | Engajamento | Tubarao,THRUPLAY,CAMPAIGN_PAUSED,49.94,10476,9093,23,4.77,0.22,0.0,50.0
120233566175830716,[trump autismo]Video View Brasil][24/09/25][INSTR$50,120214284225260716,CAMP | 2024 | Institucional | Engajamento | Brasil,THRUPLAY,CAMPAIGN_PAUSED,49.94,11997,11386,79,4.16,0.66,0.0,50.0
120222039913210716,"INAUGURAÇÃO Pescaria Brava[Video View REGIAO][Visualização de video][01/04/25][INSTR$50,00] — Cópia",120213903594780716,JFJ - [Engajamento][Video View][Aumentar Visualização de video][02/12/24],THRUPLAY,Not available,49.94,13584,12372,23,3.68,0.17,0.0,0.0
120214352033200716,[Bancada do sul][video view][Região Sul][R$50][INST],120213903594780716,JFJ - [Engajamento][Video View][Aumentar Visualização de video][02/12/24],THRUPLAY,Not available,49.94,7821,6881,33,6.39,0.42,0.0,0.0
120241178177800716,"IÇARA[view][INSTAGRAN][R$50,00 08/03/2026 R$ 50,00",120239970345540716,CAMP | 2026 | Institucional | Engajamento | AMUREL,THRUPLAY,CAMPAIGN_PAUSED,49.93,10042,7658,88,4.97,0.88,0.0,50.0
120234074035810716,"GAROPABA 14 RUAS [view varzea][INSTAGRAN][R$50,00] 04/10/2025",120216242475770716,CAMP | 2025 | Institucional | Engajamento | Tubarao,THRUPLAY,CAMPAIGN_PAUSED,49.93,14060,8820,301,3.55,2.14,0.0,50.0
120222652921060716,"[rota alternativa][Video View Brasil][11/04/24][INSTR$50,00]",120214284225260716,CAMP | 2024 | Institucional | Engajamento | Brasil,THRUPLAY,CAMPAIGN_PAUSED,49.92,8683,8345,25,5.75,0.29,0.0,50.0
120241878484640716,"RIO URUSSANGA[view][INSTAGRAN][R$30,00] 26/03/2026",120239970345540716,CAMP | 2026 | Institucional | Engajamento | AMUREL,THRUPLAY,CAMPAIGN_PAUSED,49.91,7777,7181,14,6.42,0.18,0.0,50.0
120236079512500716,"RESUMO DO DIA[GABINET 34 ][view ][INSTAGRAN][R$50,00] 06/11/2025",120216242475770716,CAMP | 2025 | Institucional | Engajamento | Tubarao,THRUPLAY,CAMPAIGN_PAUSED,49.91,7161,6368,27,6.97,0.38,0.0,50.0
120235788243340716,"AMUREL [view][INSTAGRAN][R$30,00 01/11/2025",120216242475770716,CAMP | 2025 | Institucional | Engajamento | Tubarao,THRUPLAY,CAMPAIGN_PAUSED,49.91,7102,5514,178,7.03,2.51,0.0,50.0
120215008687550716,"[VISITA Nova Veneza,][video view][Região Sul][R$50][INST][14/01/2025",120213903594780716,JFJ - [Engajamento][Video View][Aumentar Visualização de video][02/12/24],THRUPLAY,Not available,49.91,15940,14399,32,3.13,0.2,0.0,0.0
120226776836880716,"[sociedade musical[Video View REGIAO][27/05/25][INSTR$50,00]",120213903594780716,JFJ - [Engajamento][Video View][Aumentar Visualização de video][02/12/24],THRUPLAY,Not available,49.9,7968,7587,23,6.26,0.29,0.0,0.0
120226081732180716,"[polemta][Video View REGIAO][19/05/25][INSTR$50,00]",120213903594780716,JFJ - [Engajamento][Video View][Aumentar Visualização de video][02/12/24],THRUPLAY,Not available,49.9,15931,14389,63,3.13,0.4,0.0,0.0
120214857283390716,"[SENSO SERETA][Video View Brasil][Visualização de video][09/01/25][INSTR$50,00]",120214284225260716,CAMP | 2024 | Institucional | Engajamento | Brasil,THRUPLAY,CAMPAIGN_PAUSED,49.9,13759,13442,31,3.63,0.23,0.0,50.0
120214590665080716,"[GABINETE34 FINAL][Video View ][Visualização de video][SC 29/12/24][INSTR$50,00]",120214284225260716,CAMP | 2024 | Institucional | Engajamento | Brasil,THRUPLAY,CAMPAIGN_PAUSED,49.9,13349,12012,42,3.74,0.31,0.0,50.0
120220584021350716,"[GRAVATAL][Video View Brasil][Visualização de video][29/03/25][INSTR$50,00]",120214284225260716,CAMP | 2024 | Institucional | Engajamento | Brasil,THRUPLAY,CAMPAIGN_PAUSED,49.89,13065,13055,31,3.82,0.24,0.0,50.0
120216516276840716,"[REDRAGAGEM][Video View SC][Visualização de video][15/02/25][INSTR$50,00]",120214284225260716,CAMP | 2024 | Institucional | Engajamento | Brasil,THRUPLAY,CAMPAIGN_PAUSED,49.89,10697,10202,46,4.66,0.43,0.0,50.0
120234183076570716,"PRAIA GRANDE [400 mil VAN ][view ][INSTAGRAN][R$50,00] 06/10/2025 — Cópia",120216242475770716,CAMP | 2025 | Institucional | Engajamento | Tubarao,THRUPLAY,CAMPAIGN_PAUSED,49.88,9906,8175,42,5.04,0.42,0.0,50.0
120231025927110716,"passo de torres[view][INSTAGRAN][R$50,00] 04/08/2025",120216242475770716,CAMP | 2025 | Institucional | Engajamento | Tubarao,THRUPLAY,CAMPAIGN_PAUSED,49.88,12440,8103,303,4.01,2.44,0.0,50.0
120244305271090716,"FLAVIO BOLSONARO[Video View SC][Visualização de Feed][09/05/2026][INSTR$70,00]",120216047481540716,CAMP | 2025 | Feed-Institucional | Engajamento | Tubarao,PROFILE_AND_PAGE_ENGAGEMENT,CAMPAIGN_PAUSED,49.87,3975,3269,316,12.55,7.95,0.0,50.0
120243057424440716,"AMIN  [ VISUALIZAÇÃO INSTA] [19-04-2926 R$ 50,00",120240075562730716,CAMP | 2026 | Institucional | Engajamento | SC,THRUPLAY,CAMPAIGN_PAUSED,49.87,17448,16481,243,2.86,1.39,0.0,50.0
120229513358310716,[bomdiatubaraoGRATUITA]Video View Brasil][09/07/25][INSTR$50,120214284225260716,CAMP | 2024 | Institucional | Engajamento | Brasil,THRUPLAY,CAMPAIGN_PAUSED,49.87,5059,4714,8,9.86,0.16,0.0,50.0
120234182071480716,"criciuma campo 400 mil[view ][INSTAGRAN][R$50,00] 06/10/2025",120216242475770716,CAMP | 2025 | Institucional | Engajamento | Tubarao,THRUPLAY,CAMPAIGN_PAUSED,49.86,22660,18530,404,2.2,1.78,0.0,50.0
120229801622890716,"capivari comarca-[view capivari][INSTAGRAN][R$50,00]",120216242475770716,CAMP | 2025 | Institucional | Engajamento | Tubarao,THRUPLAY,CAMPAIGN_PAUSED,49.86,7216,6644,33,6.91,0.46,0.0,50.0
120231193747330716,"AMUREL[view][INSTAGRAN][R$50,00] 08/08/2025",120216242475770716,CAMP | 2025 | Institucional | Engajamento | Tubarao,THRUPLAY,CAMPAIGN_PAUSED,49.85,11867,7906,240,4.2,2.02,0.0,50.0
120226394750170716,"[balanco][Video View REGIAO][22/05/25][INSTR$50,00]",120213903594780716,JFJ - [Engajamento][Video View][Aumentar Visualização de video][02/12/24],THRUPLAY,Not available,49.85,6427,6036,17,7.76,0.26,0.0,0.0
120235477383060716,"treze tilias [view][INSTAGRAN][R$50,00 27/10/2025",120216242475770716,CAMP | 2025 | Institucional | Engajamento | Tubarao,THRUPLAY,CAMPAIGN_PAUSED,49.84,9704,7961,76,5.14,0.78,0.0,50.0
120234312995270716,"PESCARIA BRAVA  Rua Km 37 250 mil[view ][INSTAGRAN][R$50,00] 08/10/2025",120216242475770716,CAMP | 2025 | Institucional | Engajamento | Tubarao,THRUPLAY,CAMPAIGN_PAUSED,49.84,13826,11386,155,3.6,1.12,0.0,50.0
120231193577360716,"escoteiro[view][INSTAGRAN][R$50,00] 08/08/2025",120216242475770716,CAMP | 2025 | Institucional | Engajamento | Tubarao,THRUPLAY,CAMPAIGN_PAUSED,49.84,6888,5320,114,7.24,1.66,0.0,50.0
120216046237670716,"[CCJ PEPE COLLAÇÕ][Video View SC][Visualização de video][08/02/25][INSTR$50,00]",120214284225260716,CAMP | 2024 | Institucional | Engajamento | Brasil,THRUPLAY,CAMPAIGN_PAUSED,49.84,10158,9128,28,4.91,0.28,0.0,50.0
120241370360860716,"robox][Video View SC][Visualização de Feed][013/03/26][INSTR$50,00]",120216047481540716,CAMP | 2025 | Feed-Institucional | Engajamento | Tubarao,PROFILE_AND_PAGE_ENGAGEMENT,CAMPAIGN_PAUSED,49.83,10917,9044,285,4.56,2.61,0.0,50.0
120229691342620716,[garopaba]Video View Brasil][15/07/25][INSTR$50,120214284225260716,CAMP | 2024 | Institucional | Engajamento | Brasil,THRUPLAY,CAMPAIGN_PAUSED,49.83,7733,6344,50,6.44,0.65,0.0,50.0
120214438225060716,"[APAE IÇARA][Video View ICARA][Visualização de video][23/12/24][INSTR$50,00]",120214284225260716,CAMP | 2024 | Institucional | Engajamento | Brasil,THRUPLAY,CAMPAIGN_PAUSED,49.83,12827,11336,24,3.88,0.19,0.0,50.0
120231090953930716,"ITAPEMA[view][INSTAGRAN][R$50,00] 06/08/2025",120216242475770716,CAMP | 2025 | Institucional | Engajamento | Tubarao,THRUPLAY,CAMPAIGN_PAUSED,49.81,11787,9549,200,4.23,1.7,0.0,50.0
120242757631340716,AUTISMO - [ENGAJAMENTO] - INSTAGRAN R$50,120242272123350716,CAMP | 2026 | Autismo | Engajamento | SC,PROFILE_AND_PAGE_ENGAGEMENT,CAMPAIGN_PAUSED,49.8,9226,5513,223,5.4,2.42,0.0,50.0
120243812986380716,AUTISMO - [ENGAJAMENTO] - INSTAGRAN R$50 01-05-2026,120242272123350716,CAMP | 2026 | Autismo | Engajamento | SC,THRUPLAY,CAMPAIGN_PAUSED,49.79,13084,12148,8,3.81,0.06,0.0,50.0
120225621583110716,"[Dark Story Autismo][Video View SC][Enquete][13/05/25][INSTR$50,00]",120214284225260716,CAMP | 2024 | Institucional | Engajamento | Brasil,POST_ENGAGEMENT,CAMPAIGN_PAUSED,49.78,8505,7108,31,5.85,0.36,0.0,50.0
120216391572670716,"[LIBERAR PEDAGIO][Video View SC][Visualização de video][13/02/25][INSTR$50,00]",120214284225260716,CAMP | 2024 | Institucional | Engajamento | Brasil,THRUPLAY,CAMPAIGN_PAUSED,49.75,8631,7946,14,5.76,0.16,0.0,50.0
120215770410980716,[JANEIRO GABINETE 34][Região Sul][R$50][INST][01/02/2025,120213903594780716,JFJ - [Engajamento][Video View][Aumentar Visualização de video][02/12/24],THRUPLAY,Not available,49.74,24094,22026,150,2.06,0.62,0.0,0.0
120229691268410716,[comofoi meu dia]Video View Brasil][14/07/25][INSTR$20,120214284225260716,CAMP | 2024 | Institucional | Engajamento | Brasil,THRUPLAY,Not available,49.7,6857,6857,11,7.25,0.16,0.0,0.0
120218973761960716,"[OVINOSC][Video View SC][Visualização de video][16/03/25][INSTR$50,00]",120214284225260716,CAMP | 2024 | Institucional | Engajamento | Brasil,THRUPLAY,CAMPAIGN_PAUSED,49.7,10005,9474,30,4.97,0.3,0.0,50.0
120218591021560716,"[autismo][Video View SC][Visualização de video][11/03/25][INSTR$50,00]",120214284225260716,CAMP | 2024 | Institucional | Engajamento | Brasil,THRUPLAY,CAMPAIGN_PAUSED,49.7,6892,6456,24,7.21,0.35,0.0,50.0
120241011323000716,"BANCO MASTER][Video View SC][Visualização de Feed][04/03/26][INSTR$50,00]",120216047481540716,CAMP | 2025 | Feed-Institucional | Engajamento | Tubarao,PROFILE_AND_PAGE_ENGAGEMENT,CAMPAIGN_PAUSED,49.68,8581,3726,175,5.79,2.04,0.0,50.0
120241178276450716,"BANCO MASTER[view][INSTAGRAN][R$50,00] 08/03/2026",120239970345540716,CAMP | 2026 | Institucional | Engajamento | AMUREL,THRUPLAY,CAMPAIGN_PAUSED,49.59,16452,14333,797,3.01,4.84,0.0,50.0
120215390985240716,[TUBARÃO][Região Sul][R$50][INST][24/01/2025,120213903594780716,JFJ - [Engajamento][Video View][Aumentar Visualização de video][02/12/24],THRUPLAY,Not available,49.5,13047,12706,58,3.79,0.44,0.0,0.0
120222533591220716,"[morro dos cavalosVideo View Brasil][08/04/24][INSTR$20,00] — Cópia",120214284225260716,CAMP | 2024 | Institucional | Engajamento | Brasil,THRUPLAY,CAMPAIGN_PAUSED,49.3,11014,10648,48,4.48,0.44,0.0,50.0
120245001378560716,EKITOl]Video View Brasil][20/05/25][INSTR$50,120214284225260716,CAMP | 2024 | Institucional | Engajamento | Brasil,THRUPLAY,CAMPAIGN_PAUSED,45.75,14263,13846,151,3.21,1.06,0.0,50.0
120242108411420716,"ENERGIA[Video View SC][Visualização de Feed][30/03/2026][INSTR$30,00]",120216047481540716,CAMP | 2025 | Feed-Institucional | Engajamento | Tubarao,PROFILE_AND_PAGE_ENGAGEMENT,CAMPAIGN_PAUSED,42.98,7636,5624,192,5.63,2.51,0.0,43.0
120239032107970716,"FIM DE ANO [View] [reels]R$50,00",120239032107950716,PEPE [2026][Visualização][Reels],PROFILE_VISIT,Not available,41.09,7516,6637,118,5.47,1.57,0.0,0.0
120236080393560716,"AMUREL [view][INSTAGRAN][R$30,00 06/11/2025",120216242475770716,CAMP | 2025 | Institucional | Engajamento | Tubarao,THRUPLAY,CAMPAIGN_PAUSED,39.0,3202,3094,12,12.18,0.37,0.0,39.0
120234684917080716,"DEMOCARCIA[view][INSTAGRAN][R$30,00 14/10/2025",120216242475770716,CAMP | 2025 | Institucional | Engajamento | Tubarao,THRUPLAY,CAMPAIGN_PAUSED,34.98,10627,9650,494,3.29,4.65,0.0,35.0
120233162413060716,"tubarao 25 anos [view][INSTAGRAN][R$30,00 16/09/2025",120216242475770716,CAMP | 2025 | Institucional | Engajamento | Tubarao,THRUPLAY,CAMPAIGN_PAUSED,34.98,10109,8964,89,3.46,0.88,0.0,35.0
120233161998460716,"sala sensorial[view][INSTAGRAN][R$30,00 16/09/2025",120216242475770716,CAMP | 2025 | Institucional | Engajamento | Tubarao,THRUPLAY,CAMPAIGN_PAUSED,34.98,7580,6432,67,4.61,0.88,0.0,35.0
120232930267670716,"7 de setembro[view][INSTAGRAN][R$30,00 31/08/2025",120216242475770716,CAMP | 2025 | Institucional | Engajamento | Tubarao,THRUPLAY,CAMPAIGN_PAUSED,34.97,6462,5471,120,5.41,1.86,0.0,35.0
120232930343300716,"BANDA LAGUNA[view][INSTAGRAN][R$30,00 31/08/2025",120216242475770716,CAMP | 2025 | Institucional | Engajamento | Tubarao,THRUPLAY,CAMPAIGN_PAUSED,34.95,5881,5535,17,5.94,0.29,0.0,35.0
120234684401060716,"CLUBE DE MAES [view][INSTAGRAN][R$30,00 14/10/2025",120216242475770716,CAMP | 2025 | Institucional | Engajamento | Tubarao,THRUPLAY,CAMPAIGN_PAUSED,34.94,10175,8637,46,3.43,0.45,0.0,35.0
120233923756520716,[japao e brasil]Video View Brasil][01/10/25][INSTR$34,120214284225260716,CAMP | 2024 | Institucional | Engajamento | Brasil,THRUPLAY,CAMPAIGN_PAUSED,34.0,7810,6759,108,4.35,1.38,0.0,34.0
120233751188770716,[japao ]Video View Brasil][28/09/25][INSTR$30,120214284225260716,CAMP | 2024 | Institucional | Engajamento | Brasil,THRUPLAY,CAMPAIGN_PAUSED,33.98,9918,9112,57,3.43,0.57,0.0,34.0
120233751780310716,[tubarão 12 de outubro]Video View Brasil][28/09/25][INSTR$30,120214284225260716,CAMP | 2024 | Institucional | Engajamento | Brasil,THRUPLAY,CAMPAIGN_PAUSED,33.95,6505,6200,22,5.22,0.34,0.0,34.0
120242624766530716,"autismo ][Video View SC][Visualização de Feed][10/04/26][INSTR$30,00]",120216047481540716,CAMP | 2025 | Feed-Institucional | Engajamento | Tubarao,PROFILE_AND_PAGE_ENGAGEMENT,Not available,32.9,4478,2835,172,7.35,3.84,0.0,0.0
120241422350950716,"BANCO MASTER- PRISÃO MANTIDA][Video View SC][Visualização de Feed][14/03/26][INSTR$30,00]",120216047481540716,CAMP | 2025 | Feed-Institucional | Engajamento | Tubarao,PROFILE_AND_PAGE_ENGAGEMENT,CAMPAIGN_PAUSED,32.9,8878,8640,1006,3.71,11.33,0.0,33.0
120240832472210716,"RIO RUFINO[view][INSTAGRAN][R$30,00] 18/03/2026",120239970345540716,CAMP | 2026 | Institucional | Engajamento | AMUREL,THRUPLAY,CAMPAIGN_PAUSED,32.88,5000,4425,25,6.58,0.5,0.0,33.0
120241581752950716,"OSCAR[view][INSTAGRAN][R$30,00] 18/03/2026",120239970345540716,CAMP | 2026 | Institucional | Engajamento | AMUREL,THRUPLAY,CAMPAIGN_PAUSED,32.85,11306,10541,13,2.91,0.11,0.0,33.0
120242625023360716,"AUTISMO - [ENGAJAMENTO] - INSTAGRAN R$30,00",120242272123350716,CAMP | 2026 | Autismo | Engajamento | SC,PROFILE_AND_PAGE_ENGAGEMENT,CAMPAIGN_PAUSED,31.93,3896,2700,97,8.2,2.49,0.0,32.0
120229822033190716,[comofoi meu dia]Video View Brasil][14/07/25][INSTR$30,120214284225260716,CAMP | 2024 | Institucional | Engajamento | Brasil,THRUPLAY,CAMPAIGN_PAUSED,30.0,3620,3455,11,8.29,0.3,0.0,30.0
120222255351570716,"MORRO DOS CAVALOS][Video View SC][Visualização de Feed][07/04/25][INSTR$20,00]",120216047481540716,CAMP | 2025 | Feed-Institucional | Engajamento | Tubarao,POST_ENGAGEMENT,Not available,30.0,6075,5615,29,4.94,0.48,0.0,0.0
120219641228300716,"LAJEADO[Video View REGIAO][Visualização de video][24/03/24][INSTR$50,00]",120213903594780716,JFJ - [Engajamento][Video View][Aumentar Visualização de video][02/12/24],THRUPLAY,Not available,30.0,8857,8113,21,3.39,0.24,0.0,0.0
120226984511790716,[camerata]Video View Brasil][31/05/25][INSTR$30,120214284225260716,CAMP | 2024 | Institucional | Engajamento | Brasil,THRUPLAY,CAMPAIGN_PAUSED,29.99,6455,6374,21,4.65,0.33,0.0,30.0
120226984571310716,[camerata]Video View Brasil][31/05/25][INSTR$30,120214284225260716,CAMP | 2024 | Institucional | Engajamento | Brasil,THRUPLAY,CAMPAIGN_PAUSED,29.97,9749,9510,35,3.07,0.36,0.0,30.0
120221380830050716,"[autismo][Video View SC][Visualização de video][02/04/25][INSTR$30,00]",120214284225260716,CAMP | 2024 | Institucional | Engajamento | Brasil,THRUPLAY,CAMPAIGN_PAUSED,29.97,4095,3948,14,7.32,0.34,0.0,30.0
120222254435280716,"[MORRO DOS CAVALOS][Video View REGIAO][07/04/25][INSTR$30,00]",120213903594780716,JFJ - [Engajamento][Video View][Aumentar Visualização de video][02/12/24],THRUPLAY,Not available,29.96,10507,10160,72,2.85,0.69,0.0,0.0
120225070228200716,"[TRUMP][Video View ][Visualização de video][04/05/25][INSTR$30,00]",120214284225260716,CAMP | 2024 | Institucional | Engajamento | Brasil,THRUPLAY,CAMPAIGN_PAUSED,29.94,6695,6630,24,4.47,0.36,0.0,30.0
120242625196970716,"AUTISMO - [ENGAJAMENTO] - INSTAGRAN R$30,00 10-04-2026",120242272123350716,CAMP | 2026 | Autismo | Engajamento | SC,PROFILE_AND_PAGE_ENGAGEMENT,CAMPAIGN_PAUSED,29.92,6121,5227,218,4.89,3.56,0.0,30.0
120217872415750716,"[CCR][Video View REGIAO][Visualização de video][11/02/24][INSTR$50,00] — Cópia — Cópia",120213903594780716,JFJ - [Engajamento][Video View][Aumentar Visualização de video][02/12/24],THRUPLAY,Not available,29.92,7999,7055,15,3.74,0.19,0.0,0.0
120221379908960716,"[cENSO SERETA][Video View Brasil][Visualização de video][02/04/25][INSTR$30,00",120214284225260716,CAMP | 2024 | Institucional | Engajamento | Brasil,THRUPLAY,CAMPAIGN_PAUSED,29.88,5919,5888,13,5.05,0.22,0.0,30.0
120228235738500716,[civismo]Video View Brasil][17/06/25][INSTR$30,120214284225260716,CAMP | 2024 | Institucional | Engajamento | Brasil,THRUPLAY,CAMPAIGN_PAUSED,29.8,4321,4075,14,6.9,0.32,0.0,30.0
120241645896280716,"JACINTO MACHADO[view][INSTAGRAN][R$30,00] 20/03/2026",120239970345540716,CAMP | 2026 | Institucional | Engajamento | AMUREL,THRUPLAY,CAMPAIGN_PAUSED,29.66,4492,4105,10,6.6,0.22,0.0,30.0
120232686826560716,"7 DE SETEMBRO [TER DEOUTADO NAREGIÃO][POST FEED TUBARÃP][Visualização de Feed][06/09/25][INSTR$30,00]",120216047481540716,CAMP | 2025 | Feed-Institucional | Engajamento | Tubarao,POST_ENGAGEMENT,Not available,29.56,2894,2267,141,10.21,4.87,0.0,0.0
120226778433190716,"[Dark Story Aniversario Tubarão][Video View SC][27/05/25][INSTR$50,00]",120214284225260716,CAMP | 2024 | Institucional | Engajamento | Brasil,POST_ENGAGEMENT,CAMPAIGN_PAUSED,28.99,3800,3269,8,7.63,0.21,0.0,30.0
120247804125870716,TUBARAO +JAGUA,120246784137180716,CAMP | 2026 | Institucional | Reconhecimento | SC,THRUPLAY,PAUSED,28.57,6628,5831,191,4.31,2.88,0.0,100.0
120245309094000716,"BRACO DO NORTE[ VISUALIZAÇÃO INSTA] [25-05-2026 R$ 70,00",120240075562730716,CAMP | 2026 | Institucional | Engajamento | SC,THRUPLAY,CAMPAIGN_PAUSED,19.79,5531,5227,61,3.58,1.1,0.0,70.0
120216701643950716,"FEED-PEPE COLLAÇÕ][Video View SC][Visualização de Feed][18/02/25][INSTR$20,00] — Cópia",120216047481540716,CAMP | 2025 | Feed-Institucional | Engajamento | Tubarao,POST_ENGAGEMENT,Not available,19.78,1826,1433,8,10.83,0.44,0.0,0.0
120217155103910716,"[CCR][Video View REGIAO][Visualização de video][11/02/24][INSTR$50,00] — Cópia",120213903594780716,JFJ - [Engajamento][Video View][Aumentar Visualização de video][02/12/24],THRUPLAY,Not available,18.0,4108,4095,15,4.38,0.37,0.0,0.0
120216702817970716,"[Story Enquete][Video View SC][Visualização de video][18/02/25][INSTR$20,00]",120214284225260716,CAMP | 2024 | Institucional | Engajamento | Brasil,POST_ENGAGEMENT,CAMPAIGN_PAUSED,17.94,3620,3381,24,4.96,0.66,0.0,18.0
120228099277170716,[civismo]Video View Brasil][15/06/25][INSTR$30,120214284225260716,CAMP | 2024 | Institucional | Engajamento | Brasil,THRUPLAY,Not available,11.49,1758,1698,5,6.54,0.28,0.0,0.0
120216047481550716,"FEED-[CCJ PEPE COLLAÇÕ][Video View SC][Visualização de Feed][08/02/25][INSTR$50,00]",120216047481540716,CAMP | 2025 | Feed-Institucional | Engajamento | Tubarao,POST_ENGAGEMENT,Not available,6.64,614,563,7,10.81,1.14,0.0,0.0
120243920324010716,"SERÁ?[view][INSTAGRAN][R$140,00 03/05/2026",120216242475770716,CAMP | 2025 | Institucional | Engajamento | Tubarao,THRUPLAY,PAUSED,1.14,334,334,2,3.41,0.6,0.0,150.0
