n,adset_id,adset_name,orcamento_brl,ig_media_id,permalink,geo
1,120248617624970716,"01 JUNTOS, FAZENDO HISTORIA[ALCANCE INSTA][TUBARAO][R$50,00 26/07/2026]",50.0,18141990559370077,https://www.instagram.com/reel/DFL8Pc3OCle/,Tubarão
2,120248617627190716,"02 INVESTIMENTO QUE TRANSFORMA[ALCANCE INSTA][ITUPORANGA][R$50,00 26/07/2026]",50.0,18000978434934061,https://www.instagram.com/reel/DXxPuwKhZLj/,Ituporanga
3,120248617629280716,"03 O PAU QUE ROLA NAS REDES[ALCANCE INSTA][TUBARAO][R$50,00 26/07/2026]",50.0,18075091364539833,https://www.instagram.com/reel/DWemlKZkQn7/,Tubarão
4,120248617637550716,"04 MORRO DA FUMACA AVANCANDO[ALCANCE INSTA][MORRO DA FUMACA][R$50,00 26/07/2026]",50.0,18067300955362165,https://www.instagram.com/reel/DYX79IHOOxS/,Morro da Fumaça
7,120248617640850716,"07 ENTREGA QUE VALORIZA QUEM CUIDA[ALCANCE INSTA][NOVA VENEZA][R$50,00 26/07/2026]",50.0,17899687746225672,https://www.instagram.com/reel/DUG-karAWrd/,Nova Veneza
9,120248617645440716,"09 AGRO MAIS FORTE[ALCANCE INSTA][BRACO DO NORTE][R$50,00 26/07/2026]",50.0,18092955907708305,https://www.instagram.com/reel/DOOeN2DDeiD/,Braço do Norte
10,120248617650390716,"10 PAULO LOPES[ALCANCE INSTA][PAULO LOPES][R$50,00 26/07/2026]",50.0,18032154944216008,https://www.instagram.com/reel/DEpxifCpts_/,Paulo Lopes
11,120248617653570716,"11 VINCULO TAMBEM ENSINA[ALCANCE INSTA][PUBLICO AUTISMO - REGIAO][R$50,00 26/07/2026]",50.0,18076342364419956,https://www.instagram.com/reel/DVzNyB_gEee/,Autismo/SC
13,120248617655670716,"13 DADOS DOS AUTISTAS EM SC[ALCANCE INSTA][PUBLICO AUTISMO - REGIAO][R$50,00 26/07/2026]",50.0,17919435150095663,https://www.instagram.com/reel/DKh0aG-RXU5/,Autismo/SC
14,120248617662650716,"14 ABRINDO CAMINHO[ALCANCE INSTA][TUBARAO][R$50,00 26/07/2026]",50.0,17863830918633197,https://www.instagram.com/reel/DZnWAjJhOVa/,Tubarão
19,120248617666450716,"19 NOS CHEGAMOS EM GRAVATAL[ALCANCE INSTA][GRAVATAL][R$50,00 26/07/2026]",50.0,18295538335172330,https://www.instagram.com/reel/DHwakBvpDEZ/,Gravatal
23,120248617669740716,"23 MAIS UMA OBRA PRA VALER[ALCANCE INSTA][TUBARAO][R$50,00 26/07/2026]",50.0,17943495918054730,https://www.instagram.com/reel/DPEqxayjGmo/,Tubarão
24,120248617672140716,"24 RESULTADO QUE APARECE[ALCANCE INSTA][ITUPORANGA][R$50,00 26/07/2026]",50.0,18113246866764507,https://www.instagram.com/reel/DXPmqjdkRsv/,Ituporanga
30,120248617673390716,"30 MAIS PAVIMENTACAO MAIS QUALIDADE DE VIDA[ALCANCE INSTA][A CONFIRMAR][R$50,00 26/07/2026]",50.0,18088439765520125,https://www.instagram.com/reel/DW9LIjfgFbP/,A confirmar
31,120248617675440716,"31 SEGURANCA QUE FICA PARA O FUTURO[ALCANCE INSTA][A CONFIRMAR][R$50,00 26/07/2026]",50.0,18080731637642171,https://www.instagram.com/reel/DZayE7cAE8M/,A confirmar
32,120248617677870716,"32 AUTISMO E PRIORIDADE[ALCANCE INSTA][PUBLICO AUTISMO - REGIAO][R$50,00 26/07/2026]",50.0,18168561904411390,https://www.instagram.com/reel/DXKkyJECden/,Autismo/SC
33,120248617680220716,"33 DESENVOLVIMENTO QUE CHEGA NA PONTA[ALCANCE INSTA][ORLEANS][R$50,00 26/07/2026]",50.0,17936072847211722,https://www.instagram.com/reel/DXU6Z_DAQ_z/,Orleans
34,120248617684260716,"34 MAIS INVESTIMENTO NO CAMPO[ALCANCE INSTA][A CONFIRMAR][R$50,00 26/07/2026]",50.0,FALTANDO,FALTANDO,A CONFIRMAR
35,120248617685920716,"35 PAULO LOPES FAZ E FAZ RAPIDO[ALCANCE INSTA][PAULO LOPES][R$50,00 26/07/2026]",50.0,FALTANDO,FALTANDO,A CONFIRMAR
36,120248617687460716,"36 CARRO NOVO PARA CAPIVARI DE BAIXO[ALCANCE INSTA][CAPIVARI DE BAIXO][R$50,00 26/07/2026]",50.0,18054955535416618,https://www.instagram.com/reel/DUbUjoyiahu/,Capivari de Baixo
37,120248617688680716,"37 MAIS UMA RUA ASFALTADA[ALCANCE INSTA][A CONFIRMAR][R$50,00 26/07/2026]",50.0,18095148865659818,https://www.instagram.com/reel/DOluzWuAPl3/,A confirmar
38,120248617696430716,"38 INVESTIMENTO QUE TRANSFORMA[ALCANCE INSTA][PUBLICO AUTISMO - REGIAO][R$50,00 26/07/2026]",50.0,18094544249017782,https://www.instagram.com/reel/DWlyjIAgJDv/,Autismo/SC
39,120248617697450716,"39 PE NA ESTRADA[ALCANCE INSTA][GRAO-PARA][R$50,00 26/07/2026]",50.0,17912372448156314,https://www.instagram.com/reel/DMsg6UbuqM5/,Grão-Pará
40,120248617700360716,"40 TUBARAO EM OBRAS[ALCANCE INSTA][TUBARAO][R$50,00 26/07/2026]",50.0,18089194139530978,https://www.instagram.com/reel/DallnYmORzx/,Tubarão
42,120248617703150716,"42 RIO FORTUNA[ALCANCE INSTA][RIO FORTUNA][R$50,00 26/07/2026]",50.0,17915058927061181,https://www.instagram.com/reel/DFVcfQ7uRFI/,Rio Fortuna
44,120248617706430716,"44 OBRA QUE TRANSFORMA VIDAS EM ICARA[ALCANCE INSTA][ICARA][R$50,00 26/07/2026]",50.0,17905623456185498,https://www.instagram.com/reel/DUVuUh_gCd0/,Içara
45,120248617707990716,"45 ONDE A DONA ALZA FALOU TA FALADO[ALCANCE INSTA][GRAVATAL][R$50,00 26/07/2026]",50.0,17864449188629223,https://www.instagram.com/reel/DY72zyzOl2L/,A confirmar
48,120248617711520716,"48 A MELHOR COISA QUE TEM - OBRA PRONTA[ALCANCE INSTA][GRAVATAL][R$50,00 26/07/2026]",50.0,17948534988089425,https://www.instagram.com/reel/DTsZKEEgHwo/,Gravatal
49,120248617712920716,"49 RIO FORTUNA SEGUE AVANCANDO[ALCANCE INSTA][RIO FORTUNA][R$50,00 26/07/2026]",50.0,18153553147427809,https://www.instagram.com/reel/DT2e9D7gLOL/,Rio Fortuna
52,120248617714590716,"52 MAIS QUALIDADE DE VIDA[ALCANCE INSTA][BRACO DO NORTE][R$50,00 26/07/2026]",50.0,17897901354450290,https://www.instagram.com/reel/DYpVlVOAFlj/,Braço do Norte
53,120248617717670716,"53 AUTISMO E PRIORIDADE - AMA RIO RUFINO[ALCANCE INSTA][RIO RUFINO][R$50,00 26/07/2026]",50.0,18110509987759914,https://www.instagram.com/reel/DV6jzptANP3/,Rio Rufino
55,120248617721350716,"55 AUTISMO[ALCANCE INSTA][PUBLICO AUTISMO - REGIAO][R$50,00 26/07/2026]",50.0,17933329614215534,https://www.instagram.com/reel/DXFXtFciYUT/,Autismo/SC
56,120248617733910716,"56 INVESTIMENTO QUE CHEGA NA PONTA[ALCANCE INSTA][PRESIDENTE NEREU][R$50,00 26/07/2026]",50.0,18101691781783751,https://www.instagram.com/reel/DXfY_UJADqI/,Presidente Nereu
