ig_media_id,data,tipo,curtidas,comentarios,engajamento,autismo,legenda,permalink
18611403190012312,2026-07-16,REELS,30,2,32,,Mais um avanço para a saúde de Painel! 🏥 ✅ Novo aparel,https://www.instagram.com/reel/Da3gGS_PaCw/
18051804830535729,2026-07-15,FEED,93,9,102,,🚧 A SOLUÇÃO QUE O SUL DE SC PRECISA A interdição da Po,https://www.instagram.com/p/Da09rj3oIHb/
18078590954676013,2026-07-14,REELS,165,28,193,,"INFRAESTRUTURA É PRIORIDADE! 🚧 Santa Catarina cresce, ",https://www.instagram.com/reel/DayZRJateKd/
17946235716035830,2026-07-13,FEED,108,19,127,,O TRABALHO NÃO PARA NEM NO ANIVERSÁRIO! 🎉 Hoje é dia d,https://www.instagram.com/p/DawFfJXNj--/
18179658466375096,2026-07-10,FEED,101,2,103,,Vai uma cuca quentinha aí? 😋 A FEAGRO já está moviment,https://www.instagram.com/p/DaoHcxAJg_X/
18089194139530978,2026-07-09,REELS,106,24,130,,"TUBARÃO EM OBRAS 🚧 Trabalho duro, resultado aparecendo",https://www.instagram.com/reel/DallnYmORzx/
17973431757097511,2026-07-06,REELS,96,16,112,,"UNIFORME É DIGNIDADE! 🧥📚 Em Painel, tivemos a alegria",https://www.instagram.com/reel/Dadyg4DpJ2-/
18183538927399764,2026-07-06,REELS,0,0,0,,"DOI VER ISSO… 🇧🇷💔 Hoje, a eliminação para a Noruega ",https://www.instagram.com/reel/Dabo4HKt1Yn/
17874414273528951,2026-07-05,FEED,232,14,246,,"NOSSA MANU, 12 ANOS! 🎉💙 Gratidão por celebrar a tua v",https://www.instagram.com/p/Daa_GhDJKyY/
18599032210057653,2026-07-05,REELS,162,21,183,,É GOLAÇO PARA MORRO DA FUMAÇA! ⚽🇧🇷 Em dia de jogo da ,https://www.instagram.com/reel/DaaZdM-AVlQ/
18021265124687162,2026-07-02,FEED,79,12,91,,"🏆 COMO NA COPA, ANTES DA DECISÃO, TEM A CLASSIFICAÇÃO.",https://www.instagram.com/p/DaTYV77iV-C/
18094428545344007,2026-06-30,REELS,182,8,190,,EM CLIMA DE COPA O ESPORTE MERECE ESTRUTURA! ⚽🔥 Quem v,https://www.instagram.com/reel/DaOGeN9pl4L/
17876025393505372,2026-06-29,FEED,139,3,142,,Rumo às oitavas com a nossa seleção! Que venha mais uma,https://www.instagram.com/p/DaLk7GBJN1h/
18103664563847547,2026-06-29,REELS,172,23,195,,SANTA CATARINA MERECE RESPEITO! 👊🇧🇷 Santa Catarina é,https://www.instagram.com/reel/DaK_pNiAD9b/
17895087366481685,2026-06-28,REELS,764,32,796,,A BARRA DO CAMACHO PRECISA DE SOLUÇÃO! 🌊 O problema da,https://www.instagram.com/reel/DaIYzmCga4k/
18209086777343526,2026-06-27,REELS,68,0,68,,BRASIL UNIDO 🇧🇷 Como é bom ver os brasileiros unidos ,https://www.instagram.com/reel/DaGkjRtwaTX/
18115462960677247,2026-06-25,REELS,81,4,85,,"MENOS CONTA, MAIS SAÚDE! ☀️🏥 Imagine transformar o gas",https://www.instagram.com/reel/DaBaTfRJPmA/
18072390290361291,2026-06-24,FEED,77,2,79,,"FORÇA, RAÍZES E EXCELÊNCIA Três mulheres. Três história",https://www.instagram.com/p/DZ_LMJBjW0M/
17862008265649774,2026-06-23,REELS,195,11,206,,"FIM DA ESPERA! 🌉✅ Depois de mais de 20 anos de espera,",https://www.instagram.com/reel/DZ7sV1TgI_m/
17976995463024359,2026-06-22,REELS,69,8,77,,QUE HONRA! ✨🚀 Cidade que me acolhe e me relembra os va,https://www.instagram.com/reel/DZ5svByBpuC/
18044851532787271,2026-06-21,FEED,149,25,174,,FOI LINDO! ✨🚀 Mais de 400 lideranças de todas as regiõ,https://www.instagram.com/p/DZ2lzp1ADtR/
18119722759752639,2026-06-19,REELS,95,8,103,,O BRASIL ENTRA EM CAMPO. QUEM GANHA É A NOSSA REGIÃO 🇧,https://www.instagram.com/reel/DZxrSvfMEvq/
17930958552101291,2026-06-18,FEED,243,26,269,,Hoje é um dia de gratidão e orgulho. Receber o Título H,https://www.instagram.com/p/DZvq12pAzO1/
18083640998403325,2026-06-18,REELS,270,50,320,,🔥 FORÇA. UNIÃO. RESULTADOS. Que noite especial! Mais d,https://www.instagram.com/reel/DZtNrd1tou9/
17863830918633197,2026-06-15,REELS,256,28,284,,ABRINDO CAMINHO! 🚧 Uma obra que representa muito mais ,https://www.instagram.com/reel/DZnWAjJhOVa/
18057262370732085,2026-06-13,REELS,116,9,125,,MEU PALPITE TÁ AÍ! 🇧🇷 O Brasil entra em campo… e aqui,https://www.instagram.com/reel/DZiTR5cu6-s/
18080731637642171,2026-06-10,REELS,149,7,156,,🚒 SEGURANÇA QUE FICA PARA O FUTURO Mais uma importante,https://www.instagram.com/reel/DZayE7cAE8M/
18365618287224538,2026-06-08,REELS,138,8,146,,🏗️💙 MAIS ESPAÇO. MAIS INCLUSÃO. MAIS FUTURO. As novas,https://www.instagram.com/reel/DZVXanCP3zk/
18078062003399096,2026-06-07,FEED,190,9,199,,🎉🌽 TEMPO DE FESTA JUNINA! Chegou uma das épocas mais ,https://www.instagram.com/p/DZSpoECPRhN/
18075823358669442,2026-06-04,REELS,279,21,300,,🍝🇮🇹 LA BELLA POLENTA! 🇮🇹🍝 Tem sabores que aliment,https://www.instagram.com/reel/DZK3rAIAXMM/
17898516051305004,2026-06-01,REELS,595,37,632,,🇧🇷 O BRASIL PRECISA VOLTAR A ENSINAR VALORES Estamos ,https://www.instagram.com/reel/DZDNYkdgMZL/
18140189095472938,2026-05-30,FEED,178,16,194,,JUDÔ E VALORES 🥋❤️ O esporte ensina muito mais do que ,https://www.instagram.com/p/DY946lRgCGN/
17864449188629223,2026-05-29,REELS,102,5,107,,"ONDE A DONA ALZA FALOU, TÁ FALADO! 🚜🛣️ Mais uma conqu",https://www.instagram.com/reel/DY72zyzOl2L/
18591510112014083,2026-05-28,REELS,989,21,1010,,"Feliz aniversário, Tubarão! 💙 São 156 anos de uma cida",https://www.instagram.com/reel/DY3I1OGMHrm/
18108383446913089,2026-05-27,FEED,63,7,70,,156 anos de uma cidade feita por gente forte. ❤️ Tubarã,https://www.instagram.com/p/DY130ZBAG5i/
18065478617342975,2026-04-27,REELS,138,22,160,sim,AUTISMO E IPVA: UM DIREITO QUE MUITA GENTE AINDA NÃO SA,https://www.instagram.com/reel/DXpg2Nqgewx/
18006979136715125,2026-04-22,FEED,42,6,48,sim,AUTISMO NÃO É TUDO IGUAL 🧩💙 Você sabia que existem ní,https://www.instagram.com/p/DXcscZTALQ3/
18168561904411390,2026-04-15,REELS,134,16,150,sim,AUTISMO É PRIORIDADE 💙 Todo pai e toda mãe de uma cria,https://www.instagram.com/reel/DXKkyJECden/
17933329614215534,2026-04-13,REELS,74,11,85,sim,AUTISMO 🧩,https://www.instagram.com/reel/DXFXtFciYUT/
18117306994636956,2026-04-11,FEED,73,8,81,sim,AUTISMO E O PAPEL DO PAI 🧩 A ciência começa a mostrar ,https://www.instagram.com/p/DXAXQawkeNH/
18405435850181700,2026-04-08,FEED,58,14,72,sim,AUTISMO É PRIORIDADE 💙 Abril é o mês de conscientizaçã,https://www.instagram.com/p/DW4OzcjAOBh/
18094544249017782,2026-04-01,REELS,105,29,134,sim,"INVESTIMENTO QUE TRANSFORMA 🧩 No mês do Abril Azul, re",https://www.instagram.com/reel/DWlyjIAgJDv/
18110509987759914,2026-03-15,REELS,87,9,96,sim,AUTISMO É PRIORIDADE 💙 Participei da inauguração da AM,https://www.instagram.com/reel/DV6jzptANP3/
18076342364419956,2026-03-12,REELS,269,37,306,sim,VÍNCULO TAMBÉM ENSINA 💙 Uma criança com autismo não pr,https://www.instagram.com/reel/DVzNyB_gEee/
18214791166308873,2025-11-08,FEED,92,9,101,sim,•• O Censo do Autismo não é estatística — é dignidade! ,https://www.instagram.com/p/DQzrj1lEQ6N/
17873745141441769,2025-10-27,FEED,60,6,66,sim,CIÊNCIA AVANÇA NO ENTENDIMENTO DO AUTISMO 🧠🧬 Pesquisa,https://www.instagram.com/p/DQUq0ovAboT/
17940237614938408,2025-09-12,REELS,192,17,209,sim,INCLUSÃO QUE FAZ A DIFERENÇA! 🧩 Uma sala sensorial tra,https://www.instagram.com/reel/DOgD7NZgMO6/
18046241630204994,2025-06-18,REELS,137,25,162,sim,"AUTISMO É PRIORIDADE! 💙 O autismo não tem cara, mas te",https://www.instagram.com/reel/DLDi5nQJRd6/
17919435150095663,2025-06-05,REELS,257,29,286,sim,📊 DADOS DOS AUTISTAS EM SC! 🧩 A apresentação do @ibge,https://www.instagram.com/reel/DKh0aG-RXU5/
17858706549405553,2025-04-22,FEED,105,12,117,sim,ABRIL AZUL 🩵 Defendendo o autismo por mais inclusão!,https://www.instagram.com/p/DIw7aPjJaLp/
18073214578668233,2025-04-01,FEED,151,22,173,sim,AUTISMO DEFENDIDO COM AÇÕES! 🧩👊 Cada pessoa autista t,https://www.instagram.com/p/DH5-3xUOghS/
18026979665380794,2025-03-10,REELS,226,50,276,sim,MANDE SUA IDEIA EM DEFESA DO AUTISMO! 🧩 Conheça nossas,https://www.instagram.com/reel/DHBrCX9OzTu/
17910546135064965,2025-01-08,REELS,193,25,218,sim,AUTISMO: PROJETO DO CENSO É PIONEIRO! 🧩 Nossa iniciati,https://www.instagram.com/reel/DElL-s4pqc7/
18073041133620917,2024-12-02,REELS,169,16,185,sim,"AUTISMO, eu defendo! 🧩💙 🚨 Conquistas que transformam",https://www.instagram.com/reel/DDFTmWEpgM_/
18046968611099018,2024-11-01,REELS,194,28,222,sim,UM CENSO DE AUTISMO 🧩 Um passo essencial para garantir,https://www.instagram.com/reel/DB1-NSZyG0d/
17902597562991876,2024-06-05,FEED,48,3,51,sim,PASSANDO PRA AVISAR 🗣️ Que o seminário estadual Autism,https://www.instagram.com/p/C72bUaUuW3T/
17970293516602549,2024-05-20,FEED,106,10,116,,INSCRIÇÕES ESTÃO ABERTAS! 💥🧩 Seminário Estadual de Au,https://www.instagram.com/p/C7NMjd0uTPu/
18025551596497631,2024-05-06,REELS,122,10,132,sim,Casa dos Autistas de Agrolândia! 🧩 Um trabalho lindo e,https://www.instagram.com/reel/C6pQ6rXuwqz/
18125078173343512,2024-04-16,REELS,118,12,130,sim,À DEDICAÇÃO DAS FEAMAS COM AS PESSOAS COM TEA! 👏 É iss,https://www.instagram.com/reel/C5zVVn8OEuf/
17918819336873002,2024-04-02,REELS,228,26,254,sim,EU DEFENDO O AUTISMO E VOCÊ? 🧩 Essa pauta é uma das mi,https://www.instagram.com/reel/C5Q9xM6uj11/
